time,V(vac),V(n_l),I(Vac),I(L1)
0.000000000e+00,0.000000000e+00,0.000000000e+00,-0.000000000e+00,0.000000000e+00
1.000000000e-07,3.139525976e-01,3.138741291e-01,-1.569370646e-04,1.569370646e-04
2.000000000e-07,6.266661678e-01,6.263526426e-01,-6.270504504e-04,6.270504504e-04
3.000000000e-07,9.369065729e-01,9.362024089e-01,-1.408327976e-03,1.408327976e-03
4.000000000e-07,1.243449436e+00,1.242200671e+00,-2.497529516e-03,2.497529516e-03
5.000000000e-07,1.545084972e+00,1.543139872e+00,-3.890199788e-03,3.890199788e-03
6.000000000e-07,1.840622763e+00,1.837832420e+00,-5.580685934e-03,5.580685934e-03
7.000000000e-07,2.128896458e+00,2.125115378e+00,-7.562159833e-03,7.562159833e-03
8.000000000e-07,2.408768371e+00,2.403855048e+00,-9.826645046e-03,9.826645046e-03
9.000000000e-07,2.679133975e+00,2.672951451e+00,-1.236504830e-02,1.236504830e-02
1.000000000e-06,2.938926261e+00,2.931342664e+00,-1.516719535e-02,1.516719535e-02
1.100000000e-06,3.187119949e+00,3.178009013e+00,-1.822187119e-02,1.822187119e-02
1.200000000e-06,3.422735530e+00,3.411977098e+00,-2.151686425e-02,2.151686425e-02
1.300000000e-06,3.644843137e+00,3.632323630e+00,-2.503901461e-02,2.503901461e-02
1.400000000e-06,3.852566214e+00,3.838179081e+00,-2.877426597e-02,2.877426597e-02
1.500000000e-06,4.045084972e+00,4.028731111e+00,-3.270772106e-02,3.270772106e-02
1.600000000e-06,4.221639628e+00,4.203227777e+00,-3.682370051e-02,3.682370051e-02
1.700000000e-06,4.381533400e+00,4.360980498e+00,-4.110580464e-02,4.110580464e-02
1.800000000e-06,4.524135262e+00,4.501366773e+00,-4.553697828e-02,4.553697828e-02
1.900000000e-06,4.648882429e+00,4.623832640e+00,-5.009957799e-02,5.009957799e-02
2.000000000e-06,4.755282581e+00,4.727894861e+00,-5.477544174e-02,5.477544174e-02
2.100000000e-06,4.842915806e+00,4.813142825e+00,-5.954596058e-02,5.954596058e-02
2.200000000e-06,4.911436254e+00,4.879240178e+00,-6.439215208e-02,6.439215208e-02
2.300000000e-06,4.960573507e+00,4.925926139e+00,-6.929473524e-02,6.929473524e-02
2.400000000e-06,4.990133642e+00,4.953016539e+00,-7.423420658e-02,7.423420658e-02
2.500000000e-06,5.000000000e+00,4.960404541e+00,-7.919091712e-02,7.919091712e-02
2.600000000e-06,4.990133642e+00,4.948061067e+00,-8.414514992e-02,8.414514992e-02
2.700000000e-06,4.960573507e+00,4.916034908e+00,-8.907719791e-02,8.907719791e-02
2.800000000e-06,4.911436254e+00,4.864452533e+00,-9.396744163e-02,9.396744163e-02
2.900000000e-06,4.842915806e+00,4.793517592e+00,-9.879642669e-02,9.879642669e-02
3.000000000e-06,4.755282581e+00,4.703510111e+00,-1.035449405e-01,1.035449405e-01
3.100000000e-06,4.648882429e+00,4.594785385e+00,-1.081940883e-01,1.081940883e-01
3.200000000e-06,4.524135262e+00,4.467772579e+00,-1.127253673e-01,1.127253673e-01
3.300000000e-06,4.381533400e+00,4.322973030e+00,-1.171207401e-01,1.171207401e-01
3.400000000e-06,4.221639628e+00,4.160958275e+00,-1.213627057e-01,1.213627057e-01
3.500000000e-06,4.045084972e+00,3.982367787e+00,-1.254343688e-01,1.254343688e-01
3.600000000e-06,3.852566214e+00,3.787906461e+00,-1.293195059e-01,1.293195059e-01
3.700000000e-06,3.644843137e+00,3.578341822e+00,-1.330026300e-01,1.330026300e-01
3.800000000e-06,3.422735530e+00,3.354501004e+00,-1.364690514e-01,1.364690514e-01
3.900000000e-06,3.187119949e+00,3.117267481e+00,-1.397049357e-01,1.397049357e-01
4.000000000e-06,2.938926261e+00,2.867577582e+00,-1.426973582e-01,1.426973582e-01
4.100000000e-06,2.679133975e+00,2.606416797e+00,-1.454343554e-01,1.454343554e-01
4.200000000e-06,2.408768371e+00,2.334815885e+00,-1.479049717e-01,1.479049717e-01
4.300000000e-06,2.128896458e+00,2.053846806e+00,-1.500993031e-01,1.500993031e-01
4.400000000e-06,1.840622763e+00,1.764618496e+00,-1.520085357e-01,1.520085357e-01
4.500000000e-06,1.545084972e+00,1.468272481e+00,-1.536249812e-01,1.536249812e-01
4.600000000e-06,1.243449436e+00,1.165978382e+00,-1.549421067e-01,1.549421067e-01
4.700000000e-06,9.369065729e-01,8.589292927e-01,-1.559545605e-01,1.559545605e-01
4.800000000e-06,6.266661678e-01,5.483370710e-01,-1.566581937e-01,1.566581937e-01
4.900000000e-06,3.139525976e-01,2.354275596e-01,-1.570500760e-01,1.570500760e-01
5.000000000e-06,1.124965633e-14,-7.856425383e-02,-1.571285077e-01,1.571285077e-01
5.100000000e-06,-3.139525976e-01,-3.923991106e-01,-1.568930260e-01,1.568930260e-01
5.200000000e-06,-6.266661678e-01,-7.048383714e-01,-1.563444072e-01,1.563444072e-01
5.300000000e-06,-9.369065729e-01,-1.014648905e+00,-1.554846636e-01,1.554846636e-01
5.400000000e-06,-1.243449436e+00,-1.320607953e+00,-1.543170352e-01,1.543170352e-01
5.500000000e-06,-1.545084972e+00,-1.621507960e+00,-1.528459772e-01,1.528459772e-01
5.600000000e-06,-1.840622763e+00,-1.916161335e+00,-1.510771426e-01,1.510771426e-01
5.700000000e-06,-2.128896458e+00,-2.203405137e+00,-1.490173593e-01,1.490173593e-01
5.800000000e-06,-2.408768371e+00,-2.482105672e+00,-1.466746039e-01,1.466746039e-01
5.900000000e-06,-2.679133975e+00,-2.751162960e+00,-1.440579696e-01,1.440579696e-01
6.000000000e-06,-2.938926261e+00,-3.009515077e+00,-1.411776306e-01,1.411776306e-01
6.100000000e-06,-3.187119949e+00,-3.256142350e+00,-1.380448019e-01,1.380448019e-01
6.200000000e-06,-3.422735530e+00,-3.490071377e+00,-1.346716950e-01,1.346716950e-01
6.300000000e-06,-3.644843137e+00,-3.710378872e+00,-1.310714699e-01,1.310714699e-01
6.400000000e-06,-3.852566214e+00,-3.916195305e+00,-1.272581828e-01,1.272581828e-01
6.500000000e-06,-4.045084972e+00,-4.106708337e+00,-1.232467310e-01,1.232467310e-01
6.600000000e-06,-4.221639628e+00,-4.281166024e+00,-1.190527938e-01,1.190527938e-01
6.700000000e-06,-4.381533400e+00,-4.438879786e+00,-1.146927709e-01,1.146927709e-01
6.800000000e-06,-4.524135262e+00,-4.579227121e+00,-1.101837174e-01,1.101837174e-01
6.900000000e-06,-4.648882429e+00,-4.701654068e+00,-1.055432768e-01,1.055432768e-01
7.000000000e-06,-4.755282581e+00,-4.805677387e+00,-1.007896111e-01,1.007896111e-01
7.100000000e-06,-4.842915806e+00,-4.890886470e+00,-9.594132918e-02,9.594132918e-02
7.200000000e-06,-4.911436254e+00,-4.956944960e+00,-9.101741346e-02,9.101741346e-02
7.300000000e-06,-4.960573507e+00,-5.003592079e+00,-8.603714494e-02,8.603714494e-02
7.400000000e-06,-4.990133642e+00,-5.030643656e+00,-8.102002708e-02,8.102002708e-02
7.500000000e-06,-5.000000000e+00,-5.037992854e+00,-7.598570882e-02,7.598570882e-02
7.600000000e-06,-4.990133642e+00,-5.025610596e+00,-7.095390710e-02,7.095390710e-02
7.700000000e-06,-4.960573507e+00,-4.993545671e+00,-6.594432896e-02,6.594432896e-02
7.800000000e-06,-4.911436254e+00,-4.941924551e+00,-6.097659385e-02,6.097659385e-02
7.900000000e-06,-4.842915806e+00,-4.870950884e+00,-5.607015614e-02,5.607015614e-02
8.000000000e-06,-4.755282581e+00,-4.780904696e+00,-5.124422835e-02,5.124422835e-02
8.100000000e-06,-4.648882429e+00,-4.672141282e+00,-4.651770536e-02,4.651770536e-02
8.200000000e-06,-4.524135262e+00,-4.545089807e+00,-4.190908981e-02,4.190908981e-02
8.300000000e-06,-4.381533400e+00,-4.400251610e+00,-3.743641910e-02,3.743641910e-02
8.400000000e-06,-4.221639628e+00,-4.238198225e+00,-3.311719419e-02,3.311719419e-02
8.500000000e-06,-4.045084972e+00,-4.059569127e+00,-2.896831051e-02,2.896831051e-02
8.600000000e-06,-3.852566214e+00,-3.865069210e+00,-2.500599134e-02,2.500599134e-02
8.700000000e-06,-3.644843137e+00,-3.655465999e+00,-2.124572374e-02,2.124572374e-02
8.800000000e-06,-3.422735530e+00,-3.431586628e+00,-1.770219742e-02,1.770219742e-02
8.900000000e-06,-3.187119949e+00,-3.194314572e+00,-1.438924682e-02,1.438924682e-02
9.000000000e-06,-2.938926261e+00,-2.944586160e+00,-1.131979646e-02,1.131979646e-02
9.100000000e-06,-2.679133975e+00,-2.683386880e+00,-8.505809938e-03,8.505809938e-03
9.200000000e-06,-2.408768371e+00,-2.411747492e+00,-5.958242752e-03,5.958242752e-03
9.300000000e-06,-2.128896458e+00,-2.130739957e+00,-3.686999028e-03,3.686999028e-03
9.400000000e-06,-1.840622763e+00,-1.841473210e+00,-1.700892444e-03,1.700892444e-03
9.500000000e-06,-1.545084972e+00,-1.545088778e+00,-7.611450614e-06,7.611450624e-06
9.600000000e-06,-1.243449436e+00,-1.242756280e+00,1.386311078e-03,-1.386311078e-03
9.700000000e-06,-9.369065729e-01,-9.356688111e-01,2.475523624e-03,-2.475523624e-03
9.800000000e-06,-6.266661678e-01,-6.250382292e-01,3.255877144e-03,-3.255877144e-03
9.900000000e-06,-3.139525976e-01,-3.120903769e-01,3.724441447e-03,-3.724441447e-03
1.000000000e-05,3.057259544e-14,1.939758378e-03,3.879516757e-03,-3.879516757e-03
1.010000000e-05,3.139525976e-01,3.158129179e-01,3.720640418e-03,-3.720640418e-03
1.020000000e-05,6.266661678e-01,6.282904622e-01,3.248588728e-03,-3.248588728e-03
1.030000000e-05,9.369065729e-01,9.381392599e-01,2.465373867e-03,-2.465373867e-03
1.040000000e-05,1.243449436e+00,1.244136554e+00,1.374235961e-03,-1.374235961e-03
1.050000000e-05,1.545084972e+00,1.545074787e+00,-2.036970984e-05,2.036970985e-05
1.060000000e-05,1.840622763e+00,1.839766368e+00,-1.712790288e-03,1.712790287e-03
1.070000000e-05,2.128896458e+00,2.127048359e+00,-3.696197651e-03,3.696197651e-03
1.080000000e-05,2.408768371e+00,2.405787063e+00,-5.962615362e-03,5.962615362e-03
1.090000000e-05,2.679133975e+00,2.674882500e+00,-8.502950143e-03,8.502950143e-03
1.100000000e-05,2.938926261e+00,2.933272748e+00,-1.130702777e-02,1.130702777e-02
1.110000000e-05,3.187119949e+00,3.179938132e+00,-1.436363321e-02,1.436363321e-02
1.120000000e-05,3.422735530e+00,3.413905252e+00,-1.766055490e-02,1.766055490e-02
1.130000000e-05,3.644843137e+00,3.634250821e+00,-2.118463294e-02,2.118463294e-02
1.140000000e-05,3.852566214e+00,3.840105308e+00,-2.492181100e-02,2.492181100e-02
1.150000000e-05,4.045084972e+00,4.030656376e+00,-2.885719184e-02,2.885719184e-02
1.160000000e-05,4.221639628e+00,4.205152079e+00,-3.297509607e-02,3.297509607e-02
1.170000000e-05,4.381533400e+00,4.362903838e+00,-3.725912403e-02,3.725912403e-02
1.180000000e-05,4.524135262e+00,4.503289152e+00,-4.169222052e-02,4.169222052e-02
1.190000000e-05,4.648882429e+00,4.625754058e+00,-4.625674213e-02,4.625674213e-02
1.200000000e-05,4.755282581e+00,4.729815318e+00,-5.093452682e-02,5.093452682e-02
1.210000000e-05,4.842915806e+00,4.815062323e+00,-5.570696564e-02,5.570696564e-02
1.220000000e-05,4.911436254e+00,4.881158716e+00,-6.055507616e-02,6.055507616e-02
1.230000000e-05,4.960573507e+00,4.927843718e+00,-6.545957737e-02,6.545957737e-02
1.240000000e-05,4.990133642e+00,4.954933159e+00,-7.040096581e-02,7.040096581e-02
1.250000000e-05,5.000000000e+00,4.962320204e+00,-7.535959249e-02,7.535959249e-02
1.260000000e-05,4.990133642e+00,4.949975772e+00,-8.031574048e-02,8.031574048e-02
1.270000000e-05,4.960573507e+00,4.917948655e+00,-8.524970270e-02,8.524970270e-02
1.280000000e-05,4.911436254e+00,4.866365324e+00,-9.014185968e-02,9.014185968e-02
1.290000000e-05,4.842915806e+00,4.795429427e+00,-9.497275706e-02,9.497275706e-02
1.300000000e-05,4.755282581e+00,4.705420990e+00,-9.972318227e-02,9.972318227e-02
1.310000000e-05,4.648882429e+00,4.596695309e+00,-1.043742404e-01,1.043742404e-01
1.320000000e-05,4.524135262e+00,4.469681548e+00,-1.089074288e-01,1.089074288e-01
1.330000000e-05,4.381533400e+00,4.324881045e+00,-1.133047101e-01,1.133047101e-01
1.340000000e-05,4.221639628e+00,4.162865336e+00,-1.175485833e-01,1.175485833e-01
1.350000000e-05,4.045084972e+00,3.984273895e+00,-1.216221529e-01,1.216221529e-01
1.360000000e-05,3.852566214e+00,3.789811616e+00,-1.255091957e-01,1.255091957e-01
1.370000000e-05,3.644843137e+00,3.580246025e+00,-1.291942245e-01,1.291942245e-01
1.380000000e-05,3.422735530e+00,3.356404255e+00,-1.326625497e-01,1.326625497e-01
1.390000000e-05,3.187119949e+00,3.119169780e+00,-1.359003367e-01,1.359003367e-01
1.400000000e-05,2.938926261e+00,2.869478931e+00,-1.388946610e-01,1.388946610e-01
1.410000000e-05,2.679133975e+00,2.608317195e+00,-1.416335591e-01,1.416335591e-01
1.420000000e-05,2.408768371e+00,2.336715333e+00,-1.441060754e-01,1.441060754e-01
1.430000000e-05,2.128896458e+00,2.055745305e+00,-1.463023057e-01,1.463023057e-01
1.440000000e-05,1.840622763e+00,1.766516045e+00,-1.482134364e-01,1.482134364e-01
1.450000000e-05,1.545084972e+00,1.470169082e+00,-1.498317789e-01,1.498317789e-01
1.460000000e-05,1.243449436e+00,1.167874036e+00,-1.511508005e-01,1.511508005e-01
1.470000000e-05,9.369065729e-01,8.608239982e-01,-1.521651495e-01,1.521651495e-01
1.480000000e-05,6.266661678e-01,5.502308294e-01,-1.528706769e-01,1.528706769e-01
1.490000000e-05,3.139525976e-01,2.373203714e-01,-1.532644525e-01,1.532644525e-01
1.500000000e-05,-1.479660680e-13,-7.667238825e-02,-1.533447765e-01,1.533447765e-01
1.510000000e-05,-3.139525976e-01,-3.905081908e-01,-1.531111862e-01,1.531111862e-01
1.520000000e-05,-6.266661678e-01,-7.029483968e-01,-1.525644579e-01,1.525644579e-01
1.530000000e-05,-9.369065729e-01,-1.012759875e+00,-1.517066038e-01,1.517066038e-01
1.540000000e-05,-1.243449436e+00,-1.318719868e+00,-1.505408639e-01,1.505408639e-01
1.550000000e-05,-1.545084972e+00,-1.619620819e+00,-1.490716936e-01,1.490716936e-01
1.560000000e-05,-1.840622763e+00,-1.914275136e+00,-1.473047456e-01,1.473047456e-01
1.570000000e-05,-2.128896458e+00,-2.201519882e+00,-1.452468481e-01,1.452468481e-01
1.580000000e-05,-2.408768371e+00,-2.480221359e+00,-1.429059775e-01,1.429059775e-01
1.590000000e-05,-2.679133975e+00,-2.749279588e+00,-1.402912270e-01,1.402912270e-01
1.600000000e-05,-2.938926261e+00,-3.007632647e+00,-1.374127709e-01,1.374127709e-01
1.610000000e-05,-3.187119949e+00,-3.254260861e+00,-1.342818241e-01,1.342818241e-01
1.620000000e-05,-3.422735530e+00,-3.488190829e+00,-1.309105983e-01,1.309105983e-01
1.630000000e-05,-3.644843137e+00,-3.708499264e+00,-1.273122532e-01,1.273122532e-01
1.640000000e-05,-3.852566214e+00,-3.914316637e+00,-1.235008453e-01,1.235008453e-01
1.650000000e-05,-4.045084972e+00,-4.104830608e+00,-1.194912717e-01,1.194912717e-01
1.660000000e-05,-4.221639628e+00,-4.279289233e+00,-1.152992117e-01,1.152992117e-01
1.670000000e-05,-4.381533400e+00,-4.437003933e+00,-1.109410652e-01,1.109410652e-01
1.680000000e-05,-4.524135262e+00,-4.577352206e+00,-1.064338871e-01,1.064338871e-01
1.690000000e-05,-4.648882429e+00,-4.699780090e+00,-1.017953209e-01,1.017953209e-01
1.700000000e-05,-4.755282581e+00,-4.803804346e+00,-9.704352872e-02,9.704352872e-02
1.710000000e-05,-4.842915806e+00,-4.889014365e+00,-9.219711936e-02,9.219711936e-02
1.720000000e-05,-4.911436254e+00,-4.955073791e+00,-8.727507528e-02,8.727507528e-02
1.730000000e-05,-4.960573507e+00,-5.001721845e+00,-8.229667747e-02,8.229667747e-02
1.740000000e-05,-4.990133642e+00,-5.028774357e+00,-7.728142936e-02,7.728142936e-02
1.750000000e-05,-5.000000000e+00,-5.036124490e+00,-7.224897994e-02,7.224897994e-02
1.760000000e-05,-4.990133642e+00,-5.023743165e+00,-6.721904611e-02,6.721904611e-02
1.770000000e-05,-4.960573507e+00,-4.991679174e+00,-6.221133494e-02,6.221133494e-02
1.780000000e-05,-4.911436254e+00,-4.940058987e+00,-5.724546586e-02,5.724546586e-02
1.790000000e-05,-4.842915806e+00,-4.869086252e+00,-5.234089324e-02,5.234089324e-02
1.800000000e-05,-4.755282581e+00,-4.779040996e+00,-4.751682962e-02,4.751682962e-02
1.810000000e-05,-4.648882429e+00,-4.670278514e+00,-4.279216986e-02,4.279216986e-02
1.820000000e-05,-4.524135262e+00,-4.543227971e+00,-3.818541662e-02,3.818541662e-02
1.830000000e-05,-4.381533400e+00,-4.398390704e+00,-3.371460728e-02,3.371460728e-02
1.840000000e-05,-4.221639628e+00,-4.236338249e+00,-2.939724281e-02,2.939724281e-02
1.850000000e-05,-4.045084972e+00,-4.057710081e+00,-2.525021864e-02,2.525021864e-02
1.860000000e-05,-3.852566214e+00,-3.863211093e+00,-2.128975806e-02,2.128975806e-02
1.870000000e-05,-3.644843137e+00,-3.653608811e+00,-1.753134810e-02,1.753134810e-02
1.880000000e-05,-3.422735530e+00,-3.429730369e+00,-1.398967851e-02,1.398967851e-02
1.890000000e-05,-3.187119949e+00,-3.192459241e+00,-1.067858371e-02,1.067858371e-02
1.900000000e-05,-2.938926261e+00,-2.942731756e+00,-7.610988211e-03,7.610988211e-03
1.910000000e-05,-2.679133975e+00,-2.681533403e+00,-4.798855632e-03,4.798855632e-03
1.920000000e-05,-2.408768371e+00,-2.409894941e+00,-2.253141460e-03,2.253141460e-03
1.930000000e-05,-2.128896458e+00,-2.128888333e+00,1.625017663e-05,-1.625017662e-05
1.940000000e-05,-1.840622763e+00,-1.839622511e+00,2.000505598e-03,-2.000505598e-03
1.950000000e-05,-1.545084972e+00,-1.543239004e+00,3.691936355e-03,-3.691936355e-03
1.960000000e-05,-1.243449436e+00,-1.240907431e+00,5.084009573e-03,-5.084009573e-03
1.970000000e-05,-9.369065729e-01,-9.338208861e-01,6.171373731e-03,-6.171373731e-03
1.980000000e-05,-6.266661678e-01,-6.231912279e-01,6.949879788e-03,-6.949879788e-03
1.990000000e-05,-3.139525976e-01,-3.102442989e-01,7.416597552e-03,-7.416597552e-03
2.000000000e-05,1.786710123e-15,3.784913622e-03,7.569827244e-03,-7.569827244e-03
2.010000000e-05,3.139525976e-01,3.176571508e-01,7.409106212e-03,-7.409106212e-03
2.020000000e-05,6.266661678e-01,6.301337732e-01,6.935210750e-03,-6.935210750e-03
2.030000000e-05,9.369065729e-01,9.399816494e-01,6.150153039e-03,-6.150153039e-03
2.040000000e-05,1.243449436e+00,1.245978022e+00,5.057173203e-03,-5.057173203e-03
2.050000000e-05,1.545084972e+00,1.546915335e+00,3.660726524e-03,-3.660726524e-03
2.060000000e-05,1.840622763e+00,1.841605996e+00,1.966465858e-03,-1.966465858e-03
2.070000000e-05,2.128896458e+00,2.128887067e+00,-1.878067346e-05,1.878067347e-05
2.080000000e-05,2.408768371e+00,2.407624852e+00,-2.287036633e-03,2.287036633e-03
2.090000000e-05,2.679133975e+00,2.676719371e+00,-4.829208745e-03,4.829208745e-03
2.100000000e-05,2.938926261e+00,2.935108700e+00,-7.635122780e-03,7.635122780e-03
2.110000000e-05,3.187119949e+00,3.181773167e+00,-1.069356371e-02,1.069356371e-02
2.120000000e-05,3.422735530e+00,3.415739370e+00,-1.399231998e-02,1.399231998e-02
2.130000000e-05,3.644843137e+00,3.636084021e+00,-1.751823168e-02,1.751823168e-02
2.140000000e-05,3.852566214e+00,3.841937593e+00,-2.125724248e-02,2.125724248e-02
2.150000000e-05,4.045084972e+00,4.032487744e+00,-2.519445515e-02,2.519445515e-02
2.160000000e-05,4.221639628e+00,4.206982532e+00,-2.931419029e-02,2.931419029e-02
2.170000000e-05,4.381533400e+00,4.364733376e+00,-3.360004825e-02,3.360004825e-02
2.180000000e-05,4.524135262e+00,4.505117775e+00,-3.803497382e-02,3.803497382e-02
2.190000000e-05,4.648882429e+00,4.627581768e+00,-4.260132359e-02,4.260132359e-02
2.200000000e-05,4.755282581e+00,4.731642114e+00,-4.728093553e-02,4.728093553e-02
2.210000000e-05,4.842915806e+00,4.816888205e+00,-5.205520069e-02,5.205520069e-02
2.220000000e-05,4.911436254e+00,4.882983685e+00,-5.690513664e-02,5.690513664e-02
2.230000000e-05,4.960573507e+00,4.929667775e+00,-6.181146237e-02,6.181146237e-02
2.240000000e-05,4.990133642e+00,4.956756305e+00,-6.675467441e-02,6.675467441e-02
2.250000000e-05,5.000000000e+00,4.964142438e+00,-7.171512378e-02,7.171512378e-02
2.260000000e-05,4.990133642e+00,4.951797095e+00,-7.667309355e-02,7.667309355e-02
2.270000000e-05,4.960573507e+00,4.919769068e+00,-8.160887663e-02,8.160887663e-02
2.280000000e-05,4.911436254e+00,4.868184827e+00,-8.650285358e-02,8.650285358e-02
2.290000000e-05,4.842915806e+00,4.797248021e+00,-9.133557000e-02,9.133557000e-02
2.300000000e-05,4.755282581e+00,4.707238675e+00,-9.608781335e-02,9.608781335e-02
2.310000000e-05,4.648882429e+00,4.598512085e+00,-1.007406887e-01,1.007406887e-01
2.320000000e-05,4.524135262e+00,4.471497416e+00,-1.052756935e-01,1.052756935e-01
2.330000000e-05,4.381533400e+00,4.326696005e+00,-1.096747902e-01,1.096747902e-01
2.340000000e-05,4.221639628e+00,4.164679389e+00,-1.139204779e-01,1.139204779e-01
2.350000000e-05,4.045084972e+00,3.986087041e+00,-1.179958611e-01,1.179958611e-01
2.360000000e-05,3.852566214e+00,3.791623856e+00,-1.218847165e-01,1.218847165e-01
2.370000000e-05,3.644843137e+00,3.582057359e+00,-1.255715572e-01,1.255715572e-01
2.380000000e-05,3.422735530e+00,3.358214683e+00,-1.290416932e-01,1.290416932e-01
2.390000000e-05,3.187119949e+00,3.120979304e+00,-1.322812902e-01,1.322812902e-01
2.400000000e-05,2.938926261e+00,2.871287550e+00,-1.352774236e-01,1.352774236e-01
2.410000000e-05,2.679133975e+00,2.610124910e+00,-1.380181298e-01,1.380181298e-01
2.420000000e-05,2.408768371e+00,2.338522144e+00,-1.404924534e-01,1.404924534e-01
2.430000000e-05,2.128896458e+00,2.057551213e+00,-1.426904900e-01,1.426904900e-01
2.440000000e-05,1.840622763e+00,1.768321050e+00,-1.446034262e-01,1.446034262e-01
2.450000000e-05,1.545084972e+00,1.471973185e+00,-1.462235733e-01,1.462235733e-01
2.460000000e-05,1.243449436e+00,1.169677237e+00,-1.475443985e-01,1.475443985e-01
2.470000000e-05,9.369065729e-01,8.626262978e-01,-1.485605503e-01,1.485605503e-01
2.480000000e-05,6.266661678e-01,5.520322281e-01,-1.492678795e-01,1.492678795e-01
2.490000000e-05,3.139525976e-01,2.391208696e-01,-1.496634561e-01,1.496634561e-01
2.500000000e-05,1.483134838e-13,-7.487279006e-02,-1.497455801e-01,1.497455801e-01
2.510000000e-05,-3.139525976e-01,-3.887094921e-01,-1.495137890e-01,1.495137890e-01
2.520000000e-05,-6.266661678e-01,-7.011505973e-01,-1.489688589e-01,1.489688589e-01
2.530000000e-05,-9.369065729e-01,-1.010962974e+00,-1.481128021e-01,1.481128021e-01
2.540000000e-05,-1.243449436e+00,-1.316923865e+00,-1.469488587e-01,1.469488587e-01
2.550000000e-05,-1.545084972e+00,-1.617825714e+00,-1.454814839e-01,1.454814839e-01
2.560000000e-05,-1.840622763e+00,-1.912480929e+00,-1.437163306e-01,1.437163306e-01
2.570000000e-05,-2.128896458e+00,-2.199726571e+00,-1.416602269e-01,1.416602269e-01
2.580000000e-05,-2.408768371e+00,-2.478428945e+00,-1.393211491e-01,1.393211491e-01
2.590000000e-05,-2.679133975e+00,-2.747488070e+00,-1.367081906e-01,1.367081906e-01
2.600000000e-05,-2.938926261e+00,-3.005842024e+00,-1.338315255e-01,1.338315255e-01
2.610000000e-05,-3.187119949e+00,-3.252471133e+00,-1.307023690e-01,1.307023690e-01
2.620000000e-05,-3.422735530e+00,-3.486401996e+00,-1.273329324e-01,1.273329324e-01
2.630000000e-05,-3.644843137e+00,-3.706711325e+00,-1.237363757e-01,1.237363757e-01
2.640000000e-05,-3.852566214e+00,-3.912529592e+00,-1.199267553e-01,1.199267553e-01
2.650000000e-05,-4.045084972e+00,-4.103044456e+00,-1.159189683e-01,1.159189683e-01
2.660000000e-05,-4.221639628e+00,-4.277503975e+00,-1.117286940e-01,1.117286940e-01
2.670000000e-05,-4.381533400e+00,-4.435219566e+00,-1.073723323e-01,1.073723323e-01
2.680000000e-05,-4.524135262e+00,-4.575568731e+00,-1.028669381e-01,1.028669381e-01
2.690000000e-05,-4.648882429e+00,-4.697997507e+00,-9.823015501e-02,9.823015501e-02
2.700000000e-05,-4.755282581e+00,-4.802022654e+00,-9.348014493e-02,9.348014493e-02
2.710000000e-05,-4.842915806e+00,-4.887233564e+00,-8.863551682e-02,8.863551682e-02
2.720000000e-05,-4.911436254e+00,-4.953293880e+00,-8.371525309e-02,8.371525309e-02
2.730000000e-05,-4.960573507e+00,-4.999942824e+00,-7.873863474e-02,7.873863474e-02
2.740000000e-05,-4.990133642e+00,-5.026996225e+00,-7.372516522e-02,7.372516522e-02
2.750000000e-05,-5.000000000e+00,-5.034347247e+00,-6.869449348e-02,6.869449348e-02
2.760000000e-05,-4.990133642e+00,-5.021966810e+00,-6.366633645e-02,6.366633645e-02
2.770000000e-05,-4.960573507e+00,-4.989903707e+00,-5.866040120e-02,5.866040120e-02
2.780000000e-05,-4.911436254e+00,-4.938284407e+00,-5.369630714e-02,5.369630714e-02
2.790000000e-05,-4.842915806e+00,-4.867312560e+00,-4.879350865e-02,4.879350865e-02
2.800000000e-05,-4.755282581e+00,-4.777268191e+00,-4.397121828e-02,4.397121828e-02
2.810000000e-05,-4.648882429e+00,-4.668506595e+00,-3.924833089e-02,3.924833089e-02
2.820000000e-05,-4.524135262e+00,-4.541456937e+00,-3.464334912e-02,3.464334912e-02
2.830000000e-05,-4.381533400e+00,-4.396620555e+00,-3.017431037e-02,3.017431037e-02
2.840000000e-05,-4.221639628e+00,-4.234568985e+00,-2.585871560e-02,2.585871560e-02
2.850000000e-05,-4.045084972e+00,-4.055941702e+00,-2.171346026e-02,2.171346026e-02
2.860000000e-05,-3.852566214e+00,-3.861443598e+00,-1.775476761e-02,1.775476761e-02
2.870000000e-05,-3.644843137e+00,-3.651842199e+00,-1.399812471e-02,1.399812471e-02
2.880000000e-05,-3.422735530e+00,-3.427964640e+00,-1.045822129e-02,1.045822129e-02
2.890000000e-05,-3.187119949e+00,-3.190694395e+00,-7.148891774e-03,7.148891774e-03
2.900000000e-05,-2.938926261e+00,-2.940967792e+00,-4.083060681e-03,4.083060681e-03
2.910000000e-05,-2.679133975e+00,-2.679770321e+00,-1.272691625e-03,1.272691625e-03
2.920000000e-05,-2.408768371e+00,-2.408132741e+00,1.271259906e-03,-1.271259906e-03
2.930000000e-05,-2.128896458e+00,-2.127127013e+00,3.538889782e-03,-3.538889782e-03
2.940000000e-05,-1.840622763e+00,-1.837862071e+00,5.521384324e-03,-5.521384324e-03
2.950000000e-05,-1.545084972e+00,-1.541479444e+00,7.211055082e-03,-7.211055082e-03
2.960000000e-05,-1.243449436e+00,-1.239148751e+00,8.601369180e-03,-8.601369180e-03
2.970000000e-05,-9.369065729e-01,-9.320630854e-01,9.686975098e-03,-9.686975098e-03
2.980000000e-05,-6.266661678e-01,-6.214343059e-01,1.046372379e-02,-1.046372379e-02
2.990000000e-05,-3.139525976e-01,-3.084882551e-01,1.092868507e-02,-1.092868507e-02
3.000000000e-05,-2.763444990e-13,5.540079581e-03,1.108015916e-02,-1.108015916e-02
3.010000000e-05,3.139525976e-01,3.194114393e-01,1.091768340e-02,-1.091768340e-02
3.020000000e-05,6.266661678e-01,6.318871849e-01,1.044203409e-02,-1.044203409e-02
3.030000000e-05,9.369065729e-01,9.417341846e-01,9.655223406e-03,-9.655223406e-03
3.040000000e-05,1.243449436e+00,1.247729682e+00,8.560491473e-03,-8.560491473e-03
3.050000000e-05,1.545084972e+00,1.548666119e+00,7.162293573e-03,-7.162293573e-03
3.060000000e-05,1.840622763e+00,1.843355905e+00,5.466282561e-03,-5.466282561e-03
3.070000000e-05,2.128896458e+00,2.130636101e+00,3.479286558e-03,-3.479286558e-03
3.080000000e-05,2.408768371e+00,2.409373012e+00,1.209282002e-03,-1.209282002e-03
3.090000000e-05,2.679133975e+00,2.678466656e+00,-1.334637832e-03,1.334637832e-03
3.100000000e-05,2.938926261e+00,2.936855112e+00,-4.142298716e-03,4.142298716e-03
3.110000000e-05,3.187119949e+00,3.183518706e+00,-7.202485625e-03,7.202485625e-03
3.120000000e-05,3.422735530e+00,3.417484036e+00,-1.050298700e-02,1.050298700e-02
3.130000000e-05,3.644843137e+00,3.637827816e+00,-1.403064292e-02,1.403064292e-02
3.140000000e-05,3.852566214e+00,3.843680515e+00,-1.777139709e-02,1.777139709e-02
3.150000000e-05,4.045084972e+00,4.034229796e+00,-2.171035224e-02,2.171035224e-02
3.160000000e-05,4.221639628e+00,4.208723713e+00,-2.583182900e-02,2.583182900e-02
3.170000000e-05,4.381533400e+00,4.366473686e+00,-3.011942770e-02,3.011942770e-02
3.180000000e-05,4.524135262e+00,4.506857216e+00,-3.455609315e-02,3.455609315e-02
3.190000000e-05,4.648882429e+00,4.629320338e+00,-3.912418193e-02,3.912418193e-02
3.200000000e-05,4.755282581e+00,4.733379815e+00,-4.380553200e-02,4.380553200e-02
3.210000000e-05,4.842915806e+00,4.818625038e+00,-4.858153443e-02,4.858153443e-02
3.220000000e-05,4.911436254e+00,4.884719650e+00,-5.343320677e-02,5.343320677e-02
3.230000000e-05,4.960573507e+00,4.931402873e+00,-5.834126803e-02,5.834126803e-02
3.240000000e-05,4.990133642e+00,4.958490535e+00,-6.328621474e-02,6.328621474e-02
3.250000000e-05,5.000000000e+00,4.965875801e+00,-6.824839791e-02,6.824839791e-02
3.260000000e-05,4.990133642e+00,4.953529592e+00,-7.320810060e-02,7.320810060e-02
3.270000000e-05,4.960573507e+00,4.921500699e+00,-7.814561575e-02,7.814561575e-02
3.280000000e-05,4.911436254e+00,4.869915592e+00,-8.304132389e-02,8.304132389e-02
3.290000000e-05,4.842915806e+00,4.798977920e+00,-8.787577065e-02,8.787577065e-02
3.300000000e-05,4.755282581e+00,4.708967710e+00,-9.262974346e-02,9.262974346e-02
3.310000000e-05,4.648882429e+00,4.600240256e+00,-9.728434745e-02,9.728434745e-02
3.320000000e-05,4.524135262e+00,4.473224722e+00,-1.018210799e-01,1.018210799e-01
3.330000000e-05,4.381533400e+00,4.328422448e+00,-1.062219035e-01,1.062219035e-01
3.340000000e-05,4.221639628e+00,4.166404969e+00,-1.104693172e-01,1.104693172e-01
3.350000000e-05,4.045084972e+00,3.987811759e+00,-1.145464256e-01,1.145464256e-01
3.360000000e-05,3.852566214e+00,3.793347711e+00,-1.184370053e-01,1.184370053e-01
3.370000000e-05,3.644843137e+00,3.583780352e+00,-1.221255694e-01,1.221255694e-01
3.380000000e-05,3.422735530e+00,3.359936816e+00,-1.255974279e-01,1.255974279e-01
3.390000000e-05,3.187119949e+00,3.122700575e+00,-1.288387466e-01,1.288387466e-01
3.400000000e-05,2.938926261e+00,2.873007961e+00,-1.318366009e-01,1.318366009e-01
3.410000000e-05,2.679133975e+00,2.611844461e+00,-1.345790271e-01,1.345790271e-01
3.420000000e-05,2.408768371e+00,2.340240836e+00,-1.370550698e-01,1.370550698e-01
3.430000000e-05,2.128896458e+00,2.059269045e+00,-1.392548247e-01,1.392548247e-01
3.440000000e-05,1.840622763e+00,1.770038024e+00,-1.411694782e-01,1.411694782e-01
3.450000000e-05,1.545084972e+00,1.473689301e+00,-1.427913419e-01,1.427913419e-01
3.460000000e-05,1.243449436e+00,1.171392494e+00,-1.441138828e-01,1.441138828e-01
3.470000000e-05,9.369065729e-01,8.643406982e-01,-1.451317494e-01,1.451317494e-01
3.480000000e-05,6.266661678e-01,5.537457715e-01,-1.458407926e-01,1.458407926e-01
3.490000000e-05,3.139525976e-01,2.408335565e-01,-1.462380823e-01,1.462380823e-01
3.500000000e-05,-2.043136113e-15,-7.316095930e-02,-1.463219186e-01,1.463219186e-01
3.510000000e-05,-3.139525976e-01,-3.869985171e-01,-1.460918389e-01,1.460918389e-01
3.520000000e-05,-6.266661678e-01,-6.994404775e-01,-1.455486194e-01,1.455486194e-01
3.530000000e-05,-9.369065729e-01,-1.009253709e+00,-1.446942723e-01,1.446942723e-01
3.540000000e-05,-1.243449436e+00,-1.315215455e+00,-1.435320377e-01,1.435320377e-01
3.550000000e-05,-1.545084972e+00,-1.616118157e+00,-1.420663709e-01,1.420663709e-01
3.560000000e-05,-1.840622763e+00,-1.910774226e+00,-1.403029247e-01,1.403029247e-01
3.570000000e-05,-2.128896458e+00,-2.198020721e+00,-1.382485272e-01,1.382485272e-01
3.580000000e-05,-2.408768371e+00,-2.476723948e+00,-1.359111549e-01,1.359111549e-01
3.590000000e-05,-2.679133975e+00,-2.745783925e+00,-1.332999009e-01,1.332999009e-01
3.600000000e-05,-2.938926261e+00,-3.004138731e+00,-1.304249396e-01,1.304249396e-01
3.610000000e-05,-3.187119949e+00,-3.250768692e+00,-1.272974859e-01,1.272974859e-01
3.620000000e-05,-3.422735530e+00,-3.484700405e+00,-1.239297514e-01,1.239297514e-01
3.630000000e-05,-3.644843137e+00,-3.705010585e+00,-1.203348959e-01,1.203348959e-01
3.640000000e-05,-3.852566214e+00,-3.910829702e+00,-1.165269757e-01,1.165269757e-01
3.650000000e-05,-4.045084972e+00,-4.101345416e+00,-1.125208882e-01,1.125208882e-01
3.660000000e-05,-4.221639628e+00,-4.275805784e+00,-1.083323126e-01,1.083323126e-01
3.670000000e-05,-4.381533400e+00,-4.433522224e+00,-1.039776486e-01,1.039776486e-01
3.680000000e-05,-4.524135262e+00,-4.573872238e+00,-9.947395132e-02,9.947395132e-02
3.690000000e-05,-4.648882429e+00,-4.696301862e+00,-9.483886427e-02,9.483886427e-02
3.700000000e-05,-4.755282581e+00,-4.800327856e+00,-9.009054942e-02,9.009054942e-02
3.710000000e-05,-4.842915806e+00,-4.885539613e+00,-8.524761568e-02,8.524761568e-02
3.720000000e-05,-4.911436254e+00,-4.951600776e+00,-8.032904549e-02,8.032904549e-02
3.730000000e-05,-4.960573507e+00,-4.998250566e+00,-7.535411981e-02,7.535411981e-02
3.740000000e-05,-4.990133642e+00,-5.025304813e+00,-7.034234212e-02,7.034234212e-02
3.750000000e-05,-5.000000000e+00,-5.032656681e+00,-6.531336138e-02,6.531336138e-02
3.760000000e-05,-4.990133642e+00,-5.020277089e+00,-6.028689449e-02,6.028689449e-02
3.770000000e-05,-4.960573507e+00,-4.988214831e+00,-5.528264853e-02,5.528264853e-02
3.780000000e-05,-4.911436254e+00,-4.936596375e+00,-5.032024293e-02,5.032024293e-02
3.790000000e-05,-4.842915806e+00,-4.865625372e+00,-4.541913206e-02,4.541913206e-02
3.800000000e-05,-4.755282581e+00,-4.775581846e+00,-4.059852845e-02,4.059852845e-02
3.810000000e-05,-4.648882429e+00,-4.666821093e+00,-3.587732698e-02,3.587732698e-02
3.820000000e-05,-4.524135262e+00,-4.539772277e+00,-3.127403029e-02,3.127403029e-02
3.830000000e-05,-4.381533400e+00,-4.394936738e+00,-2.680667578e-02,2.680667578e-02
3.840000000e-05,-4.221639628e+00,-4.232886010e+00,-2.249276441e-02,2.249276441e-02
3.850000000e-05,-4.045084972e+00,-4.054259568e+00,-1.834919162e-02,1.834919162e-02
3.860000000e-05,-3.852566214e+00,-3.859762304e+00,-1.439218069e-02,1.439218069e-02
3.870000000e-05,-3.644843137e+00,-3.650161746e+00,-1.063721866e-02,1.063721866e-02
3.880000000e-05,-3.422735530e+00,-3.426285027e+00,-7.098995274e-03,7.098995274e-03
3.890000000e-05,-3.187119949e+00,-3.189015621e+00,-3.791344950e-03,3.791344950e-03
3.900000000e-05,-2.938926261e+00,-2.939289858e+00,-7.271922104e-04,7.271922104e-04
3.910000000e-05,-2.679133975e+00,-2.678093225e+00,2.081499331e-03,-2.081499331e-03
3.920000000e-05,-2.408768371e+00,-2.406456483e+00,4.623774185e-03,-4.623774185e-03
3.930000000e-05,-2.128896458e+00,-2.125451594e+00,6.889728224e-03,-6.889728224e-03
3.940000000e-05,-1.840622763e+00,-1.836187490e+00,8.870547765e-03,-8.870547765e-03
3.950000000e-05,-1.545084972e+00,-1.539805700e+00,1.055854436e-02,-1.055854436e-02
3.960000000e-05,-1.243449436e+00,-1.237475843e+00,1.194718513e-02,-1.194718513e-02
3.970000000e-05,-9.369065729e-01,-9.303910136e-01,1.303111856e-02,-1.303111856e-02
3.980000000e-05,-6.266661678e-01,-6.197630700e-01,1.380619560e-02,-1.380619560e-02
3.990000000e-05,-3.139525976e-01,-3.068178546e-01,1.426948606e-02,-1.426948606e-02
4.000000000e-05,4.088257459e-13,7.209645085e-03,1.441929017e-02,-1.441929017e-02
4.010000000e-05,3.139525976e-01,3.210801703e-01,1.425514526e-02,-1.425514526e-02
4.020000000e-05,6.266661678e-01,6.335550816e-01,1.377782764e-02,-1.377782764e-02
4.030000000e-05,9.369065729e-01,9.434012477e-01,1.298934947e-02,-1.298934947e-02
4.040000000e-05,1.243449436e+00,1.249395911e+00,1.189295089e-02,-1.189295089e-02
4.050000000e-05,1.545084972e+00,1.550331515e+00,1.049308718e-02,-1.049308718e-02
4.060000000e-05,1.840622763e+00,1.845020469e+00,8.795411186e-03,-8.795411186e-03
4.070000000e-05,2.128896458e+00,2.132299833e+00,6.806751034e-03,-6.806751034e-03
4.080000000e-05,2.408768371e+00,2.411035912e+00,4.535083162e-03,-4.535083162e-03
4.090000000e-05,2.679133975e+00,2.680128725e+00,1.989500843e-03,-1.989500843e-03
4.100000000e-05,2.938926261e+00,2.938516351e+00,-8.198216950e-04,8.198216950e-04
4.110000000e-05,3.187119949e+00,3.185179114e+00,-3.881669427e-03,3.881669427e-03
4.120000000e-05,3.422735530e+00,3.419143614e+00,-7.183830791e-03,7.183830791e-03
4.130000000e-05,3.644843137e+00,3.639486564e+00,-1.071314588e-02,1.071314588e-02
4.140000000e-05,3.852566214e+00,3.845338435e+00,-1.445555838e-02,1.445555838e-02
4.150000000e-05,4.045084972e+00,4.035886886e+00,-1.839617104e-02,1.839617104e-02
4.160000000e-05,4.221639628e+00,4.210379975e+00,-2.251930447e-02,2.251930447e-02
4.170000000e-05,4.381533400e+00,4.368129121e+00,-2.680855902e-02,2.680855902e-02
4.180000000e-05,4.524135262e+00,4.508511823e+00,-3.124687949e-02,3.124687949e-02
4.190000000e-05,4.648882429e+00,4.630974118e+00,-3.581662246e-02,3.581662246e-02
4.200000000e-05,4.755282581e+00,4.735032769e+00,-4.049962590e-02,4.049962590e-02
4.210000000e-05,4.842915806e+00,4.820277165e+00,-4.527728087e-02,4.527728087e-02
4.220000000e-05,4.911436254e+00,4.886370951e+00,-5.013060493e-02,5.013060493e-02
4.230000000e-05,4.960573507e+00,4.933053348e+00,-5.504031708e-02,5.504031708e-02
4.240000000e-05,4.990133642e+00,4.960140185e+00,-5.998691385e-02,5.998691385e-02
4.250000000e-05,5.000000000e+00,4.967524627e+00,-6.495074625e-02,6.495074625e-02
4.260000000e-05,4.990133642e+00,4.955177593e+00,-6.991209736e-02,6.991209736e-02
4.270000000e-05,4.960573507e+00,4.923147877e+00,-7.485126010e-02,7.485126010e-02
4.280000000e-05,4.911436254e+00,4.871561946e+00,-7.974861501e-02,7.974861501e-02
4.290000000e-05,4.842915806e+00,4.800623452e+00,-8.458470771e-02,8.458470771e-02
4.300000000e-05,4.755282581e+00,4.710612419e+00,-8.934032564e-02,8.934032564e-02
4.310000000e-05,4.648882429e+00,4.601884142e+00,-9.399657392e-02,9.399657392e-02
4.320000000e-05,4.524135262e+00,4.474867787e+00,-9.853494989e-02,9.853494989e-02
4.330000000e-05,4.381533400e+00,4.330064692e+00,-1.029374161e-01,1.029374161e-01
4.340000000e-05,4.221639628e+00,4.168046392e+00,-1.071864717e-01,1.071864717e-01
4.350000000e-05,4.045084972e+00,3.989452361e+00,-1.112652210e-01,1.112652210e-01
4.360000000e-05,3.852566214e+00,3.794987493e+00,-1.151574410e-01,1.151574410e-01
4.370000000e-05,3.644843137e+00,3.585419315e+00,-1.188476444e-01,1.188476444e-01
4.380000000e-05,3.422735530e+00,3.361574959e+00,-1.223211415e-01,1.223211415e-01
4.390000000e-05,3.187119949e+00,3.124337900e+00,-1.255640979e-01,1.255640979e-01
4.400000000e-05,2.938926261e+00,2.874644467e+00,-1.285635891e-01,1.285635891e-01
4.410000000e-05,2.679133975e+00,2.613480149e+00,-1.313076514e-01,1.313076514e-01
4.420000000e-05,2.408768371e+00,2.341875706e+00,-1.337853294e-01,1.337853294e-01
4.430000000e-05,2.128896458e+00,2.060903098e+00,-1.359867188e-01,1.359867188e-01
4.440000000e-05,1.840622763e+00,1.771671260e+00,-1.379030059e-01,1.379030059e-01
4.450000000e-05,1.545084972e+00,1.475321721e+00,-1.395265024e-01,1.395265024e-01
4.460000000e-05,1.243449436e+00,1.173024098e+00,-1.408506753e-01,1.408506753e-01
4.470000000e-05,9.369065729e-01,8.659714864e-01,-1.418701731e-01,1.418701731e-01
4.480000000e-05,6.266661678e-01,5.553757444e-01,-1.425808468e-01,1.425808468e-01
4.490000000e-05,3.139525976e-01,2.424627147e-01,-1.429797660e-01,1.429797660e-01
4.500000000e-05,-7.652496001e-13,-7.153261552e-02,-1.430652310e-01,1.430652310e-01
4.510000000e-05,-3.139525976e-01,-3.853709873e-01,-1.428367792e-01,1.428367792e-01
4.520000000e-05,-6.266661678e-01,-6.978137613e-01,-1.422951869e-01,1.422951869e-01
4.530000000e-05,-9.369065729e-01,-1.007627806e+00,-1.414424661e-01,1.414424661e-01
4.540000000e-05,-1.243449436e+00,-1.313590364e+00,-1.402818570e-01,1.402818570e-01
4.550000000e-05,-1.545084972e+00,-1.614493879e+00,-1.388178149e-01,1.388178149e-01
4.560000000e-05,-1.840622763e+00,-1.909150760e+00,-1.370559925e-01,1.370559925e-01
4.570000000e-05,-2.128896458e+00,-2.196398067e+00,-1.350032181e-01,1.350032181e-01
4.580000000e-05,-2.408768371e+00,-2.475102105e+00,-1.326674680e-01,1.326674680e-01
4.590000000e-05,-2.679133975e+00,-2.744162893e+00,-1.300578355e-01,1.300578355e-01
4.600000000e-05,-2.938926261e+00,-3.002518509e+00,-1.271844948e-01,1.271844948e-01
4.610000000e-05,-3.187119949e+00,-3.249149279e+00,-1.240586610e-01,1.240586610e-01
4.620000000e-05,-3.422735530e+00,-3.483081802e+00,-1.206925454e-01,1.206925454e-01
4.630000000e-05,-3.644843137e+00,-3.703392791e+00,-1.170993081e-01,1.170993081e-01
4.640000000e-05,-3.852566214e+00,-3.909212717e+00,-1.132930054e-01,1.132930054e-01
4.650000000e-05,-4.045084972e+00,-4.099729239e+00,-1.092885344e-01,1.092885344e-01
4.660000000e-05,-4.221639628e+00,-4.274190415e+00,-1.051015746e-01,1.051015746e-01
4.670000000e-05,-4.381533400e+00,-4.431907663e+00,-1.007485255e-01,1.007485255e-01
4.680000000e-05,-4.524135262e+00,-4.572258484e+00,-9.624644245e-02,9.624644245e-02
4.690000000e-05,-4.648882429e+00,-4.694688914e+00,-9.161296875e-02,9.161296875e-02
4.700000000e-05,-4.755282581e+00,-4.798715715e+00,-8.686626643e-02,8.686626643e-02
4.710000000e-05,-4.842915806e+00,-4.883928278e+00,-8.202494444e-02,8.202494444e-02
4.720000000e-05,-4.911436254e+00,-4.949990246e+00,-7.710798517e-02,7.710798517e-02
4.730000000e-05,-4.960573507e+00,-4.996640841e+00,-7.213466963e-02,7.213466963e-02
4.740000000e-05,-4.990133642e+00,-5.023695893e+00,-6.712450126e-02,6.712450126e-02
4.750000000e-05,-5.000000000e+00,-5.031048565e+00,-6.209712903e-02,6.209712903e-02
4.760000000e-05,-4.990133642e+00,-5.018669777e+00,-5.707226986e-02,5.707226986e-02
4.770000000e-05,-4.960573507e+00,-4.986608322e+00,-5.206963081e-02,5.206963081e-02
4.780000000e-05,-4.911436254e+00,-4.934990669e+00,-4.710883132e-02,4.710883132e-02
4.790000000e-05,-4.842915806e+00,-4.864020469e+00,-4.220932575e-02,4.220932575e-02
4.800000000e-05,-4.755282581e+00,-4.773977745e+00,-3.739032664e-02,3.739032664e-02
4.810000000e-05,-4.648882429e+00,-4.665217794e+00,-3.267072887e-02,3.267072887e-02
4.820000000e-05,-4.524135262e+00,-4.538169780e+00,-2.806903509e-02,2.806903509e-02
4.830000000e-05,-4.381533400e+00,-4.393335042e+00,-2.360328268e-02,2.360328268e-02
4.840000000e-05,-4.221639628e+00,-4.231285114e+00,-1.929097260e-02,1.929097260e-02
4.850000000e-05,-4.045084972e+00,-4.052659472e+00,-1.514900031e-02,1.514900031e-02
4.860000000e-05,-3.852566214e+00,-3.858163008e+00,-1.119358906e-02,1.119358906e-02
4.870000000e-05,-3.644843137e+00,-3.648563250e+00,-7.440225936e-03,7.440225936e-03
4.880000000e-05,-3.422735530e+00,-3.424687330e+00,-3.903600646e-03,3.903600646e-03
4.890000000e-05,-3.187119949e+00,-3.187418723e+00,-5.975476194e-04,5.975476194e-04
4.900000000e-05,-2.938926261e+00,-2.937693757e+00,2.465008620e-03,-2.465008620e-03
4.910000000e-05,-2.679133975e+00,-2.676497923e+00,5.272104460e-03,-5.272104460e-03
4.920000000e-05,-2.408768371e+00,-2.404861978e+00,7.812784411e-03,-7.812784411e-03
4.930000000e-05,-2.128896458e+00,-2.123857886e+00,1.007714434e-02,-1.007714434e-02
4.940000000e-05,-1.840622763e+00,-1.834594578e+00,1.205637057e-02,-1.205637057e-02
4.950000000e-05,-1.545084972e+00,-1.538213585e+00,1.374277466e-02,-1.374277466e-02
4.960000000e-05,-1.243449436e+00,-1.235884524e+00,1.512982371e-02,-1.512982371e-02
4.970000000e-05,-9.369065729e-01,-9.288004898e-01,1.621216622e-02,-1.621216622e-02
4.980000000e-05,-6.266661678e-01,-6.181733413e-01,1.698565313e-02,-1.698565313e-02
4.990000000e-05,-3.139525976e-01,-3.052289205e-01,1.744735426e-02,-1.744735426e-02
5.000000000e-05,1.173338121e-12,8.797784917e-03,1.759556983e-02,-1.759556983e-02
5.010000000e-05,3.139525976e-01,3.226675162e-01,1.742983718e-02,-1.742983718e-02
5.020000000e-05,6.266661678e-01,6.351416341e-01,1.695093261e-02,-1.695093261e-02
5.030000000e-05,9.369065729e-01,9.449870071e-01,1.616086829e-02,-1.616086829e-02
5.040000000e-05,1.243449436e+00,1.250980878e+00,1.506288434e-02,-1.506288434e-02
5.050000000e-05,1.545084972e+00,1.551915690e+00,1.366143606e-02,-1.366143606e-02
5.060000000e-05,1.840622763e+00,1.846603852e+00,1.196217629e-02,-1.196217629e-02
5.070000000e-05,2.128896458e+00,2.133882424e+00,9.971933150e-03,-9.971933150e-03
5.080000000e-05,2.408768371e+00,2.412617712e+00,7.698683082e-03,-7.698683082e-03
5.090000000e-05,2.679133975e+00,2.681709735e+00,5.151519358e-03,-5.151519358e-03
5.100000000e-05,2.938926261e+00,2.940096570e+00,2.340616206e-03,-2.340616206e-03
5.110000000e-05,3.187119949e+00,3.186758543e+00,-7.228113501e-04,7.228113501e-04
5.120000000e-05,3.422735530e+00,3.420722254e+00,-4.026551749e-03,4.026551749e-03
5.130000000e-05,3.644843137e+00,3.641064415e+00,-7.557445083e-03,7.557445083e-03
5.140000000e-05,3.852566214e+00,3.846915496e+00,-1.130143504e-02,1.130143504e-02
5.150000000e-05,4.045084972e+00,4.037463160e+00,-1.524362437e-02,1.524362437e-02
5.160000000e-05,4.221639628e+00,4.211955461e+00,-1.936833368e-02,1.936833368e-02
5.170000000e-05,4.381533400e+00,4.369703819e+00,-2.365916332e-02,2.365916332e-02
5.180000000e-05,4.524135262e+00,4.510085733e+00,-2.809905809e-02,2.809905809e-02
5.190000000e-05,4.648882429e+00,4.632547242e+00,-3.267037458e-02,3.267037458e-02
5.200000000e-05,4.755282581e+00,4.736605106e+00,-3.735495075e-02,3.735495075e-02
5.210000000e-05,4.842915806e+00,4.821848717e+00,-4.213417767e-02,4.213417767e-02
5.220000000e-05,4.911436254e+00,4.887941717e+00,-4.698907288e-02,4.698907288e-02
5.230000000e-05,4.960573507e+00,4.934623329e+00,-5.190035541e-02,5.190035541e-02
5.240000000e-05,4.990133642e+00,4.961709381e+00,-5.684852176e-02,5.684852176e-02
5.250000000e-05,5.000000000e+00,4.969093039e+00,-6.181392297e-02,6.181392297e-02
5.260000000e-05,4.990133642e+00,4.956745221e+00,-6.677684210e-02,6.677684210e-02
5.270000000e-05,4.960573507e+00,4.924714721e+00,-7.171757207e-02,7.171757207e-02
5.280000000e-05,4.911436254e+00,4.873128007e+00,-7.661649343e-02,7.661649343e-02
5.290000000e-05,4.842915806e+00,4.802188730e+00,-8.145415180e-02,8.145415180e-02
5.300000000e-05,4.755282581e+00,4.712176914e+00,-8.621133462e-02,8.621133462e-02
5.310000000e-05,4.648882429e+00,4.603447856e+00,-9.086914701e-02,9.086914701e-02
5.320000000e-05,4.524135262e+00,4.476430719e+00,-9.540908630e-02,9.540908630e-02
5.330000000e-05,4.381533400e+00,4.331626843e+00,-9.981311508e-02,9.981311508e-02
5.340000000e-05,4.221639628e+00,4.169607761e+00,-1.040637324e-01,1.040637324e-01
5.350000000e-05,4.045084972e+00,3.991012951e+00,-1.081440427e-01,1.081440427e-01
5.360000000e-05,3.852566214e+00,3.796547302e+00,-1.120378229e-01,1.120378229e-01
5.370000000e-05,3.644843137e+00,3.586978344e+00,-1.157295857e-01,1.157295857e-01
5.380000000e-05,3.422735530e+00,3.363133209e+00,-1.192046415e-01,1.192046415e-01
5.390000000e-05,3.187119949e+00,3.125895371e+00,-1.224491558e-01,1.224491558e-01
5.400000000e-05,2.938926261e+00,2.876201159e+00,-1.254502040e-01,1.254502040e-01
5.410000000e-05,2.679133975e+00,2.615036064e+00,-1.281958226e-01,1.281958226e-01
5.420000000e-05,2.408768371e+00,2.343430842e+00,-1.306750561e-01,1.306750561e-01
5.430000000e-05,2.128896458e+00,2.062457458e+00,-1.328780002e-01,1.328780002e-01
5.440000000e-05,1.840622763e+00,1.773224843e+00,-1.347958414e-01,1.347958414e-01
5.450000000e-05,1.545084972e+00,1.476874526e+00,-1.364208911e-01,1.364208911e-01
5.460000000e-05,1.243449436e+00,1.174576128e+00,-1.377466164e-01,1.377466164e-01
5.470000000e-05,9.369065729e-01,8.675227400e-01,-1.387676658e-01,1.387676658e-01
5.480000000e-05,6.266661678e-01,5.569262227e-01,-1.394798903e-01,1.394798903e-01
5.490000000e-05,3.139525976e-01,2.440124178e-01,-1.398803596e-01,1.398803596e-01
5.500000000e-05,-1.539209412e-12,-6.998368700e-02,-1.399673740e-01,1.399673740e-01
5.510000000e-05,-3.139525976e-01,-3.838228330e-01,-1.397404707e-01,1.397404707e-01
5.520000000e-05,-6.266661678e-01,-6.962663809e-01,-1.392004261e-01,1.392004261e-01
5.530000000e-05,-9.369065729e-01,-1.006081199e+00,-1.383492523e-01,1.383492523e-01
5.540000000e-05,-1.243449436e+00,-1.312044531e+00,-1.371901895e-01,1.371901895e-01
5.550000000e-05,-1.545084972e+00,-1.612948818e+00,-1.357276928e-01,1.357276928e-01
5.560000000e-05,-1.840622763e+00,-1.907606471e+00,-1.339674152e-01,1.339674152e-01
5.570000000e-05,-2.128896458e+00,-2.194854550e+00,-1.319161846e-01,1.319161846e-01
5.580000000e-05,-2.408768371e+00,-2.473559359e+00,-1.295819777e-01,1.295819777e-01
5.590000000e-05,-2.679133975e+00,-2.742620919e+00,-1.269738875e-01,1.269738875e-01
5.600000000e-05,-2.938926261e+00,-3.000977306e+00,-1.241020884e-01,1.241020884e-01
5.610000000e-05,-3.187119949e+00,-3.247608846e+00,-1.209777954e-01,1.209777954e-01
5.620000000e-05,-3.422735530e+00,-3.481542140e+00,-1.176132199e-01,1.176132199e-01
5.630000000e-05,-3.644843137e+00,-3.701853898e+00,-1.140215218e-01,1.140215218e-01
5.640000000e-05,-3.852566214e+00,-3.907674593e+00,-1.102167576e-01,1.102167576e-01
5.650000000e-05,-4.045084972e+00,-4.098191884e+00,-1.062138244e-01,1.062138244e-01
5.660000000e-05,-4.221639628e+00,-4.272653828e+00,-1.020284015e-01,1.020284015e-01
5.670000000e-05,-4.381533400e+00,-4.430371845e+00,-9.767688867e-02,9.767688867e-02
5.680000000e-05,-4.524135262e+00,-4.570723433e+00,-9.317634103e-02,9.317634103e-02
5.690000000e-05,-4.648882429e+00,-4.693154630e+00,-8.854440200e-02,8.854440200e-02
5.700000000e-05,-4.755282581e+00,-4.797182198e+00,-8.379923359e-02,8.379923359e-02
5.710000000e-05,-4.842915806e+00,-4.882395528e+00,-7.895944473e-02,7.895944473e-02
5.720000000e-05,-4.911436254e+00,-4.948458263e+00,-7.404401783e-02,7.404401783e-02
5.730000000e-05,-4.960573507e+00,-4.995109624e+00,-6.907223389e-02,6.907223389e-02
5.740000000e-05,-4.990133642e+00,-5.022165440e+00,-6.406359636e-02,6.406359636e-02
5.750000000e-05,-5.000000000e+00,-5.029518877e+00,-5.903775420e-02,5.903775420e-02
5.760000000e-05,-4.990133642e+00,-5.017140854e+00,-5.401442433e-02,5.401442433e-02
5.770000000e-05,-4.960573507e+00,-4.985080163e+00,-4.901331382e-02,4.901331382e-02
5.780000000e-05,-4.911436254e+00,-4.933463275e+00,-4.405404210e-02,4.405404210e-02
5.790000000e-05,-4.842915806e+00,-4.862493837e+00,-3.915606355e-02,3.915606355e-02
5.800000000e-05,-4.755282581e+00,-4.772451877e+00,-3.433859069e-02,3.433859069e-02
5.810000000e-05,-4.648882429e+00,-4.663692689e+00,-2.962051841e-02,2.962051841e-02
5.820000000e-05,-4.524135262e+00,-4.536645437e+00,-2.502034934e-02,2.502034934e-02
5.830000000e-05,-4.381533400e+00,-4.391811461e+00,-2.055612090e-02,2.055612090e-02
5.840000000e-05,-4.221639628e+00,-4.229762295e+00,-1.624533402e-02,1.624533402e-02
5.850000000e-05,-4.045084972e+00,-4.051137414e+00,-1.210488416e-02,1.210488416e-02
5.860000000e-05,-3.852566214e+00,-3.856641711e+00,-8.150994601e-03,8.150994601e-03
5.870000000e-05,-3.644843137e+00,-3.647042713e+00,-4.399152389e-03,4.399152389e-03
5.880000000e-05,-3.422735530e+00,-3.423167553e+00,-8.640472555e-04,8.640472555e-04
5.890000000e-05,-3.187119949e+00,-3.185899706e+00,2.440486374e-03,-2.440486374e-03
5.900000000e-05,-2.938926261e+00,-2.936175499e+00,5.501523976e-03,-5.501523976e-03
5.910000000e-05,-2.679133975e+00,-2.674980424e+00,8.307101938e-03,-8.307101938e-03
5.920000000e-05,-2.408768371e+00,-2.403345238e+00,1.084626477e-02,-1.084626477e-02
5.930000000e-05,-2.128896458e+00,-2.122341904e+00,1.310910834e-02,-1.310910834e-02
5.940000000e-05,-1.840622763e+00,-1.833079354e+00,1.508681897e-02,-1.508681897e-02
5.950000000e-05,-1.545084972e+00,-1.536699118e+00,1.677170820e-02,-1.677170820e-02
5.960000000e-05,-1.243449436e+00,-1.234370814e+00,1.815724317e-02,-1.815724317e-02
5.970000000e-05,-9.369065729e-01,-9.272875368e-01,1.923807235e-02,-1.923807235e-02
5.980000000e-05,-6.266661678e-01,-6.166611445e-01,2.001004669e-02,-2.001004669e-02
5.990000000e-05,-3.139525976e-01,-3.037174796e-01,2.047023600e-02,-2.047023600e-02
6.000000000e-05,1.916345869e-12,1.030847025e-02,2.061694050e-02,-2.061694050e-02
6.010000000e-05,3.139525976e-01,3.241774464e-01,2.044969755e-02,-2.044969755e-02
6.020000000e-05,6.266661678e-01,6.366508095e-01,1.996928342e-02,-1.996928342e-02
6.030000000e-05,9.369065729e-01,9.464954281e-01,1.917771030e-02,-1.917771030e-02
6.040000000e-05,1.243449436e+00,1.252488545e+00,1.807821831e-02,-1.807821831e-02
6.050000000e-05,1.545084972e+00,1.553422603e+00,1.667526274e-02,-1.667526274e-02
6.060000000e-05,1.840622763e+00,1.848110012e+00,1.497449643e-02,-1.497449643e-02
6.070000000e-05,2.128896458e+00,2.135387832e+00,1.298274751e-02,-1.298274751e-02
6.080000000e-05,2.408768371e+00,2.414122367e+00,1.070799241e-02,-1.070799241e-02
6.090000000e-05,2.679133975e+00,2.683213637e+00,8.159324408e-03,-8.159324408e-03
6.100000000e-05,2.938926261e+00,2.941599720e+00,5.346917729e-03,-5.346917729e-03
6.110000000e-05,3.187119949e+00,3.188260942e+00,2.281987398e-03,-2.281987398e-03
6.120000000e-05,3.422735530e+00,3.422223902e+00,-1.023255025e-03,1.023255025e-03
6.130000000e-05,3.644843137e+00,3.642565312e+00,-4.555649632e-03,4.555649632e-03
6.140000000e-05,3.852566214e+00,3.848415644e+00,-8.301140110e-03,8.301140110e-03
6.150000000e-05,4.045084972e+00,4.038962557e+00,-1.224482921e-02,1.224482921e-02
6.160000000e-05,4.221639628e+00,4.213454109e+00,-1.637103754e-02,1.637103754e-02
6.170000000e-05,4.381533400e+00,4.371201717e+00,-2.066336546e-02,2.066336546e-02
6.180000000e-05,4.524135262e+00,4.511582883e+00,-2.510475776e-02,2.510475776e-02
6.190000000e-05,4.648882429e+00,4.634043644e+00,-2.967757102e-02,2.967757102e-02
6.200000000e-05,4.755282581e+00,4.738100760e+00,-3.436364322e-02,3.436364322e-02
6.210000000e-05,4.842915806e+00,4.823343623e+00,-3.914436541e-02,3.914436541e-02
6.220000000e-05,4.911436254e+00,4.889435876e+00,-4.400075516e-02,4.400075516e-02
6.230000000e-05,4.960573507e+00,4.936116741e+00,-4.891353147e-02,4.891353147e-02
6.240000000e-05,4.990133642e+00,4.963202047e+00,-5.386319087e-02,5.386319087e-02
6.250000000e-05,5.000000000e+00,4.970584958e+00,-5.883008437e-02,5.883008437e-02
6.260000000e-05,4.990133642e+00,4.958236395e+00,-6.379449504e-02,6.379449504e-02
6.270000000e-05,4.960573507e+00,4.926205149e+00,-6.873671582e-02,6.873671582e-02
6.280000000e-05,4.911436254e+00,4.874617690e+00,-7.363712724e-02,7.363712724e-02
6.290000000e-05,4.842915806e+00,4.803677668e+00,-7.847627491e-02,7.847627491e-02
6.300000000e-05,4.755282581e+00,4.713665108e+00,-8.323494630e-02,8.323494630e-02
6.310000000e-05,4.648882429e+00,4.604935306e+00,-8.789424651e-02,8.789424651e-02
6.320000000e-05,4.524135262e+00,4.477917426e+00,-9.243567288e-02,9.243567288e-02
6.330000000e-05,4.381533400e+00,4.333112806e+00,-9.684118799e-02,9.684118799e-02
6.340000000e-05,4.221639628e+00,4.171092982e+00,-1.010932909e-01,1.010932909e-01
6.350000000e-05,4.045084972e+00,3.992497429e+00,-1.051750861e-01,1.051750861e-01
6.360000000e-05,3.852566214e+00,3.798031039e+00,-1.090703503e-01,1.090703503e-01
6.370000000e-05,3.644843137e+00,3.588461339e+00,-1.127635965e-01,1.127635965e-01
6.380000000e-05,3.422735530e+00,3.364615462e+00,-1.162401349e-01,1.162401349e-01
6.390000000e-05,3.187119949e+00,3.127376883e+00,-1.194861311e-01,1.194861311e-01
6.400000000e-05,2.938926261e+00,2.877681931e+00,-1.224886605e-01,1.224886605e-01
6.410000000e-05,2.679133975e+00,2.616516095e+00,-1.252357595e-01,1.252357595e-01
6.420000000e-05,2.408768371e+00,2.344910134e+00,-1.277164726e-01,1.277164726e-01
6.430000000e-05,2.128896458e+00,2.063936010e+00,-1.299208957e-01,1.299208957e-01
6.440000000e-05,1.840622763e+00,1.774702656e+00,-1.318402150e-01,1.318402150e-01
6.450000000e-05,1.545084972e+00,1.478351601e+00,-1.334667422e-01,1.334667422e-01
6.460000000e-05,1.243449436e+00,1.176052464e+00,-1.347939442e-01,1.347939442e-01
6.470000000e-05,9.369065729e-01,8.689983381e-01,-1.358164696e-01,1.358164696e-01
6.480000000e-05,6.266661678e-01,5.584010832e-01,-1.365301693e-01,1.365301693e-01
6.490000000e-05,3.139525976e-01,2.454865411e-01,-1.369321131e-01,1.369321131e-01
6.500000000e-05,-2.311002011e-12,-6.851030062e-02,-1.370206012e-01,1.370206012e-01
6.510000000e-05,-3.139525976e-01,-3.823501831e-01,-1.367951710e-01,1.367951710e-01
6.520000000e-05,-6.266661678e-01,-6.947944672e-01,-1.362565987e-01,1.362565987e-01
6.530000000e-05,-9.369065729e-01,-1.004610021e+00,-1.354068964e-01,1.354068964e-01
6.540000000e-05,-1.243449436e+00,-1.310574088e+00,-1.342493044e-01,1.342493044e-01
6.550000000e-05,-1.545084972e+00,-1.611479111e+00,-1.327882778e-01,1.327882778e-01
6.560000000e-05,-1.840622763e+00,-1.906137498e+00,-1.310294695e-01,1.310294695e-01
6.570000000e-05,-2.128896458e+00,-2.193386312e+00,-1.289797076e-01,1.289797076e-01
6.580000000e-05,-2.408768371e+00,-2.472091855e+00,-1.266469685e-01,1.266469685e-01
6.590000000e-05,-2.679133975e+00,-2.741154148e+00,-1.240403455e-01,1.240403455e-01
6.600000000e-05,-2.938926261e+00,-2.999511268e+00,-1.211700128e-01,1.211700128e-01
6.610000000e-05,-3.187119949e+00,-3.246143541e+00,-1.180471854e-01,1.180471854e-01
6.620000000e-05,-3.422735530e+00,-3.480077567e+00,-1.146840748e-01,1.146840748e-01
6.630000000e-05,-3.644843137e+00,-3.700390058e+00,-1.110938410e-01,1.110938410e-01
6.640000000e-05,-3.852566214e+00,-3.906211484e+00,-1.072905402e-01,1.072905402e-01
6.650000000e-05,-4.045084972e+00,-4.096729507e+00,-1.032890697e-01,1.032890697e-01
6.660000000e-05,-4.221639628e+00,-4.271192182e+00,-9.910510888e-02,9.910510888e-02
6.670000000e-05,-4.381533400e+00,-4.428910929e+00,-9.475505733e-02,9.475505733e-02
6.680000000e-05,-4.524135262e+00,-4.569263247e+00,-9.025597024e-02,9.025597024e-02
6.690000000e-05,-4.648882429e+00,-4.691695175e+00,-8.562549103e-02,8.562549103e-02
6.700000000e-05,-4.755282581e+00,-4.795723472e+00,-8.088178171e-02,8.088178171e-02
6.710000000e-05,-4.842915806e+00,-4.880937531e+00,-7.604345120e-02,7.604345120e-02
6.720000000e-05,-4.911436254e+00,-4.947000995e+00,-7.112948194e-02,7.112948194e-02
6.730000000e-05,-4.960573507e+00,-4.993653084e+00,-6.615915490e-02,6.615915490e-02
6.740000000e-05,-4.990133642e+00,-5.020709629e+00,-6.115197354e-02,6.115197354e-02
6.750000000e-05,-5.000000000e+00,-5.028063793e+00,-5.612758683e-02,5.612758683e-02
6.760000000e-05,-4.990133642e+00,-5.015686498e+00,-5.110571169e-02,5.110571169e-02
6.770000000e-05,-4.960573507e+00,-4.983626534e+00,-4.610605517e-02,4.610605517e-02
6.780000000e-05,-4.911436254e+00,-4.932010372e+00,-4.114823672e-02,4.114823672e-02
6.790000000e-05,-4.842915806e+00,-4.861041661e+00,-3.625171070e-02,3.625171070e-02
6.800000000e-05,-4.755282581e+00,-4.771000426e+00,-3.143568966e-02,3.143568966e-02
6.810000000e-05,-4.648882429e+00,-4.662241964e+00,-2.671906846e-02,2.671906846e-02
6.820000000e-05,-4.524135262e+00,-4.535195437e+00,-2.212034976e-02,2.212034976e-02
6.830000000e-05,-4.381533400e+00,-4.390362186e+00,-1.765757095e-02,1.765757095e-02
6.840000000e-05,-4.221639628e+00,-4.228313744e+00,-1.334823299e-02,1.334823299e-02
6.850000000e-05,-4.045084972e+00,-4.049689588e+00,-9.209231321e-03,9.209231321e-03
6.860000000e-05,-3.852566214e+00,-3.855194608e+00,-5.256789223e-03,5.256789223e-03
6.870000000e-05,-3.644843137e+00,-3.645596334e+00,-1.506393752e-03,1.506393752e-03
6.880000000e-05,-3.422735530e+00,-3.421721897e+00,2.027265364e-03,-2.027265364e-03
6.890000000e-05,-3.187119949e+00,-3.184454772e+00,5.330353698e-03,-5.330353698e-03
6.900000000e-05,-2.938926261e+00,-2.934731288e+00,8.389946728e-03,-8.389946728e-03
6.910000000e-05,-2.679133975e+00,-2.673536934e+00,1.119408084e-02,-1.119408084e-02
6.920000000e-05,-2.408768371e+00,-2.401902470e+00,1.373180054e-02,-1.373180054e-02
6.930000000e-05,-2.128896458e+00,-2.120899857e+00,1.599320171e-02,-1.599320171e-02
6.940000000e-05,-1.840622763e+00,-1.831638028e+00,1.796947065e-02,-1.796947065e-02
6.950000000e-05,-1.545084972e+00,-1.535258512e+00,1.965291892e-02,-1.965291892e-02
6.960000000e-05,-1.243449436e+00,-1.232930929e+00,2.103701364e-02,-2.103701364e-02
6.970000000e-05,-9.369065729e-01,-9.258483713e-01,2.211640329e-02,-2.211640329e-02
6.980000000e-05,-6.266661678e-01,-6.152226984e-01,2.288693882e-02,-2.288693882e-02
6.990000000e-05,-3.139525976e-01,-3.022797526e-01,2.334569005e-02,-2.334569005e-02
7.000000000e-05,2.700314566e-12,1.174547860e-02,2.349095719e-02,-2.349095719e-02
7.010000000e-05,3.139525976e-01,3.256137364e-01,2.332227758e-02,-2.332227758e-02
7.020000000e-05,6.266661678e-01,6.380863816e-01,2.284042752e-02,-2.284042752e-02
7.030000000e-05,9.369065729e-01,9.479302825e-01,2.204741919e-02,-2.204741919e-02
7.040000000e-05,1.243449436e+00,1.253922682e+00,2.094649271e-02,-2.094649271e-02
7.050000000e-05,1.545084972e+00,1.554856024e+00,1.954210335e-02,-1.954210335e-02
7.060000000e-05,1.840622763e+00,1.849542715e+00,1.783990398e-02,-1.783990398e-02
7.070000000e-05,2.128896458e+00,2.136819819e+00,1.584672272e-02,-1.584672272e-02
7.080000000e-05,2.408768371e+00,2.415553639e+00,1.357053599e-02,-1.357053599e-02
7.090000000e-05,2.679133975e+00,2.684644193e+00,1.102043707e-02,-1.102043707e-02
7.100000000e-05,2.938926261e+00,2.943029562e+00,8.206600193e-03,-8.206600193e-03
7.110000000e-05,3.187119949e+00,3.189690069e+00,5.140240378e-03,-5.140240378e-03
7.120000000e-05,3.422735530e+00,3.423652314e+00,1.833569187e-03,-1.833569187e-03
7.130000000e-05,3.644843137e+00,3.643993010e+00,-1.700253476e-03,1.700253476e-03
7.140000000e-05,3.852566214e+00,3.849842628e+00,-5.447171295e-03,5.447171295e-03
7.150000000e-05,4.045084972e+00,4.040388828e+00,-9.392287023e-03,9.392287023e-03
7.160000000e-05,4.221639628e+00,4.214879667e+00,-1.351992127e-02,1.351992127e-02
7.170000000e-05,4.381533400e+00,4.372626563e+00,-1.781367439e-02,1.781367439e-02
7.180000000e-05,4.524135262e+00,4.513007017e+00,-2.225649118e-02,2.225649118e-02
7.190000000e-05,4.648882429e+00,4.635467065e+00,-2.683072822e-02,2.683072822e-02
7.200000000e-05,4.755282581e+00,4.739523470e+00,-3.151822348e-02,3.151822348e-02
7.210000000e-05,4.842915806e+00,4.824765622e+00,-3.630036803e-02,3.630036803e-02
7.220000000e-05,4.911436254e+00,4.890857164e+00,-4.115817942e-02,4.115817942e-02
7.230000000e-05,4.960573507e+00,4.937537318e+00,-4.607237666e-02,4.607237666e-02
7.240000000e-05,4.990133642e+00,4.964621914e+00,-5.102345628e-02,5.102345628e-02
7.250000000e-05,5.000000000e+00,4.972004115e+00,-5.599176929e-02,5.599176929e-02
7.260000000e-05,4.990133642e+00,4.959654843e+00,-6.095759877e-02,6.095759877e-02
7.270000000e-05,4.960573507e+00,4.927622888e+00,-6.590123764e-02,6.590123764e-02
7.280000000e-05,4.911436254e+00,4.876034720e+00,-7.080306644e-02,7.080306644e-02
7.290000000e-05,4.842915806e+00,4.805093990e+00,-7.564363080e-02,7.564363080e-02
7.300000000e-05,4.755282581e+00,4.715080722e+00,-8.040371815e-02,8.040371815e-02
7.310000000e-05,4.648882429e+00,4.606350213e+00,-8.506443362e-02,8.506443362e-02
7.320000000e-05,4.524135262e+00,4.479331625e+00,-8.960727454e-02,8.960727454e-02
7.330000000e-05,4.381533400e+00,4.334526298e+00,-9.401420350e-02,9.401420350e-02
7.340000000e-05,4.221639628e+00,4.172505768e+00,-9.826771954e-02,9.826771954e-02
7.350000000e-05,4.045084972e+00,3.993909508e+00,-1.023509272e-01,1.023509272e-01
7.360000000e-05,3.852566214e+00,3.799442412e+00,-1.062476031e-01,1.062476031e-01
7.370000000e-05,3.644843137e+00,3.589872007e+00,-1.099422603e-01,1.099422603e-01
7.380000000e-05,3.422735530e+00,3.366025425e+00,-1.134202091e-01,1.134202091e-01
7.390000000e-05,3.187119949e+00,3.128786141e+00,-1.166676148e-01,1.166676148e-01
7.400000000e-05,2.938926261e+00,2.879090485e+00,-1.196715532e-01,1.196715532e-01
7.410000000e-05,2.679133975e+00,2.617923945e+00,-1.224200604e-01,1.224200604e-01
7.420000000e-05,2.408768371e+00,2.346317280e+00,-1.249021810e-01,1.249021810e-01
7.430000000e-05,2.128896458e+00,2.065342452e+00,-1.271080108e-01,1.271080108e-01
7.440000000e-05,1.840622763e+00,1.776108395e+00,-1.290287363e-01,1.290287363e-01
7.450000000e-05,1.545084972e+00,1.479756637e+00,-1.306566688e-01,1.306566688e-01
7.460000000e-05,1.243449436e+00,1.177456798e+00,-1.319852755e-01,1.319852755e-01
7.470000000e-05,9.369065729e-01,8.704019705e-01,-1.330092049e-01,1.330092049e-01
7.480000000e-05,6.266661678e-01,5.598040139e-01,-1.337243079e-01,1.337243079e-01
7.490000000e-05,3.139525976e-01,2.468887705e-01,-1.341276543e-01,1.341276543e-01
7.500000000e-05,-3.058450684e-12,-6.710877214e-02,-1.342175443e-01,1.342175443e-01
7.510000000e-05,-3.139525976e-01,-3.809493553e-01,-1.339935152e-01,1.339935152e-01
7.520000000e-05,-6.266661678e-01,-6.933943395e-01,-1.334563434e-01,1.334563434e-01
7.530000000e-05,-9.369065729e-01,-1.003210593e+00,-1.326080409e-01,1.326080409e-01
7.540000000e-05,-1.243449436e+00,-1.309175360e+00,-1.314518479e-01,1.314518479e-01
7.550000000e-05,-1.545084972e+00,-1.610081082e+00,-1.299922197e-01,1.299922197e-01
7.560000000e-05,-1.840622763e+00,-1.904740168e+00,-1.282348091e-01,1.282348091e-01
7.570000000e-05,-2.128896458e+00,-2.191989680e+00,-1.261864442e-01,1.261864442e-01
7.580000000e-05,-2.408768371e+00,-2.470695921e+00,-1.238551014e-01,1.238551014e-01
7.590000000e-05,-2.679133975e+00,-2.739758912e+00,-1.212498739e-01,1.212498739e-01
7.600000000e-05,-2.938926261e+00,-2.998116730e+00,-1.183809361e-01,1.183809361e-01
7.610000000e-05,-3.187119949e+00,-3.244749700e+00,-1.152595029e-01,1.152595029e-01
7.620000000e-05,-3.422735530e+00,-3.478684423e+00,-1.118977858e-01,1.118977858e-01
7.630000000e-05,-3.644843137e+00,-3.698997610e+00,-1.083089448e-01,1.083089448e-01
7.640000000e-05,-3.852566214e+00,-3.904819732e+00,-1.045070362e-01,1.045070362e-01
7.650000000e-05,-4.045084972e+00,-4.095338450e+00,-1.005069571e-01,1.005069571e-01
7.660000000e-05,-4.221639628e+00,-4.269801821e+00,-9.632438692e-02,9.632438692e-02
7.670000000e-05,-4.381533400e+00,-4.427521263e+00,-9.197572538e-02,9.197572538e-02
7.680000000e-05,-4.524135262e+00,-4.567874276e+00,-8.747802761e-02,8.747802761e-02
7.690000000e-05,-4.648882429e+00,-4.690306898e+00,-8.284893703e-02,8.284893703e-02
7.700000000e-05,-4.755282581e+00,-4.794335889e+00,-7.810661563e-02,7.810661563e-02
7.710000000e-05,-4.842915806e+00,-4.879550642e+00,-7.326967237e-02,7.326967237e-02
7.720000000e-05,-4.911436254e+00,-4.945614798e+00,-6.835708965e-02,6.835708965e-02
7.730000000e-05,-4.960573507e+00,-4.992267581e+00,-6.338814846e-02,6.338814846e-02
7.740000000e-05,-4.990133642e+00,-5.019324818e+00,-5.838235226e-02,5.838235226e-02
7.750000000e-05,-5.000000000e+00,-5.026679675e+00,-5.335935001e-02,5.335935001e-02
7.760000000e-05,-4.990133642e+00,-5.014303071e+00,-4.833885864e-02,4.833885864e-02
7.770000000e-05,-4.960573507e+00,-4.982243799e+00,-4.334058520e-02,4.334058520e-02
7.780000000e-05,-4.911436254e+00,-4.930628328e+00,-3.838414914e-02,3.838414914e-02
7.790000000e-05,-4.842915806e+00,-4.859660308e+00,-3.348900482e-02,3.348900482e-02
7.800000000e-05,-4.755282581e+00,-4.769619764e+00,-2.867436478e-02,2.867436478e-02
7.810000000e-05,-4.648882429e+00,-4.660861991e+00,-2.395912391e-02,2.395912391e-02
7.820000000e-05,-4.524135262e+00,-4.533816155e+00,-1.936178483e-02,1.936178483e-02
7.830000000e-05,-4.381533400e+00,-4.388983593e+00,-1.490038496e-02,1.490038496e-02
7.840000000e-05,-4.221639628e+00,-4.226935840e+00,-1.059242524e-02,1.059242524e-02
7.850000000e-05,-4.045084972e+00,-4.048312372e+00,-6.454801137e-03,6.454801137e-03
7.860000000e-05,-3.852566214e+00,-3.853818082e+00,-2.503735910e-03,2.503735910e-03
7.870000000e-05,-3.644843137e+00,-3.644220495e+00,1.245283379e-03,-1.245283379e-03
7.880000000e-05,-3.422735530e+00,-3.420346746e+00,4.777567000e-03,-4.777567000e-03
7.890000000e-05,-3.187119949e+00,-3.183080308e+00,8.079280527e-03,-8.079280527e-03
7.900000000e-05,-2.938926261e+00,-2.933357512e+00,1.113749944e-02,-1.113749944e-02
7.910000000e-05,-2.679133975e+00,-2.672163845e+00,1.394026012e-02,-1.394026012e-02
7.920000000e-05,-2.408768371e+00,-2.400530067e+00,1.647660707e-02,-1.647660707e-02
7.930000000e-05,-2.128896458e+00,-2.119528140e+00,1.873663617e-02,-1.873663617e-02
7.940000000e-05,-1.840622763e+00,-1.830266997e+00,2.071153374e-02,-2.071153374e-02
7.950000000e-05,-1.545084972e+00,-1.533888166e+00,2.239361132e-02,-2.239361132e-02
7.960000000e-05,-1.243449436e+00,-1.231561268e+00,2.377633604e-02,-2.377633604e-02
7.970000000e-05,-9.369065729e-01,-9.244793947e-01,2.485435637e-02,-2.485435637e-02
7.980000000e-05,-6.266661678e-01,-6.138544062e-01,2.562352327e-02,-2.562352327e-02
7.990000000e-05,-3.139525976e-01,-3.009121444e-01,2.608090655e-02,-2.608090655e-02
8.000000000e-05,3.448416712e-12,1.311240321e-02,2.622480642e-02,-2.622480642e-02
8.010000000e-05,3.139525977e-01,3.269799778e-01,2.605476023e-02,-2.605476023e-02
8.020000000e-05,6.266661678e-01,6.394519400e-01,2.557154427e-02,-2.557154427e-02
8.030000000e-05,9.369065729e-01,9.492951583e-01,2.477717072e-02,-2.477717072e-02
8.040000000e-05,1.243449436e+00,1.255286876e+00,2.367487970e-02,-2.367487970e-02
8.050000000e-05,1.545084972e+00,1.556219535e+00,2.226912650e-02,-2.226912650e-02
8.060000000e-05,1.840622763e+00,1.850905545e+00,2.056556396e-02,-2.056556396e-02
8.070000000e-05,2.128896458e+00,2.138181968e+00,1.857102020e-02,-1.857102020e-02
8.080000000e-05,2.408768371e+00,2.416915106e+00,1.629347166e-02,-1.629347166e-02
8.090000000e-05,2.679133975e+00,2.686004981e+00,1.374201162e-02,-1.374201162e-02
8.100000000e-05,2.938926261e+00,2.944389669e+00,1.092681430e-02,-1.092681430e-02
8.110000000e-05,3.187119949e+00,3.191049496e+00,7.859094713e-03,-7.859094713e-03
8.120000000e-05,3.422735530e+00,3.425011062e+00,4.551064434e-03,-4.551064434e-03
8.130000000e-05,3.644843137e+00,3.645351079e+00,1.015883364e-03,-1.015883364e-03
8.140000000e-05,3.852566214e+00,3.851200018e+00,-2.732392184e-03,2.732392184e-03
8.150000000e-05,4.045084972e+00,4.041745539e+00,-6.678864963e-03,6.678864963e-03
8.160000000e-05,4.221639628e+00,4.216235700e+00,-1.080785558e-02,1.080785558e-02
8.170000000e-05,4.381533400e+00,4.373981918e+00,-1.510296439e-02,1.510296439e-02
8.180000000e-05,4.524135262e+00,4.514361694e+00,-1.954713620e-02,1.954713620e-02
8.190000000e-05,4.648882429e+00,4.636821066e+00,-2.412272758e-02,2.412272758e-02
8.200000000e-05,4.755282581e+00,4.740876793e+00,-2.881157651e-02,2.881157651e-02
8.210000000e-05,4.842915806e+00,4.826118269e+00,-3.359507404e-02,3.359507404e-02
8.220000000e-05,4.911436254e+00,4.892209135e+00,-3.845423774e-02,3.845423774e-02
8.230000000e-05,4.960573507e+00,4.938888613e+00,-4.336978661e-02,4.336978661e-02
8.240000000e-05,4.990133642e+00,4.965972534e+00,-4.832221719e-02,4.832221719e-02
8.250000000e-05,5.000000000e+00,4.973354060e+00,-5.329188048e-02,5.329188048e-02
8.260000000e-05,4.990133642e+00,4.961004112e+00,-5.825905957e-02,5.825905957e-02
8.270000000e-05,4.960573507e+00,4.928971483e+00,-6.320404737e-02,6.320404737e-02
8.280000000e-05,4.911436254e+00,4.877382641e+00,-6.810722443e-02,6.810722443e-02
8.290000000e-05,4.842915806e+00,4.806441237e+00,-7.294913637e-02,7.294913637e-02
8.300000000e-05,4.755282581e+00,4.716427296e+00,-7.771057064e-02,7.771057064e-02
8.310000000e-05,4.648882429e+00,4.607696113e+00,-8.237263234e-02,8.237263234e-02
8.320000000e-05,4.524135262e+00,4.480676853e+00,-8.691681882e-02,8.691681882e-02
8.330000000e-05,4.381533400e+00,4.335870854e+00,-9.132509268e-02,9.132509268e-02
8.340000000e-05,4.221639628e+00,4.173849651e+00,-9.557995293e-02,9.557995293e-02
8.350000000e-05,4.045084972e+00,3.995252720e+00,-9.966450411e-02,9.966450411e-02
8.360000000e-05,3.852566214e+00,3.800784952e+00,-1.035625230e-01,1.035625230e-01
8.370000000e-05,3.644843137e+00,3.591213876e+00,-1.072585224e-01,1.072585224e-01
8.380000000e-05,3.422735530e+00,3.367366623e+00,-1.107378126e-01,1.107378126e-01
8.390000000e-05,3.187119949e+00,3.130126669e+00,-1.139865593e-01,1.139865593e-01
8.400000000e-05,2.938926261e+00,2.880430343e+00,-1.169918378e-01,1.169918378e-01
8.410000000e-05,2.679133975e+00,2.619263133e+00,-1.197416845e-01,1.197416845e-01
8.420000000e-05,2.408768371e+00,2.347655799e+00,-1.222251440e-01,1.222251440e-01
8.430000000e-05,2.128896458e+00,2.066680302e+00,-1.244323120e-01,1.244323120e-01
8.440000000e-05,1.840622763e+00,1.777445576e+00,-1.263543750e-01,1.263543750e-01
8.450000000e-05,1.545084972e+00,1.481093150e+00,-1.279836443e-01,1.279836443e-01
8.460000000e-05,1.243449436e+00,1.178792642e+00,-1.293135872e-01,1.293135872e-01
8.470000000e-05,9.369065729e-01,8.717371469e-01,-1.303388521e-01,1.303388521e-01
8.480000000e-05,6.266661678e-01,5.611385228e-01,-1.310552899e-01,1.310552899e-01
8.490000000e-05,3.139525976e-01,2.482226124e-01,-1.314599705e-01,1.314599705e-01
8.500000000e-05,-3.801846172e-12,-6.577559702e-02,-1.315511940e-01,1.315511940e-01
8.510000000e-05,-3.139525977e-01,-3.796168466e-01,-1.313284978e-01,1.313284978e-01
8.520000000e-05,-6.266661678e-01,-6.920624969e-01,-1.307926581e-01,1.307926581e-01
8.530000000e-05,-9.369065729e-01,-1.001879417e+00,-1.299456872e-01,1.299456872e-01
8.540000000e-05,-1.243449436e+00,-1.307844848e+00,-1.287908250e-01,1.287908250e-01
8.550000000e-05,-1.545084972e+00,-1.608751235e+00,-1.273325270e-01,1.273325270e-01
8.560000000e-05,-1.840622763e+00,-1.903410986e+00,-1.255764459e-01,1.255764459e-01
8.570000000e-05,-2.128896458e+00,-2.190661163e+00,-1.235294098e-01,1.235294098e-01
8.580000000e-05,-2.408768371e+00,-2.469368068e+00,-1.211993952e-01,1.211993952e-01
8.590000000e-05,-2.679133975e+00,-2.738431723e+00,-1.185954953e-01,1.185954953e-01
8.600000000e-05,-2.938926261e+00,-2.996790204e+00,-1.157278843e-01,1.157278843e-01
8.610000000e-05,-3.187119949e+00,-3.243423837e+00,-1.126077773e-01,1.126077773e-01
8.620000000e-05,-3.422735530e+00,-3.477359223e+00,-1.092473858e-01,1.092473858e-01
8.630000000e-05,-3.644843137e+00,-3.697673072e+00,-1.056598696e-01,1.056598696e-01
8.640000000e-05,-3.852566214e+00,-3.903495856e+00,-1.018592852e-01,1.018592852e-01
8.650000000e-05,-4.045084972e+00,-4.094015237e+00,-9.786052963e-02,9.786052963e-02
8.660000000e-05,-4.221639628e+00,-4.268479269e+00,-9.367928238e-02,9.367928238e-02
8.670000000e-05,-4.381533400e+00,-4.426199372e+00,-8.933194306e-02,8.933194306e-02
8.680000000e-05,-4.524135262e+00,-4.566553046e+00,-8.483556685e-02,8.483556685e-02
8.690000000e-05,-4.648882429e+00,-4.688986328e+00,-8.020779716e-02,8.020779716e-02
8.700000000e-05,-4.755282581e+00,-4.793015979e+00,-7.546679601e-02,7.546679601e-02
8.710000000e-05,-4.842915806e+00,-4.878231392e+00,-7.063117232e-02,7.063117232e-02
8.720000000e-05,-4.911436254e+00,-4.944296208e+00,-6.571990852e-02,6.571990852e-02
8.730000000e-05,-4.960573507e+00,-4.990949649e+00,-6.075228559e-02,6.075228559e-02
8.740000000e-05,-4.990133642e+00,-5.018007546e+00,-5.574780700e-02,5.574780700e-02
8.750000000e-05,-5.000000000e+00,-5.025363061e+00,-5.072612169e-02,5.072612169e-02
8.760000000e-05,-4.990133642e+00,-5.012987115e+00,-4.570694660e-02,4.570694660e-02
8.770000000e-05,-4.960573507e+00,-4.980928501e+00,-4.070998880e-02,4.070998880e-02
8.780000000e-05,-4.911436254e+00,-4.929313687e+00,-3.575486770e-02,3.575486770e-02
8.790000000e-05,-4.842915806e+00,-4.858346324e+00,-3.086103770e-02,3.086103770e-02
8.800000000e-05,-4.755282581e+00,-4.768306437e+00,-2.604771132e-02,2.604771132e-02
8.810000000e-05,-4.648882429e+00,-4.659549321e+00,-2.133378344e-02,2.133378344e-02
8.820000000e-05,-4.524135262e+00,-4.532504141e+00,-1.673775671e-02,1.673775671e-02
8.830000000e-05,-4.381533400e+00,-4.387672234e+00,-1.227766852e-02,1.227766852e-02
8.840000000e-05,-4.221639628e+00,-4.225625137e+00,-7.971019832e-03,7.971019832e-03
8.850000000e-05,-4.045084972e+00,-4.047002325e+00,-3.834706101e-03,3.834706101e-03
8.860000000e-05,-3.852566214e+00,-3.852508689e+00,1.150494061e-04,-1.150494061e-04
8.870000000e-05,-3.644843137e+00,-3.642911757e+00,3.862759629e-03,-3.862759629e-03
8.880000000e-05,-3.422735530e+00,-3.419038662e+00,7.393734839e-03,-7.393734839e-03
8.890000000e-05,-3.187119949e+00,-3.181772878e+00,1.069414061e-02,-1.069414061e-02
8.900000000e-05,-2.938926261e+00,-2.932050735e+00,1.375105242e-02,-1.375105242e-02
8.910000000e-05,-2.679133975e+00,-2.670857722e+00,1.655250664e-02,-1.655250664e-02
8.920000000e-05,-2.408768371e+00,-2.399224597e+00,1.908754780e-02,-1.908754780e-02
8.930000000e-05,-2.128896458e+00,-2.118223322e+00,2.134627176e-02,-2.134627176e-02
8.940000000e-05,-1.840622763e+00,-1.828962831e+00,2.331986484e-02,-2.331986484e-02
8.950000000e-05,-1.545084972e+00,-1.532584653e+00,2.500063858e-02,-2.500063858e-02
8.960000000e-05,-1.243449436e+00,-1.230258406e+00,2.638206011e-02,-2.638206011e-02
8.970000000e-05,-9.369065729e-01,-9.231771840e-01,2.745877791e-02,-2.745877791e-02
8.980000000e-05,-6.266661678e-01,-6.125528464e-01,2.822664292e-02,-2.822664292e-02
8.990000000e-05,-3.139525976e-01,-2.996112352e-01,2.868272496e-02,-2.868272496e-02
9.000000000e-05,4.222525417e-12,1.441266213e-02,2.882532425e-02,-2.882532425e-02
9.010000000e-05,3.139525977e-01,3.282795867e-01,2.865397812e-02,-2.865397812e-02
9.020000000e-05,6.266661678e-01,6.407508993e-01,2.816946288e-02,-2.816946288e-02
9.030000000e-05,9.369065729e-01,9.505934683e-01,2.737379070e-02,-2.737379070e-02
9.040000000e-05,1.243449436e+00,1.256584537e+00,2.627020169e-02,-2.627020169e-02
9.050000000e-05,1.545084972e+00,1.557516547e+00,2.486315115e-02,-2.486315115e-02
9.060000000e-05,1.840622763e+00,1.852201909e+00,2.315829192e-02,-2.315829192e-02
9.070000000e-05,2.128896458e+00,2.139477684e+00,2.116245213e-02,-2.116245213e-02
9.080000000e-05,2.408768371e+00,2.418210175e+00,1.888360820e-02,-1.888360820e-02
9.090000000e-05,2.679133975e+00,2.687299402e+00,1.633085341e-02,-1.633085341e-02
9.100000000e-05,2.938926261e+00,2.945683442e+00,1.351436199e-02,-1.351436199e-02
9.110000000e-05,3.187119949e+00,3.192342623e+00,1.044534895e-02,-1.044534895e-02
9.120000000e-05,3.422735530e+00,3.426303543e+00,7.136025872e-03,-7.136025872e-03
9.130000000e-05,3.644843137e+00,3.646642913e+00,3.599552644e-03,-3.599552644e-03
9.140000000e-05,3.852566214e+00,3.852491207e+00,-1.500144162e-04,1.500144162e-04
9.150000000e-05,4.045084972e+00,4.043036083e+00,-4.097778061e-03,4.097778061e-03
9.160000000e-05,4.221639628e+00,4.217525598e+00,-8.228058901e-03,8.228058901e-03
9.170000000e-05,4.381533400e+00,4.375271172e+00,-1.252445729e-02,1.252445729e-02
9.180000000e-05,4.524135262e+00,4.515650303e+00,-1.696991802e-02,1.696991802e-02
9.190000000e-05,4.648882429e+00,4.638109031e+00,-2.154679769e-02,2.154679769e-02
9.200000000e-05,4.755282581e+00,4.742164114e+00,-2.623693426e-02,2.623693426e-02
9.210000000e-05,4.842915806e+00,4.827404946e+00,-3.102171879e-02,3.102171879e-02
9.220000000e-05,4.911436254e+00,4.893495169e+00,-3.588216885e-02,3.588216885e-02
9.230000000e-05,4.960573507e+00,4.940174005e+00,-4.079900344e-02,4.079900344e-02
9.240000000e-05,4.990133642e+00,4.967257283e+00,-4.575271908e-02,4.575271908e-02
9.250000000e-05,5.000000000e+00,4.974638167e+00,-5.072366681e-02,5.072366681e-02
9.260000000e-05,4.990133642e+00,4.962287577e+00,-5.569212968e-02,5.569212968e-02
9.270000000e-05,4.960573507e+00,4.930254306e+00,-6.063840062e-02,6.063840062e-02
9.280000000e-05,4.911436254e+00,4.878664824e+00,-6.554286019e-02,6.554286019e-02
9.290000000e-05,4.842915806e+00,4.807722779e+00,-7.038605399e-02,7.038605399e-02
9.300000000e-05,4.755282581e+00,4.717708197e+00,-7.514876947e-02,7.514876947e-02
9.310000000e-05,4.648882429e+00,4.608976374e+00,-7.981211176e-02,7.981211176e-02
9.320000000e-05,4.524135262e+00,4.481956473e+00,-8.435757818e-02,8.435757818e-02
9.330000000e-05,4.381533400e+00,4.337149835e+00,-8.876713134e-02,8.876713134e-02
9.340000000e-05,4.221639628e+00,4.175127992e+00,-9.302327025e-02,9.302327025e-02
9.350000000e-05,4.045084972e+00,3.996530422e+00,-9.710909946e-02,9.710909946e-02
9.360000000e-05,3.852566214e+00,3.802062016e+00,-1.010083957e-01,1.010083957e-01
9.370000000e-05,3.644843137e+00,3.592490301e+00,-1.047056718e-01,1.047056718e-01
9.380000000e-05,3.422735530e+00,3.368642411e+00,-1.081862382e-01,1.081862382e-01
9.390000000e-05,3.187119949e+00,3.131401819e+00,-1.114362603e-01,1.114362603e-01
9.400000000e-05,2.938926261e+00,2.881704855e+00,-1.144428136e-01,1.144428136e-01
9.410000000e-05,2.679133975e+00,2.620537008e+00,-1.171939346e-01,1.171939346e-01
9.420000000e-05,2.408768371e+00,2.348929037e+00,-1.196786676e-01,1.196786676e-01
9.430000000e-05,2.128896458e+00,2.067952904e+00,-1.218871086e-01,1.218871086e-01
9.440000000e-05,1.840622763e+00,1.778717542e+00,-1.238104438e-01,1.238104438e-01
9.450000000e-05,1.545084972e+00,1.482364479e+00,-1.254409848e-01,1.254409848e-01
9.460000000e-05,1.243449436e+00,1.180063336e+00,-1.267721987e-01,1.267721987e-01
9.470000000e-05,9.369065729e-01,8.730072059e-01,-1.277987340e-01,1.277987340e-01
9.480000000e-05,6.266661678e-01,5.624079470e-01,-1.285164416e-01,1.285164416e-01
9.490000000e-05,3.139525976e-01,2.494914020e-01,-1.289223912e-01,1.289223912e-01
9.500000000e-05,-4.582845291e-12,-6.450744161e-02,-1.290148832e-01,1.290148832e-01
9.510000000e-05,-3.139525977e-01,-3.783493251e-01,-1.287934548e-01,1.287934548e-01
9.520000000e-05,-6.266661678e-01,-6.907956090e-01,-1.282588824e-01,1.282588824e-01
9.530000000e-05,-9.369065729e-01,-1.000613162e+00,-1.274131780e-01,1.274131780e-01
9.540000000e-05,-1.243449436e+00,-1.306579227e+00,-1.262595818e-01,1.262595818e-01
9.550000000e-05,-1.545084972e+00,-1.607486246e+00,-1.248025490e-01,1.248025490e-01
9.560000000e-05,-1.840622763e+00,-1.902146630e+00,-1.230477326e-01,1.230477326e-01
9.570000000e-05,-2.128896458e+00,-2.189397438e+00,-1.210019606e-01,1.210019606e-01
9.580000000e-05,-2.408768371e+00,-2.468104975e+00,-1.186732094e-01,1.186732094e-01
9.590000000e-05,-2.679133975e+00,-2.737169261e+00,-1.160705722e-01,1.160705722e-01
9.600000000e-05,-2.938926261e+00,-2.995528373e+00,-1.132042234e-01,1.132042234e-01
9.610000000e-05,-3.187119949e+00,-3.242162638e+00,-1.100853779e-01,1.100853779e-01
9.620000000e-05,-3.422735530e+00,-3.476098653e+00,-1.067262473e-01,1.067262473e-01
9.630000000e-05,-3.644843137e+00,-3.696413133e+00,-1.031399914e-01,1.031399914e-01
9.640000000e-05,-3.852566214e+00,-3.902236547e+00,-9.934066654e-02,9.934066654e-02
9.650000000e-05,-4.045084972e+00,-4.092756557e+00,-9.534316999e-02,9.534316999e-02
9.660000000e-05,-4.221639628e+00,-4.267221218e+00,-9.116318110e-02,9.116318110e-02
9.670000000e-05,-4.381533400e+00,-4.424941950e+00,-8.681709952e-02,8.681709952e-02
9.680000000e-05,-4.524135262e+00,-4.565296253e+00,-8.232198042e-02,8.232198042e-02
9.690000000e-05,-4.648882429e+00,-4.687730163e+00,-7.769546721e-02,7.769546721e-02
9.700000000e-05,-4.755282581e+00,-4.791760442e+00,-7.295572191e-02,7.295572191e-02
9.710000000e-05,-4.842915806e+00,-4.876976482e+00,-6.812135345e-02,6.812135345e-02
9.720000000e-05,-4.911436254e+00,-4.943041926e+00,-6.321134424e-02,6.321134424e-02
9.730000000e-05,-4.960573507e+00,-4.989695994e+00,-5.824497528e-02,5.824497528e-02
9.740000000e-05,-4.990133642e+00,-5.016754517e+00,-5.324175003e-02,5.324175003e-02
9.750000000e-05,-5.000000000e+00,-5.024110659e+00,-4.822131744e-02,4.822131744e-02
9.760000000e-05,-4.990133642e+00,-5.011735339e+00,-4.320339444e-02,4.320339444e-02
9.770000000e-05,-4.960573507e+00,-4.979677351e+00,-3.820768809e-02,3.820768809e-02
9.780000000e-05,-4.911436254e+00,-4.928063163e+00,-3.325381784e-02,3.325381784e-02
9.790000000e-05,-4.842915806e+00,-4.857096425e+00,-2.836123804e-02,2.836123804e-02
9.800000000e-05,-4.755282581e+00,-4.767057162e+00,-2.354916125e-02,2.354916125e-02
9.810000000e-05,-4.648882429e+00,-4.658300671e+00,-1.883648233e-02,1.883648233e-02
9.820000000e-05,-4.524135262e+00,-4.531256114e+00,-1.424170394e-02,1.424170394e-02
9.830000000e-05,-4.381533400e+00,-4.386424832e+00,-9.782863469e-03,9.782863469e-03
9.840000000e-05,-4.221639628e+00,-4.224378358e+00,-5.477461874e-03,5.477461874e-03
9.850000000e-05,-4.045084972e+00,-4.045756169e+00,-1.342394610e-03,1.342394610e-03
9.860000000e-05,-3.852566214e+00,-3.851263156e+00,2.606115053e-03,-2.606115053e-03
9.870000000e-05,-3.644843137e+00,-3.641666847e+00,6.352580054e-03,-6.352580054e-03
9.880000000e-05,-3.422735530e+00,-3.417794374e+00,9.882310665e-03,-9.882310665e-03
9.890000000e-05,-3.187119949e+00,-3.180529213e+00,1.318147246e-02,-1.318147246e-02
9.900000000e-05,-2.938926261e+00,-2.930807691e+00,1.623714091e-02,-1.623714091e-02
9.910000000e-05,-2.679133975e+00,-2.669615299e+00,1.903735240e-02,-1.903735240e-02
9.920000000e-05,-2.408768371e+00,-2.397982795e+00,2.157115145e-02,-2.157115145e-02
9.930000000e-05,-2.128896458e+00,-2.116982141e+00,2.382863392e-02,-2.382863392e-02
9.940000000e-05,-1.840622763e+00,-1.827722270e+00,2.580098613e-02,-2.580098613e-02
9.950000000e-05,-1.545084972e+00,-1.531344712e+00,2.748051962e-02,-2.748051962e-02
9.960000000e-05,-1.243449436e+00,-1.229019085e+00,2.886070151e-02,-2.886070151e-02
9.970000000e-05,-9.369065729e-01,-9.219384828e-01,2.993618030e-02,-2.993618030e-02
9.980000000e-05,-6.266661678e-01,-6.113147644e-01,3.070280692e-02,-3.070280692e-02
9.990000000e-05,-3.139525976e-01,-2.983737720e-01,3.115765119e-02,-3.115765119e-02
1.000000000e-04,-2.117582368e-15,1.564950666e-02,3.129901332e-02,-3.129901332e-02
