time,V(in),V(rail),V(out),I(Vin),I(Vrail)
0.000000000e+00,0.000000000e+00,5.000000000e+00,0.000000000e+00,-0.000000000e+00,-0.000000000e+00
5.000000000e-06,1.203706215e-35,5.000000000e+00,4.999500049e-04,4.999500049e-06,-4.999505050e-06
1.000000000e-05,1.203706215e-35,5.000000000e+00,4.999500049e-04,4.999500049e-06,-4.999505050e-06
1.500000000e-05,1.203706215e-35,5.000000000e+00,4.999500049e-04,4.999500049e-06,-4.999505050e-06
2.000000000e-05,1.203706215e-35,5.000000000e+00,4.999500049e-04,4.999500049e-06,-4.999505050e-06
2.500000000e-05,1.203706215e-35,5.000000000e+00,4.999500049e-04,4.999500049e-06,-4.999505050e-06
3.000000000e-05,1.203706215e-35,5.000000000e+00,4.999500049e-04,4.999500049e-06,-4.999505050e-06
3.500000000e-05,1.203706215e-35,5.000000000e+00,4.999500049e-04,4.999500049e-06,-4.999505050e-06
4.000000000e-05,1.203706215e-35,5.000000000e+00,4.999500049e-04,4.999500049e-06,-4.999505050e-06
4.500000000e-05,1.203706215e-35,5.000000000e+00,4.999500049e-04,4.999500049e-06,-4.999505050e-06
5.000000000e-05,1.203706215e-35,5.000000000e+00,4.999500049e-04,4.999500049e-06,-4.999505050e-06
5.500000000e-05,1.203706215e-35,5.000000000e+00,4.999500049e-04,4.999500049e-06,-4.999505050e-06
6.000000000e-05,1.203706215e-35,5.000000000e+00,4.999500049e-04,4.999500049e-06,-4.999505050e-06
6.500000000e-05,1.203706215e-35,5.000000000e+00,4.999500049e-04,4.999500049e-06,-4.999505050e-06
7.000000000e-05,1.203706215e-35,5.000000000e+00,4.999500049e-04,4.999500049e-06,-4.999505050e-06
7.500000000e-05,1.203706215e-35,5.000000000e+00,4.999500049e-04,4.999500049e-06,-4.999505050e-06
8.000000000e-05,1.203706215e-35,5.000000000e+00,4.999500049e-04,4.999500049e-06,-4.999505050e-06
8.500000000e-05,1.203706215e-35,5.000000000e+00,4.999500049e-04,4.999500049e-06,-4.999505050e-06
9.000000000e-05,1.203706215e-35,5.000000000e+00,4.999500049e-04,4.999500049e-06,-4.999505050e-06
9.500000000e-05,1.203706215e-35,5.000000000e+00,4.999500049e-04,4.999500049e-06,-4.999505050e-06
1.000000000e-04,1.203706215e-35,5.000000000e+00,4.999500049e-04,4.999500049e-06,-4.999505050e-06
1.050000000e-04,1.203706215e-35,5.000000000e+00,4.999500049e-04,4.999500049e-06,-4.999505050e-06
1.100000000e-04,1.203706215e-35,5.000000000e+00,4.999500049e-04,4.999500049e-06,-4.999505050e-06
1.150000000e-04,1.203706215e-35,5.000000000e+00,4.999500049e-04,4.999500049e-06,-4.999505050e-06
1.200000000e-04,1.203706215e-35,5.000000000e+00,4.999500049e-04,4.999500049e-06,-4.999505050e-06
1.250000000e-04,1.203706215e-35,5.000000000e+00,4.999500049e-04,4.999500049e-06,-4.999505050e-06
1.300000000e-04,1.203706215e-35,5.000000000e+00,4.999500049e-04,4.999500049e-06,-4.999505050e-06
1.350000000e-04,1.203706215e-35,5.000000000e+00,4.999500049e-04,4.999500049e-06,-4.999505050e-06
1.400000000e-04,1.203706215e-35,5.000000000e+00,4.999500049e-04,4.999500049e-06,-4.999505050e-06
1.450000000e-04,1.203706215e-35,5.000000000e+00,4.999500049e-04,4.999500049e-06,-4.999505050e-06
1.500000000e-04,1.203706215e-35,5.000000000e+00,4.999500049e-04,4.999500049e-06,-4.999505050e-06
1.550000000e-04,1.203706215e-35,5.000000000e+00,4.999500049e-04,4.999500049e-06,-4.999505050e-06
1.600000000e-04,1.203706215e-35,5.000000000e+00,4.999500049e-04,4.999500049e-06,-4.999505050e-06
1.650000000e-04,1.203706215e-35,5.000000000e+00,4.999500049e-04,4.999500049e-06,-4.999505050e-06
1.700000000e-04,1.203706215e-35,5.000000000e+00,4.999500049e-04,4.999500049e-06,-4.999505050e-06
1.750000000e-04,1.203706215e-35,5.000000000e+00,4.999500049e-04,4.999500049e-06,-4.999505050e-06
1.800000000e-04,1.203706215e-35,5.000000000e+00,4.999500049e-04,4.999500049e-06,-4.999505050e-06
1.850000000e-04,1.203706215e-35,5.000000000e+00,4.999500049e-04,4.999500049e-06,-4.999505050e-06
1.900000000e-04,1.203706215e-35,5.000000000e+00,4.999500049e-04,4.999500049e-06,-4.999505050e-06
1.950000000e-04,1.203706215e-35,5.000000000e+00,4.999500049e-04,4.999500049e-06,-4.999505050e-06
2.000000000e-04,1.203706215e-35,5.000000000e+00,4.999500049e-04,4.999500049e-06,-4.999505050e-06
2.050000000e-04,1.203706215e-35,5.000000000e+00,4.999500049e-04,4.999500049e-06,-4.999505050e-06
2.100000000e-04,1.203706215e-35,5.000000000e+00,4.999500049e-04,4.999500049e-06,-4.999505050e-06
2.150000000e-04,1.203706215e-35,5.000000000e+00,4.999500049e-04,4.999500049e-06,-4.999505050e-06
2.200000000e-04,1.203706215e-35,5.000000000e+00,4.999500049e-04,4.999500049e-06,-4.999505050e-06
2.250000000e-04,1.203706215e-35,5.000000000e+00,4.999500049e-04,4.999500049e-06,-4.999505050e-06
2.300000000e-04,1.203706215e-35,5.000000000e+00,4.999500049e-04,4.999500049e-06,-4.999505050e-06
2.350000000e-04,1.203706215e-35,5.000000000e+00,4.999500049e-04,4.999500049e-06,-4.999505050e-06
2.400000000e-04,1.203706215e-35,5.000000000e+00,4.999500049e-04,4.999500049e-06,-4.999505050e-06
2.450000000e-04,1.203706215e-35,5.000000000e+00,4.999500049e-04,4.999500049e-06,-4.999505050e-06
2.500000000e-04,1.203706215e-35,5.000000000e+00,4.999500049e-04,4.999500049e-06,-4.999505050e-06
2.550000000e-04,1.203706215e-35,5.000000000e+00,4.999500049e-04,4.999500049e-06,-4.999505050e-06
2.600000000e-04,1.203706215e-35,5.000000000e+00,4.999500049e-04,4.999500049e-06,-4.999505050e-06
2.650000000e-04,1.203706215e-35,5.000000000e+00,4.999500049e-04,4.999500049e-06,-4.999505050e-06
2.700000000e-04,1.203706215e-35,5.000000000e+00,4.999500049e-04,4.999500049e-06,-4.999505050e-06
2.750000000e-04,1.203706215e-35,5.000000000e+00,4.999500049e-04,4.999500049e-06,-4.999505050e-06
2.800000000e-04,1.203706215e-35,5.000000000e+00,4.999500049e-04,4.999500049e-06,-4.999505050e-06
2.850000000e-04,1.203706215e-35,5.000000000e+00,4.999500049e-04,4.999500049e-06,-4.999505050e-06
2.900000000e-04,1.203706215e-35,5.000000000e+00,4.999500049e-04,4.999500049e-06,-4.999505050e-06
2.950000000e-04,1.203706215e-35,5.000000000e+00,4.999500049e-04,4.999500049e-06,-4.999505050e-06
3.000000000e-04,1.203706215e-35,5.000000000e+00,4.999500049e-04,4.999500049e-06,-4.999505050e-06
3.050000000e-04,1.203706215e-35,5.000000000e+00,4.999500049e-04,4.999500049e-06,-4.999505050e-06
3.100000000e-04,1.203706215e-35,5.000000000e+00,4.999500049e-04,4.999500049e-06,-4.999505050e-06
3.150000000e-04,1.203706215e-35,5.000000000e+00,4.999500049e-04,4.999500049e-06,-4.999505050e-06
3.200000000e-04,1.203706215e-35,5.000000000e+00,4.999500049e-04,4.999500049e-06,-4.999505050e-06
3.250000000e-04,1.203706215e-35,5.000000000e+00,4.999500049e-04,4.999500049e-06,-4.999505050e-06
3.300000000e-04,1.203706215e-35,5.000000000e+00,4.999500049e-04,4.999500049e-06,-4.999505050e-06
3.350000000e-04,1.203706215e-35,5.000000000e+00,4.999500049e-04,4.999500049e-06,-4.999505050e-06
3.400000000e-04,1.203706215e-35,5.000000000e+00,4.999500049e-04,4.999500049e-06,-4.999505050e-06
3.450000000e-04,1.203706215e-35,5.000000000e+00,4.999500049e-04,4.999500049e-06,-4.999505050e-06
3.500000000e-04,1.203706215e-35,5.000000000e+00,4.999500049e-04,4.999500049e-06,-4.999505050e-06
3.550000000e-04,1.203706215e-35,5.000000000e+00,4.999500049e-04,4.999500049e-06,-4.999505050e-06
3.600000000e-04,1.203706215e-35,5.000000000e+00,4.999500049e-04,4.999500049e-06,-4.999505050e-06
3.650000000e-04,1.203706215e-35,5.000000000e+00,4.999500049e-04,4.999500049e-06,-4.999505050e-06
3.700000000e-04,1.203706215e-35,5.000000000e+00,4.999500049e-04,4.999500049e-06,-4.999505050e-06
3.750000000e-04,1.203706215e-35,5.000000000e+00,4.999500049e-04,4.999500049e-06,-4.999505050e-06
3.800000000e-04,1.203706215e-35,5.000000000e+00,4.999500049e-04,4.999500049e-06,-4.999505050e-06
3.850000000e-04,1.203706215e-35,5.000000000e+00,4.999500049e-04,4.999500049e-06,-4.999505050e-06
3.900000000e-04,1.203706215e-35,5.000000000e+00,4.999500049e-04,4.999500049e-06,-4.999505050e-06
3.950000000e-04,1.203706215e-35,5.000000000e+00,4.999500049e-04,4.999500049e-06,-4.999505050e-06
4.000000000e-04,1.203706215e-35,5.000000000e+00,4.999500049e-04,4.999500049e-06,-4.999505050e-06
4.050000000e-04,1.203706215e-35,5.000000000e+00,4.999500049e-04,4.999500049e-06,-4.999505050e-06
4.100000000e-04,1.203706215e-35,5.000000000e+00,4.999500049e-04,4.999500049e-06,-4.999505050e-06
4.150000000e-04,1.203706215e-35,5.000000000e+00,4.999500049e-04,4.999500049e-06,-4.999505050e-06
4.200000000e-04,1.203706215e-35,5.000000000e+00,4.999500049e-04,4.999500049e-06,-4.999505050e-06
4.250000000e-04,1.203706215e-35,5.000000000e+00,4.999500049e-04,4.999500049e-06,-4.999505050e-06
4.300000000e-04,1.203706215e-35,5.000000000e+00,4.999500049e-04,4.999500049e-06,-4.999505050e-06
4.350000000e-04,1.203706215e-35,5.000000000e+00,4.999500049e-04,4.999500049e-06,-4.999505050e-06
4.400000000e-04,1.203706215e-35,5.000000000e+00,4.999500049e-04,4.999500049e-06,-4.999505050e-06
4.450000000e-04,1.203706215e-35,5.000000000e+00,4.999500049e-04,4.999500049e-06,-4.999505050e-06
4.500000000e-04,1.203706215e-35,5.000000000e+00,4.999500049e-04,4.999500049e-06,-4.999505050e-06
4.550000000e-04,1.203706215e-35,5.000000000e+00,4.999500049e-04,4.999500049e-06,-4.999505050e-06
4.600000000e-04,1.203706215e-35,5.000000000e+00,4.999500049e-04,4.999500049e-06,-4.999505050e-06
4.650000000e-04,1.203706215e-35,5.000000000e+00,4.999500049e-04,4.999500049e-06,-4.999505050e-06
4.700000000e-04,1.203706215e-35,5.000000000e+00,4.999500049e-04,4.999500049e-06,-4.999505050e-06
4.750000000e-04,1.203706215e-35,5.000000000e+00,4.999500049e-04,4.999500049e-06,-4.999505050e-06
4.800000000e-04,1.203706215e-35,5.000000000e+00,4.999500049e-04,4.999500049e-06,-4.999505050e-06
4.850000000e-04,1.203706215e-35,5.000000000e+00,4.999500049e-04,4.999500049e-06,-4.999505050e-06
4.900000000e-04,1.203706215e-35,5.000000000e+00,4.999500049e-04,4.999500049e-06,-4.999505050e-06
4.950000000e-04,1.203706215e-35,5.000000000e+00,4.999500049e-04,4.999500049e-06,-4.999505050e-06
5.000000000e-04,1.203706215e-35,5.000000000e+00,4.999500049e-04,4.999500049e-06,-4.999505050e-06
5.050000000e-04,1.203706215e-35,5.000000000e+00,4.999500049e-04,4.999500049e-06,-4.999505050e-06
5.100000000e-04,1.203706215e-35,5.000000000e+00,4.999500049e-04,4.999500049e-06,-4.999505050e-06
5.150000000e-04,1.203706215e-35,5.000000000e+00,4.999500049e-04,4.999500049e-06,-4.999505050e-06
5.200000000e-04,1.203706215e-35,5.000000000e+00,4.999500049e-04,4.999500049e-06,-4.999505050e-06
5.250000000e-04,1.203706215e-35,5.000000000e+00,4.999500049e-04,4.999500049e-06,-4.999505050e-06
5.300000000e-04,1.203706215e-35,5.000000000e+00,4.999500049e-04,4.999500049e-06,-4.999505050e-06
5.350000000e-04,1.203706215e-35,5.000000000e+00,4.999500049e-04,4.999500049e-06,-4.999505050e-06
5.400000000e-04,1.203706215e-35,5.000000000e+00,4.999500049e-04,4.999500049e-06,-4.999505050e-06
5.450000000e-04,1.203706215e-35,5.000000000e+00,4.999500049e-04,4.999500049e-06,-4.999505050e-06
5.500000000e-04,1.203706215e-35,5.000000000e+00,4.999500049e-04,4.999500049e-06,-4.999505050e-06
5.550000000e-04,1.203706215e-35,5.000000000e+00,4.999500049e-04,4.999500049e-06,-4.999505050e-06
5.600000000e-04,1.203706215e-35,5.000000000e+00,4.999500049e-04,4.999500049e-06,-4.999505050e-06
5.650000000e-04,1.203706215e-35,5.000000000e+00,4.999500049e-04,4.999500049e-06,-4.999505050e-06
5.700000000e-04,1.203706215e-35,5.000000000e+00,4.999500049e-04,4.999500049e-06,-4.999505050e-06
5.750000000e-04,1.203706215e-35,5.000000000e+00,4.999500049e-04,4.999500049e-06,-4.999505050e-06
5.800000000e-04,1.203706215e-35,5.000000000e+00,4.999500049e-04,4.999500049e-06,-4.999505050e-06
5.850000000e-04,1.203706215e-35,5.000000000e+00,4.999500049e-04,4.999500049e-06,-4.999505050e-06
5.900000000e-04,1.203706215e-35,5.000000000e+00,4.999500049e-04,4.999500049e-06,-4.999505050e-06
5.950000000e-04,1.203706215e-35,5.000000000e+00,4.999500049e-04,4.999500049e-06,-4.999505050e-06
6.000000000e-04,1.203706215e-35,5.000000000e+00,4.999500049e-04,4.999500049e-06,-4.999505050e-06
6.050000000e-04,1.203706215e-35,5.000000000e+00,4.999500049e-04,4.999500049e-06,-4.999505050e-06
6.100000000e-04,1.203706215e-35,5.000000000e+00,4.999500049e-04,4.999500049e-06,-4.999505050e-06
6.150000000e-04,1.203706215e-35,5.000000000e+00,4.999500049e-04,4.999500049e-06,-4.999505050e-06
6.200000000e-04,1.203706215e-35,5.000000000e+00,4.999500049e-04,4.999500049e-06,-4.999505050e-06
6.250000000e-04,1.203706215e-35,5.000000000e+00,4.999500049e-04,4.999500049e-06,-4.999505050e-06
6.300000000e-04,1.203706215e-35,5.000000000e+00,4.999500049e-04,4.999500049e-06,-4.999505050e-06
6.350000000e-04,1.203706215e-35,5.000000000e+00,4.999500049e-04,4.999500049e-06,-4.999505050e-06
6.400000000e-04,1.203706215e-35,5.000000000e+00,4.999500049e-04,4.999500049e-06,-4.999505050e-06
6.450000000e-04,1.203706215e-35,5.000000000e+00,4.999500049e-04,4.999500049e-06,-4.999505050e-06
6.500000000e-04,1.203706215e-35,5.000000000e+00,4.999500049e-04,4.999500049e-06,-4.999505050e-06
6.550000000e-04,1.203706215e-35,5.000000000e+00,4.999500049e-04,4.999500049e-06,-4.999505050e-06
6.600000000e-04,1.203706215e-35,5.000000000e+00,4.999500049e-04,4.999500049e-06,-4.999505050e-06
6.650000000e-04,1.203706215e-35,5.000000000e+00,4.999500049e-04,4.999500049e-06,-4.999505050e-06
6.700000000e-04,1.203706215e-35,5.000000000e+00,4.999500049e-04,4.999500049e-06,-4.999505050e-06
6.750000000e-04,1.203706215e-35,5.000000000e+00,4.999500049e-04,4.999500049e-06,-4.999505050e-06
6.800000000e-04,1.203706215e-35,5.000000000e+00,4.999500049e-04,4.999500049e-06,-4.999505050e-06
6.850000000e-04,1.203706215e-35,5.000000000e+00,4.999500049e-04,4.999500049e-06,-4.999505050e-06
6.900000000e-04,1.203706215e-35,5.000000000e+00,4.999500049e-04,4.999500049e-06,-4.999505050e-06
6.950000000e-04,1.203706215e-35,5.000000000e+00,4.999500049e-04,4.999500049e-06,-4.999505050e-06
7.000000000e-04,1.203706215e-35,5.000000000e+00,4.999500049e-04,4.999500049e-06,-4.999505050e-06
7.050000000e-04,1.203706215e-35,5.000000000e+00,4.999500049e-04,4.999500049e-06,-4.999505050e-06
7.100000000e-04,1.203706215e-35,5.000000000e+00,4.999500049e-04,4.999500049e-06,-4.999505050e-06
7.150000000e-04,1.203706215e-35,5.000000000e+00,4.999500049e-04,4.999500049e-06,-4.999505050e-06
7.200000000e-04,1.203706215e-35,5.000000000e+00,4.999500049e-04,4.999500049e-06,-4.999505050e-06
7.250000000e-04,1.203706215e-35,5.000000000e+00,4.999500049e-04,4.999500049e-06,-4.999505050e-06
7.300000000e-04,1.203706215e-35,5.000000000e+00,4.999500049e-04,4.999500049e-06,-4.999505050e-06
7.350000000e-04,1.203706215e-35,5.000000000e+00,4.999500049e-04,4.999500049e-06,-4.999505050e-06
7.400000000e-04,1.203706215e-35,5.000000000e+00,4.999500049e-04,4.999500049e-06,-4.999505050e-06
7.450000000e-04,1.203706215e-35,5.000000000e+00,4.999500049e-04,4.999500049e-06,-4.999505050e-06
7.500000000e-04,1.203706215e-35,5.000000000e+00,4.999500049e-04,4.999500049e-06,-4.999505050e-06
7.550000000e-04,1.203706215e-35,5.000000000e+00,4.999500049e-04,4.999500049e-06,-4.999505050e-06
7.600000000e-04,1.203706215e-35,5.000000000e+00,4.999500049e-04,4.999500049e-06,-4.999505050e-06
7.650000000e-04,1.203706215e-35,5.000000000e+00,4.999500049e-04,4.999500049e-06,-4.999505050e-06
7.700000000e-04,1.203706215e-35,5.000000000e+00,4.999500049e-04,4.999500049e-06,-4.999505050e-06
7.750000000e-04,1.203706215e-35,5.000000000e+00,4.999500049e-04,4.999500049e-06,-4.999505050e-06
7.800000000e-04,1.203706215e-35,5.000000000e+00,4.999500049e-04,4.999500049e-06,-4.999505050e-06
7.850000000e-04,1.203706215e-35,5.000000000e+00,4.999500049e-04,4.999500049e-06,-4.999505050e-06
7.900000000e-04,1.203706215e-35,5.000000000e+00,4.999500049e-04,4.999500049e-06,-4.999505050e-06
7.950000000e-04,1.203706215e-35,5.000000000e+00,4.999500049e-04,4.999500049e-06,-4.999505050e-06
8.000000000e-04,1.203706215e-35,5.000000000e+00,4.999500049e-04,4.999500049e-06,-4.999505050e-06
8.050000000e-04,1.203706215e-35,5.000000000e+00,4.999500049e-04,4.999500049e-06,-4.999505050e-06
8.100000000e-04,1.203706215e-35,5.000000000e+00,4.999500049e-04,4.999500049e-06,-4.999505050e-06
8.150000000e-04,1.203706215e-35,5.000000000e+00,4.999500049e-04,4.999500049e-06,-4.999505050e-06
8.200000000e-04,1.203706215e-35,5.000000000e+00,4.999500049e-04,4.999500049e-06,-4.999505050e-06
8.250000000e-04,1.203706215e-35,5.000000000e+00,4.999500049e-04,4.999500049e-06,-4.999505050e-06
8.300000000e-04,1.203706215e-35,5.000000000e+00,4.999500049e-04,4.999500049e-06,-4.999505050e-06
8.350000000e-04,1.203706215e-35,5.000000000e+00,4.999500049e-04,4.999500049e-06,-4.999505050e-06
8.400000000e-04,1.203706215e-35,5.000000000e+00,4.999500049e-04,4.999500049e-06,-4.999505050e-06
8.450000000e-04,1.203706215e-35,5.000000000e+00,4.999500049e-04,4.999500049e-06,-4.999505050e-06
8.500000000e-04,1.203706215e-35,5.000000000e+00,4.999500049e-04,4.999500049e-06,-4.999505050e-06
8.550000000e-04,1.203706215e-35,5.000000000e+00,4.999500049e-04,4.999500049e-06,-4.999505050e-06
8.600000000e-04,1.203706215e-35,5.000000000e+00,4.999500049e-04,4.999500049e-06,-4.999505050e-06
8.650000000e-04,1.203706215e-35,5.000000000e+00,4.999500049e-04,4.999500049e-06,-4.999505050e-06
8.700000000e-04,1.203706215e-35,5.000000000e+00,4.999500049e-04,4.999500049e-06,-4.999505050e-06
8.750000000e-04,1.203706215e-35,5.000000000e+00,4.999500049e-04,4.999500049e-06,-4.999505050e-06
8.800000000e-04,1.203706215e-35,5.000000000e+00,4.999500049e-04,4.999500049e-06,-4.999505050e-06
8.850000000e-04,1.203706215e-35,5.000000000e+00,4.999500049e-04,4.999500049e-06,-4.999505050e-06
8.900000000e-04,1.203706215e-35,5.000000000e+00,4.999500049e-04,4.999500049e-06,-4.999505050e-06
8.950000000e-04,1.203706215e-35,5.000000000e+00,4.999500049e-04,4.999500049e-06,-4.999505050e-06
9.000000000e-04,1.203706215e-35,5.000000000e+00,4.999500049e-04,4.999500049e-06,-4.999505050e-06
9.050000000e-04,1.203706215e-35,5.000000000e+00,4.999500049e-04,4.999500049e-06,-4.999505050e-06
9.100000000e-04,1.203706215e-35,5.000000000e+00,4.999500049e-04,4.999500049e-06,-4.999505050e-06
9.150000000e-04,1.203706215e-35,5.000000000e+00,4.999500049e-04,4.999500049e-06,-4.999505050e-06
9.200000000e-04,1.203706215e-35,5.000000000e+00,4.999500049e-04,4.999500049e-06,-4.999505050e-06
9.250000000e-04,1.203706215e-35,5.000000000e+00,4.999500049e-04,4.999500049e-06,-4.999505050e-06
9.300000000e-04,1.203706215e-35,5.000000000e+00,4.999500049e-04,4.999500049e-06,-4.999505050e-06
9.350000000e-04,1.203706215e-35,5.000000000e+00,4.999500049e-04,4.999500049e-06,-4.999505050e-06
9.400000000e-04,1.203706215e-35,5.000000000e+00,4.999500049e-04,4.999500049e-06,-4.999505050e-06
9.450000000e-04,1.203706215e-35,5.000000000e+00,4.999500049e-04,4.999500049e-06,-4.999505050e-06
9.500000000e-04,1.203706215e-35,5.000000000e+00,4.999500049e-04,4.999500049e-06,-4.999505050e-06
9.550000000e-04,1.203706215e-35,5.000000000e+00,4.999500049e-04,4.999500049e-06,-4.999505050e-06
9.600000000e-04,1.203706215e-35,5.000000000e+00,4.999500049e-04,4.999500049e-06,-4.999505050e-06
9.650000000e-04,1.203706215e-35,5.000000000e+00,4.999500049e-04,4.999500049e-06,-4.999505050e-06
9.700000000e-04,1.203706215e-35,5.000000000e+00,4.999500049e-04,4.999500049e-06,-4.999505050e-06
9.750000000e-04,1.203706215e-35,5.000000000e+00,4.999500049e-04,4.999500049e-06,-4.999505050e-06
9.800000000e-04,1.203706215e-35,5.000000000e+00,4.999500049e-04,4.999500049e-06,-4.999505050e-06
9.850000000e-04,1.203706215e-35,5.000000000e+00,4.999500049e-04,4.999500049e-06,-4.999505050e-06
9.900000000e-04,1.203706215e-35,5.000000000e+00,4.999500049e-04,4.999500049e-06,-4.999505050e-06
9.950000000e-04,1.203706215e-35,5.000000000e+00,4.999500049e-04,4.999500049e-06,-4.999505050e-06
1.000000000e-03,1.626303259e-12,5.000000000e+00,4.999500066e-04,4.999500049e-06,-4.999505050e-06
1.005000000e-03,3.750000000e+00,5.000000000e+00,3.750124987e+00,1.249867513e-06,-1.249880013e-06
1.010000000e-03,7.500000000e+00,5.000000000e+00,5.000124994e+00,-2.499875007e-02,2.499875005e-02
1.015000000e-03,1.125000000e+01,5.000000000e+00,5.000312484e+00,-6.249687517e-02,6.249687515e-02
1.020000000e-03,1.500000000e+01,5.000000000e+00,5.000499975e+00,-9.999500026e-02,9.999500024e-02
1.025000000e-03,1.500000000e+01,5.000000000e+00,5.000499975e+00,-9.999500026e-02,9.999500024e-02
1.030000000e-03,1.500000000e+01,5.000000000e+00,5.000499975e+00,-9.999500026e-02,9.999500024e-02
1.035000000e-03,1.500000000e+01,5.000000000e+00,5.000499975e+00,-9.999500026e-02,9.999500024e-02
1.040000000e-03,1.500000000e+01,5.000000000e+00,5.000499975e+00,-9.999500026e-02,9.999500024e-02
1.045000000e-03,1.500000000e+01,5.000000000e+00,5.000499975e+00,-9.999500026e-02,9.999500024e-02
1.050000000e-03,1.500000000e+01,5.000000000e+00,5.000499975e+00,-9.999500026e-02,9.999500024e-02
1.055000000e-03,1.500000000e+01,5.000000000e+00,5.000499975e+00,-9.999500026e-02,9.999500024e-02
1.060000000e-03,1.500000000e+01,5.000000000e+00,5.000499975e+00,-9.999500026e-02,9.999500024e-02
1.065000000e-03,1.500000000e+01,5.000000000e+00,5.000499975e+00,-9.999500026e-02,9.999500024e-02
1.070000000e-03,1.500000000e+01,5.000000000e+00,5.000499975e+00,-9.999500026e-02,9.999500024e-02
1.075000000e-03,1.500000000e+01,5.000000000e+00,5.000499975e+00,-9.999500026e-02,9.999500024e-02
1.080000000e-03,1.500000000e+01,5.000000000e+00,5.000499975e+00,-9.999500026e-02,9.999500024e-02
1.085000000e-03,1.500000000e+01,5.000000000e+00,5.000499975e+00,-9.999500026e-02,9.999500024e-02
1.090000000e-03,1.500000000e+01,5.000000000e+00,5.000499975e+00,-9.999500026e-02,9.999500024e-02
1.095000000e-03,1.500000000e+01,5.000000000e+00,5.000499975e+00,-9.999500026e-02,9.999500024e-02
1.100000000e-03,1.500000000e+01,5.000000000e+00,5.000499975e+00,-9.999500026e-02,9.999500024e-02
1.105000000e-03,1.500000000e+01,5.000000000e+00,5.000499975e+00,-9.999500026e-02,9.999500024e-02
1.110000000e-03,1.500000000e+01,5.000000000e+00,5.000499975e+00,-9.999500026e-02,9.999500024e-02
1.115000000e-03,1.500000000e+01,5.000000000e+00,5.000499975e+00,-9.999500026e-02,9.999500024e-02
1.120000000e-03,1.500000000e+01,5.000000000e+00,5.000499975e+00,-9.999500026e-02,9.999500024e-02
1.125000000e-03,1.500000000e+01,5.000000000e+00,5.000499975e+00,-9.999500026e-02,9.999500024e-02
1.130000000e-03,1.500000000e+01,5.000000000e+00,5.000499975e+00,-9.999500026e-02,9.999500024e-02
1.135000000e-03,1.500000000e+01,5.000000000e+00,5.000499975e+00,-9.999500026e-02,9.999500024e-02
1.140000000e-03,1.500000000e+01,5.000000000e+00,5.000499975e+00,-9.999500026e-02,9.999500024e-02
1.145000000e-03,1.500000000e+01,5.000000000e+00,5.000499975e+00,-9.999500026e-02,9.999500024e-02
1.150000000e-03,1.500000000e+01,5.000000000e+00,5.000499975e+00,-9.999500026e-02,9.999500024e-02
1.155000000e-03,1.500000000e+01,5.000000000e+00,5.000499975e+00,-9.999500026e-02,9.999500024e-02
1.160000000e-03,1.500000000e+01,5.000000000e+00,5.000499975e+00,-9.999500026e-02,9.999500024e-02
1.165000000e-03,1.500000000e+01,5.000000000e+00,5.000499975e+00,-9.999500026e-02,9.999500024e-02
1.170000000e-03,1.500000000e+01,5.000000000e+00,5.000499975e+00,-9.999500026e-02,9.999500024e-02
1.175000000e-03,1.500000000e+01,5.000000000e+00,5.000499975e+00,-9.999500026e-02,9.999500024e-02
1.180000000e-03,1.500000000e+01,5.000000000e+00,5.000499975e+00,-9.999500026e-02,9.999500024e-02
1.185000000e-03,1.500000000e+01,5.000000000e+00,5.000499975e+00,-9.999500026e-02,9.999500024e-02
1.190000000e-03,1.500000000e+01,5.000000000e+00,5.000499975e+00,-9.999500026e-02,9.999500024e-02
1.195000000e-03,1.500000000e+01,5.000000000e+00,5.000499975e+00,-9.999500026e-02,9.999500024e-02
1.200000000e-03,1.500000000e+01,5.000000000e+00,5.000499975e+00,-9.999500026e-02,9.999500024e-02
1.205000000e-03,1.500000000e+01,5.000000000e+00,5.000499975e+00,-9.999500026e-02,9.999500024e-02
1.210000000e-03,1.500000000e+01,5.000000000e+00,5.000499975e+00,-9.999500026e-02,9.999500024e-02
1.215000000e-03,1.500000000e+01,5.000000000e+00,5.000499975e+00,-9.999500026e-02,9.999500024e-02
1.220000000e-03,1.500000000e+01,5.000000000e+00,5.000499975e+00,-9.999500026e-02,9.999500024e-02
1.225000000e-03,1.500000000e+01,5.000000000e+00,5.000499975e+00,-9.999500026e-02,9.999500024e-02
1.230000000e-03,1.500000000e+01,5.000000000e+00,5.000499975e+00,-9.999500026e-02,9.999500024e-02
1.235000000e-03,1.500000000e+01,5.000000000e+00,5.000499975e+00,-9.999500026e-02,9.999500024e-02
1.240000000e-03,1.500000000e+01,5.000000000e+00,5.000499975e+00,-9.999500026e-02,9.999500024e-02
1.245000000e-03,1.500000000e+01,5.000000000e+00,5.000499975e+00,-9.999500026e-02,9.999500024e-02
1.250000000e-03,1.500000000e+01,5.000000000e+00,5.000499975e+00,-9.999500026e-02,9.999500024e-02
1.255000000e-03,1.500000000e+01,5.000000000e+00,5.000499975e+00,-9.999500026e-02,9.999500024e-02
1.260000000e-03,1.500000000e+01,5.000000000e+00,5.000499975e+00,-9.999500026e-02,9.999500024e-02
1.265000000e-03,1.500000000e+01,5.000000000e+00,5.000499975e+00,-9.999500026e-02,9.999500024e-02
1.270000000e-03,1.500000000e+01,5.000000000e+00,5.000499975e+00,-9.999500026e-02,9.999500024e-02
1.275000000e-03,1.500000000e+01,5.000000000e+00,5.000499975e+00,-9.999500026e-02,9.999500024e-02
1.280000000e-03,1.500000000e+01,5.000000000e+00,5.000499975e+00,-9.999500026e-02,9.999500024e-02
1.285000000e-03,1.500000000e+01,5.000000000e+00,5.000499975e+00,-9.999500026e-02,9.999500024e-02
1.290000000e-03,1.500000000e+01,5.000000000e+00,5.000499975e+00,-9.999500026e-02,9.999500024e-02
1.295000000e-03,1.500000000e+01,5.000000000e+00,5.000499975e+00,-9.999500026e-02,9.999500024e-02
1.300000000e-03,1.500000000e+01,5.000000000e+00,5.000499975e+00,-9.999500026e-02,9.999500024e-02
1.305000000e-03,1.500000000e+01,5.000000000e+00,5.000499975e+00,-9.999500026e-02,9.999500024e-02
1.310000000e-03,1.500000000e+01,5.000000000e+00,5.000499975e+00,-9.999500026e-02,9.999500024e-02
1.315000000e-03,1.500000000e+01,5.000000000e+00,5.000499975e+00,-9.999500026e-02,9.999500024e-02
1.320000000e-03,1.500000000e+01,5.000000000e+00,5.000499975e+00,-9.999500026e-02,9.999500024e-02
1.325000000e-03,1.500000000e+01,5.000000000e+00,5.000499975e+00,-9.999500026e-02,9.999500024e-02
1.330000000e-03,1.500000000e+01,5.000000000e+00,5.000499975e+00,-9.999500026e-02,9.999500024e-02
1.335000000e-03,1.500000000e+01,5.000000000e+00,5.000499975e+00,-9.999500026e-02,9.999500024e-02
1.340000000e-03,1.500000000e+01,5.000000000e+00,5.000499975e+00,-9.999500026e-02,9.999500024e-02
1.345000000e-03,1.500000000e+01,5.000000000e+00,5.000499975e+00,-9.999500026e-02,9.999500024e-02
1.350000000e-03,1.500000000e+01,5.000000000e+00,5.000499975e+00,-9.999500026e-02,9.999500024e-02
1.355000000e-03,1.500000000e+01,5.000000000e+00,5.000499975e+00,-9.999500026e-02,9.999500024e-02
1.360000000e-03,1.500000000e+01,5.000000000e+00,5.000499975e+00,-9.999500026e-02,9.999500024e-02
1.365000000e-03,1.500000000e+01,5.000000000e+00,5.000499975e+00,-9.999500026e-02,9.999500024e-02
1.370000000e-03,1.500000000e+01,5.000000000e+00,5.000499975e+00,-9.999500026e-02,9.999500024e-02
1.375000000e-03,1.500000000e+01,5.000000000e+00,5.000499975e+00,-9.999500026e-02,9.999500024e-02
1.380000000e-03,1.500000000e+01,5.000000000e+00,5.000499975e+00,-9.999500026e-02,9.999500024e-02
1.385000000e-03,1.500000000e+01,5.000000000e+00,5.000499975e+00,-9.999500026e-02,9.999500024e-02
1.390000000e-03,1.500000000e+01,5.000000000e+00,5.000499975e+00,-9.999500026e-02,9.999500024e-02
1.395000000e-03,1.500000000e+01,5.000000000e+00,5.000499975e+00,-9.999500026e-02,9.999500024e-02
1.400000000e-03,1.500000000e+01,5.000000000e+00,5.000499975e+00,-9.999500026e-02,9.999500024e-02
1.405000000e-03,1.500000000e+01,5.000000000e+00,5.000499975e+00,-9.999500026e-02,9.999500024e-02
1.410000000e-03,1.500000000e+01,5.000000000e+00,5.000499975e+00,-9.999500026e-02,9.999500024e-02
1.415000000e-03,1.500000000e+01,5.000000000e+00,5.000499975e+00,-9.999500026e-02,9.999500024e-02
1.420000000e-03,1.500000000e+01,5.000000000e+00,5.000499975e+00,-9.999500026e-02,9.999500024e-02
1.425000000e-03,1.500000000e+01,5.000000000e+00,5.000499975e+00,-9.999500026e-02,9.999500024e-02
1.430000000e-03,1.500000000e+01,5.000000000e+00,5.000499975e+00,-9.999500026e-02,9.999500024e-02
1.435000000e-03,1.500000000e+01,5.000000000e+00,5.000499975e+00,-9.999500026e-02,9.999500024e-02
1.440000000e-03,1.500000000e+01,5.000000000e+00,5.000499975e+00,-9.999500026e-02,9.999500024e-02
1.445000000e-03,1.500000000e+01,5.000000000e+00,5.000499975e+00,-9.999500026e-02,9.999500024e-02
1.450000000e-03,1.500000000e+01,5.000000000e+00,5.000499975e+00,-9.999500026e-02,9.999500024e-02
1.455000000e-03,1.500000000e+01,5.000000000e+00,5.000499975e+00,-9.999500026e-02,9.999500024e-02
1.460000000e-03,1.500000000e+01,5.000000000e+00,5.000499975e+00,-9.999500026e-02,9.999500024e-02
1.465000000e-03,1.500000000e+01,5.000000000e+00,5.000499975e+00,-9.999500026e-02,9.999500024e-02
1.470000000e-03,1.500000000e+01,5.000000000e+00,5.000499975e+00,-9.999500026e-02,9.999500024e-02
1.475000000e-03,1.500000000e+01,5.000000000e+00,5.000499975e+00,-9.999500026e-02,9.999500024e-02
1.480000000e-03,1.500000000e+01,5.000000000e+00,5.000499975e+00,-9.999500026e-02,9.999500024e-02
1.485000000e-03,1.500000000e+01,5.000000000e+00,5.000499975e+00,-9.999500026e-02,9.999500024e-02
1.490000000e-03,1.500000000e+01,5.000000000e+00,5.000499975e+00,-9.999500026e-02,9.999500024e-02
1.495000000e-03,1.500000000e+01,5.000000000e+00,5.000499975e+00,-9.999500026e-02,9.999500024e-02
1.500000000e-03,1.500000000e+01,5.000000000e+00,5.000499975e+00,-9.999500026e-02,9.999500024e-02
1.505000000e-03,1.500000000e+01,5.000000000e+00,5.000499975e+00,-9.999500026e-02,9.999500024e-02
1.510000000e-03,1.500000000e+01,5.000000000e+00,5.000499975e+00,-9.999500026e-02,9.999500024e-02
1.515000000e-03,1.500000000e+01,5.000000000e+00,5.000499975e+00,-9.999500026e-02,9.999500024e-02
1.520000000e-03,1.500000000e+01,5.000000000e+00,5.000499975e+00,-9.999500026e-02,9.999500024e-02
1.525000000e-03,1.500000000e+01,5.000000000e+00,5.000499975e+00,-9.999500026e-02,9.999500024e-02
1.530000000e-03,1.500000000e+01,5.000000000e+00,5.000499975e+00,-9.999500026e-02,9.999500024e-02
1.535000000e-03,1.500000000e+01,5.000000000e+00,5.000499975e+00,-9.999500026e-02,9.999500024e-02
1.540000000e-03,1.500000000e+01,5.000000000e+00,5.000499975e+00,-9.999500026e-02,9.999500024e-02
1.545000000e-03,1.500000000e+01,5.000000000e+00,5.000499975e+00,-9.999500026e-02,9.999500024e-02
1.550000000e-03,1.500000000e+01,5.000000000e+00,5.000499975e+00,-9.999500026e-02,9.999500024e-02
1.555000000e-03,1.500000000e+01,5.000000000e+00,5.000499975e+00,-9.999500026e-02,9.999500024e-02
1.560000000e-03,1.500000000e+01,5.000000000e+00,5.000499975e+00,-9.999500026e-02,9.999500024e-02
1.565000000e-03,1.500000000e+01,5.000000000e+00,5.000499975e+00,-9.999500026e-02,9.999500024e-02
1.570000000e-03,1.500000000e+01,5.000000000e+00,5.000499975e+00,-9.999500026e-02,9.999500024e-02
1.575000000e-03,1.500000000e+01,5.000000000e+00,5.000499975e+00,-9.999500026e-02,9.999500024e-02
1.580000000e-03,1.500000000e+01,5.000000000e+00,5.000499975e+00,-9.999500026e-02,9.999500024e-02
1.585000000e-03,1.500000000e+01,5.000000000e+00,5.000499975e+00,-9.999500026e-02,9.999500024e-02
1.590000000e-03,1.500000000e+01,5.000000000e+00,5.000499975e+00,-9.999500026e-02,9.999500024e-02
1.595000000e-03,1.500000000e+01,5.000000000e+00,5.000499975e+00,-9.999500026e-02,9.999500024e-02
1.600000000e-03,1.500000000e+01,5.000000000e+00,5.000499975e+00,-9.999500026e-02,9.999500024e-02
1.605000000e-03,1.500000000e+01,5.000000000e+00,5.000499975e+00,-9.999500026e-02,9.999500024e-02
1.610000000e-03,1.500000000e+01,5.000000000e+00,5.000499975e+00,-9.999500026e-02,9.999500024e-02
1.615000000e-03,1.500000000e+01,5.000000000e+00,5.000499975e+00,-9.999500026e-02,9.999500024e-02
1.620000000e-03,1.500000000e+01,5.000000000e+00,5.000499975e+00,-9.999500026e-02,9.999500024e-02
1.625000000e-03,1.500000000e+01,5.000000000e+00,5.000499975e+00,-9.999500026e-02,9.999500024e-02
1.630000000e-03,1.500000000e+01,5.000000000e+00,5.000499975e+00,-9.999500026e-02,9.999500024e-02
1.635000000e-03,1.500000000e+01,5.000000000e+00,5.000499975e+00,-9.999500026e-02,9.999500024e-02
1.640000000e-03,1.500000000e+01,5.000000000e+00,5.000499975e+00,-9.999500026e-02,9.999500024e-02
1.645000000e-03,1.500000000e+01,5.000000000e+00,5.000499975e+00,-9.999500026e-02,9.999500024e-02
1.650000000e-03,1.500000000e+01,5.000000000e+00,5.000499975e+00,-9.999500026e-02,9.999500024e-02
1.655000000e-03,1.500000000e+01,5.000000000e+00,5.000499975e+00,-9.999500026e-02,9.999500024e-02
1.660000000e-03,1.500000000e+01,5.000000000e+00,5.000499975e+00,-9.999500026e-02,9.999500024e-02
1.665000000e-03,1.500000000e+01,5.000000000e+00,5.000499975e+00,-9.999500026e-02,9.999500024e-02
1.670000000e-03,1.500000000e+01,5.000000000e+00,5.000499975e+00,-9.999500026e-02,9.999500024e-02
1.675000000e-03,1.500000000e+01,5.000000000e+00,5.000499975e+00,-9.999500026e-02,9.999500024e-02
1.680000000e-03,1.500000000e+01,5.000000000e+00,5.000499975e+00,-9.999500026e-02,9.999500024e-02
1.685000000e-03,1.500000000e+01,5.000000000e+00,5.000499975e+00,-9.999500026e-02,9.999500024e-02
1.690000000e-03,1.500000000e+01,5.000000000e+00,5.000499975e+00,-9.999500026e-02,9.999500024e-02
1.695000000e-03,1.500000000e+01,5.000000000e+00,5.000499975e+00,-9.999500026e-02,9.999500024e-02
1.700000000e-03,1.500000000e+01,5.000000000e+00,5.000499975e+00,-9.999500026e-02,9.999500024e-02
1.705000000e-03,1.500000000e+01,5.000000000e+00,5.000499975e+00,-9.999500026e-02,9.999500024e-02
1.710000000e-03,1.500000000e+01,5.000000000e+00,5.000499975e+00,-9.999500026e-02,9.999500024e-02
1.715000000e-03,1.500000000e+01,5.000000000e+00,5.000499975e+00,-9.999500026e-02,9.999500024e-02
1.720000000e-03,1.500000000e+01,5.000000000e+00,5.000499975e+00,-9.999500026e-02,9.999500024e-02
1.725000000e-03,1.500000000e+01,5.000000000e+00,5.000499975e+00,-9.999500026e-02,9.999500024e-02
1.730000000e-03,1.500000000e+01,5.000000000e+00,5.000499975e+00,-9.999500026e-02,9.999500024e-02
1.735000000e-03,1.500000000e+01,5.000000000e+00,5.000499975e+00,-9.999500026e-02,9.999500024e-02
1.740000000e-03,1.500000000e+01,5.000000000e+00,5.000499975e+00,-9.999500026e-02,9.999500024e-02
1.745000000e-03,1.500000000e+01,5.000000000e+00,5.000499975e+00,-9.999500026e-02,9.999500024e-02
1.750000000e-03,1.500000000e+01,5.000000000e+00,5.000499975e+00,-9.999500026e-02,9.999500024e-02
1.755000000e-03,1.500000000e+01,5.000000000e+00,5.000499975e+00,-9.999500026e-02,9.999500024e-02
1.760000000e-03,1.500000000e+01,5.000000000e+00,5.000499975e+00,-9.999500026e-02,9.999500024e-02
1.765000000e-03,1.500000000e+01,5.000000000e+00,5.000499975e+00,-9.999500026e-02,9.999500024e-02
1.770000000e-03,1.500000000e+01,5.000000000e+00,5.000499975e+00,-9.999500026e-02,9.999500024e-02
1.775000000e-03,1.500000000e+01,5.000000000e+00,5.000499975e+00,-9.999500026e-02,9.999500024e-02
1.780000000e-03,1.500000000e+01,5.000000000e+00,5.000499975e+00,-9.999500026e-02,9.999500024e-02
1.785000000e-03,1.500000000e+01,5.000000000e+00,5.000499975e+00,-9.999500026e-02,9.999500024e-02
1.790000000e-03,1.500000000e+01,5.000000000e+00,5.000499975e+00,-9.999500026e-02,9.999500024e-02
1.795000000e-03,1.500000000e+01,5.000000000e+00,5.000499975e+00,-9.999500026e-02,9.999500024e-02
1.800000000e-03,1.500000000e+01,5.000000000e+00,5.000499975e+00,-9.999500026e-02,9.999500024e-02
1.805000000e-03,1.500000000e+01,5.000000000e+00,5.000499975e+00,-9.999500026e-02,9.999500024e-02
1.810000000e-03,1.500000000e+01,5.000000000e+00,5.000499975e+00,-9.999500026e-02,9.999500024e-02
1.815000000e-03,1.500000000e+01,5.000000000e+00,5.000499975e+00,-9.999500026e-02,9.999500024e-02
1.820000000e-03,1.500000000e+01,5.000000000e+00,5.000499975e+00,-9.999500026e-02,9.999500024e-02
1.825000000e-03,1.500000000e+01,5.000000000e+00,5.000499975e+00,-9.999500026e-02,9.999500024e-02
1.830000000e-03,1.500000000e+01,5.000000000e+00,5.000499975e+00,-9.999500026e-02,9.999500024e-02
1.835000000e-03,1.500000000e+01,5.000000000e+00,5.000499975e+00,-9.999500026e-02,9.999500024e-02
1.840000000e-03,1.500000000e+01,5.000000000e+00,5.000499975e+00,-9.999500026e-02,9.999500024e-02
1.845000000e-03,1.500000000e+01,5.000000000e+00,5.000499975e+00,-9.999500026e-02,9.999500024e-02
1.850000000e-03,1.500000000e+01,5.000000000e+00,5.000499975e+00,-9.999500026e-02,9.999500024e-02
1.855000000e-03,1.500000000e+01,5.000000000e+00,5.000499975e+00,-9.999500026e-02,9.999500024e-02
1.860000000e-03,1.500000000e+01,5.000000000e+00,5.000499975e+00,-9.999500026e-02,9.999500024e-02
1.865000000e-03,1.500000000e+01,5.000000000e+00,5.000499975e+00,-9.999500026e-02,9.999500024e-02
1.870000000e-03,1.500000000e+01,5.000000000e+00,5.000499975e+00,-9.999500026e-02,9.999500024e-02
1.875000000e-03,1.500000000e+01,5.000000000e+00,5.000499975e+00,-9.999500026e-02,9.999500024e-02
1.880000000e-03,1.500000000e+01,5.000000000e+00,5.000499975e+00,-9.999500026e-02,9.999500024e-02
1.885000000e-03,1.500000000e+01,5.000000000e+00,5.000499975e+00,-9.999500026e-02,9.999500024e-02
1.890000000e-03,1.500000000e+01,5.000000000e+00,5.000499975e+00,-9.999500026e-02,9.999500024e-02
1.895000000e-03,1.500000000e+01,5.000000000e+00,5.000499975e+00,-9.999500026e-02,9.999500024e-02
1.900000000e-03,1.500000000e+01,5.000000000e+00,5.000499975e+00,-9.999500026e-02,9.999500024e-02
1.905000000e-03,1.500000000e+01,5.000000000e+00,5.000499975e+00,-9.999500026e-02,9.999500024e-02
1.910000000e-03,1.500000000e+01,5.000000000e+00,5.000499975e+00,-9.999500026e-02,9.999500024e-02
1.915000000e-03,1.500000000e+01,5.000000000e+00,5.000499975e+00,-9.999500026e-02,9.999500024e-02
1.920000000e-03,1.500000000e+01,5.000000000e+00,5.000499975e+00,-9.999500026e-02,9.999500024e-02
1.925000000e-03,1.500000000e+01,5.000000000e+00,5.000499975e+00,-9.999500026e-02,9.999500024e-02
1.930000000e-03,1.500000000e+01,5.000000000e+00,5.000499975e+00,-9.999500026e-02,9.999500024e-02
1.935000000e-03,1.500000000e+01,5.000000000e+00,5.000499975e+00,-9.999500026e-02,9.999500024e-02
1.940000000e-03,1.500000000e+01,5.000000000e+00,5.000499975e+00,-9.999500026e-02,9.999500024e-02
1.945000000e-03,1.500000000e+01,5.000000000e+00,5.000499975e+00,-9.999500026e-02,9.999500024e-02
1.950000000e-03,1.500000000e+01,5.000000000e+00,5.000499975e+00,-9.999500026e-02,9.999500024e-02
1.955000000e-03,1.500000000e+01,5.000000000e+00,5.000499975e+00,-9.999500026e-02,9.999500024e-02
1.960000000e-03,1.500000000e+01,5.000000000e+00,5.000499975e+00,-9.999500026e-02,9.999500024e-02
1.965000000e-03,1.500000000e+01,5.000000000e+00,5.000499975e+00,-9.999500026e-02,9.999500024e-02
1.970000000e-03,1.500000000e+01,5.000000000e+00,5.000499975e+00,-9.999500026e-02,9.999500024e-02
1.975000000e-03,1.500000000e+01,5.000000000e+00,5.000499975e+00,-9.999500026e-02,9.999500024e-02
1.980000000e-03,1.500000000e+01,5.000000000e+00,5.000499975e+00,-9.999500026e-02,9.999500024e-02
1.985000000e-03,1.500000000e+01,5.000000000e+00,5.000499975e+00,-9.999500026e-02,9.999500024e-02
1.990000000e-03,1.500000000e+01,5.000000000e+00,5.000499975e+00,-9.999500026e-02,9.999500024e-02
1.995000000e-03,1.500000000e+01,5.000000000e+00,5.000499975e+00,-9.999500026e-02,9.999500024e-02
2.000000000e-03,1.500000000e+01,5.000000000e+00,5.000499975e+00,-9.999500026e-02,9.999500024e-02
2.005000000e-03,1.500000000e+01,5.000000000e+00,5.000499975e+00,-9.999500026e-02,9.999500024e-02
2.010000000e-03,1.500000000e+01,5.000000000e+00,5.000499975e+00,-9.999500026e-02,9.999500024e-02
2.015000000e-03,1.500000000e+01,5.000000000e+00,5.000499975e+00,-9.999500026e-02,9.999500024e-02
2.020000000e-03,1.500000000e+01,5.000000000e+00,5.000499975e+00,-9.999500026e-02,9.999500024e-02
2.025000000e-03,1.500000000e+01,5.000000000e+00,5.000499975e+00,-9.999500026e-02,9.999500024e-02
2.030000000e-03,1.500000000e+01,5.000000000e+00,5.000499975e+00,-9.999500026e-02,9.999500024e-02
2.035000000e-03,1.500000000e+01,5.000000000e+00,5.000499975e+00,-9.999500026e-02,9.999500024e-02
2.040000000e-03,1.500000000e+01,5.000000000e+00,5.000499975e+00,-9.999500026e-02,9.999500024e-02
2.045000000e-03,1.500000000e+01,5.000000000e+00,5.000499975e+00,-9.999500026e-02,9.999500024e-02
2.050000000e-03,1.500000000e+01,5.000000000e+00,5.000499975e+00,-9.999500026e-02,9.999500024e-02
2.055000000e-03,1.500000000e+01,5.000000000e+00,5.000499975e+00,-9.999500026e-02,9.999500024e-02
2.060000000e-03,1.500000000e+01,5.000000000e+00,5.000499975e+00,-9.999500026e-02,9.999500024e-02
2.065000000e-03,1.500000000e+01,5.000000000e+00,5.000499975e+00,-9.999500026e-02,9.999500024e-02
2.070000000e-03,1.500000000e+01,5.000000000e+00,5.000499975e+00,-9.999500026e-02,9.999500024e-02
2.075000000e-03,1.500000000e+01,5.000000000e+00,5.000499975e+00,-9.999500026e-02,9.999500024e-02
2.080000000e-03,1.500000000e+01,5.000000000e+00,5.000499975e+00,-9.999500026e-02,9.999500024e-02
2.085000000e-03,1.500000000e+01,5.000000000e+00,5.000499975e+00,-9.999500026e-02,9.999500024e-02
2.090000000e-03,1.500000000e+01,5.000000000e+00,5.000499975e+00,-9.999500026e-02,9.999500024e-02
2.095000000e-03,1.500000000e+01,5.000000000e+00,5.000499975e+00,-9.999500026e-02,9.999500024e-02
2.100000000e-03,1.500000000e+01,5.000000000e+00,5.000499975e+00,-9.999500026e-02,9.999500024e-02
2.105000000e-03,1.500000000e+01,5.000000000e+00,5.000499975e+00,-9.999500026e-02,9.999500024e-02
2.110000000e-03,1.500000000e+01,5.000000000e+00,5.000499975e+00,-9.999500026e-02,9.999500024e-02
2.115000000e-03,1.500000000e+01,5.000000000e+00,5.000499975e+00,-9.999500026e-02,9.999500024e-02
2.120000000e-03,1.500000000e+01,5.000000000e+00,5.000499975e+00,-9.999500026e-02,9.999500024e-02
2.125000000e-03,1.500000000e+01,5.000000000e+00,5.000499975e+00,-9.999500026e-02,9.999500024e-02
2.130000000e-03,1.500000000e+01,5.000000000e+00,5.000499975e+00,-9.999500026e-02,9.999500024e-02
2.135000000e-03,1.500000000e+01,5.000000000e+00,5.000499975e+00,-9.999500026e-02,9.999500024e-02
2.140000000e-03,1.500000000e+01,5.000000000e+00,5.000499975e+00,-9.999500026e-02,9.999500024e-02
2.145000000e-03,1.500000000e+01,5.000000000e+00,5.000499975e+00,-9.999500026e-02,9.999500024e-02
2.150000000e-03,1.500000000e+01,5.000000000e+00,5.000499975e+00,-9.999500026e-02,9.999500024e-02
2.155000000e-03,1.500000000e+01,5.000000000e+00,5.000499975e+00,-9.999500026e-02,9.999500024e-02
2.160000000e-03,1.500000000e+01,5.000000000e+00,5.000499975e+00,-9.999500026e-02,9.999500024e-02
2.165000000e-03,1.500000000e+01,5.000000000e+00,5.000499975e+00,-9.999500026e-02,9.999500024e-02
2.170000000e-03,1.500000000e+01,5.000000000e+00,5.000499975e+00,-9.999500026e-02,9.999500024e-02
2.175000000e-03,1.500000000e+01,5.000000000e+00,5.000499975e+00,-9.999500026e-02,9.999500024e-02
2.180000000e-03,1.500000000e+01,5.000000000e+00,5.000499975e+00,-9.999500026e-02,9.999500024e-02
2.185000000e-03,1.500000000e+01,5.000000000e+00,5.000499975e+00,-9.999500026e-02,9.999500024e-02
2.190000000e-03,1.500000000e+01,5.000000000e+00,5.000499975e+00,-9.999500026e-02,9.999500024e-02
2.195000000e-03,1.500000000e+01,5.000000000e+00,5.000499975e+00,-9.999500026e-02,9.999500024e-02
2.200000000e-03,1.500000000e+01,5.000000000e+00,5.000499975e+00,-9.999500026e-02,9.999500024e-02
2.205000000e-03,1.500000000e+01,5.000000000e+00,5.000499975e+00,-9.999500026e-02,9.999500024e-02
2.210000000e-03,1.500000000e+01,5.000000000e+00,5.000499975e+00,-9.999500026e-02,9.999500024e-02
2.215000000e-03,1.500000000e+01,5.000000000e+00,5.000499975e+00,-9.999500026e-02,9.999500024e-02
2.220000000e-03,1.500000000e+01,5.000000000e+00,5.000499975e+00,-9.999500026e-02,9.999500024e-02
2.225000000e-03,1.500000000e+01,5.000000000e+00,5.000499975e+00,-9.999500026e-02,9.999500024e-02
2.230000000e-03,1.500000000e+01,5.000000000e+00,5.000499975e+00,-9.999500026e-02,9.999500024e-02
2.235000000e-03,1.500000000e+01,5.000000000e+00,5.000499975e+00,-9.999500026e-02,9.999500024e-02
2.240000000e-03,1.500000000e+01,5.000000000e+00,5.000499975e+00,-9.999500026e-02,9.999500024e-02
2.245000000e-03,1.500000000e+01,5.000000000e+00,5.000499975e+00,-9.999500026e-02,9.999500024e-02
2.250000000e-03,1.500000000e+01,5.000000000e+00,5.000499975e+00,-9.999500026e-02,9.999500024e-02
2.255000000e-03,1.500000000e+01,5.000000000e+00,5.000499975e+00,-9.999500026e-02,9.999500024e-02
2.260000000e-03,1.500000000e+01,5.000000000e+00,5.000499975e+00,-9.999500026e-02,9.999500024e-02
2.265000000e-03,1.500000000e+01,5.000000000e+00,5.000499975e+00,-9.999500026e-02,9.999500024e-02
2.270000000e-03,1.500000000e+01,5.000000000e+00,5.000499975e+00,-9.999500026e-02,9.999500024e-02
2.275000000e-03,1.500000000e+01,5.000000000e+00,5.000499975e+00,-9.999500026e-02,9.999500024e-02
2.280000000e-03,1.500000000e+01,5.000000000e+00,5.000499975e+00,-9.999500026e-02,9.999500024e-02
2.285000000e-03,1.500000000e+01,5.000000000e+00,5.000499975e+00,-9.999500026e-02,9.999500024e-02
2.290000000e-03,1.500000000e+01,5.000000000e+00,5.000499975e+00,-9.999500026e-02,9.999500024e-02
2.295000000e-03,1.500000000e+01,5.000000000e+00,5.000499975e+00,-9.999500026e-02,9.999500024e-02
2.300000000e-03,1.500000000e+01,5.000000000e+00,5.000499975e+00,-9.999500026e-02,9.999500024e-02
2.305000000e-03,1.500000000e+01,5.000000000e+00,5.000499975e+00,-9.999500026e-02,9.999500024e-02
2.310000000e-03,1.500000000e+01,5.000000000e+00,5.000499975e+00,-9.999500026e-02,9.999500024e-02
2.315000000e-03,1.500000000e+01,5.000000000e+00,5.000499975e+00,-9.999500026e-02,9.999500024e-02
2.320000000e-03,1.500000000e+01,5.000000000e+00,5.000499975e+00,-9.999500026e-02,9.999500024e-02
2.325000000e-03,1.500000000e+01,5.000000000e+00,5.000499975e+00,-9.999500026e-02,9.999500024e-02
2.330000000e-03,1.500000000e+01,5.000000000e+00,5.000499975e+00,-9.999500026e-02,9.999500024e-02
2.335000000e-03,1.500000000e+01,5.000000000e+00,5.000499975e+00,-9.999500026e-02,9.999500024e-02
2.340000000e-03,1.500000000e+01,5.000000000e+00,5.000499975e+00,-9.999500026e-02,9.999500024e-02
2.345000000e-03,1.500000000e+01,5.000000000e+00,5.000499975e+00,-9.999500026e-02,9.999500024e-02
2.350000000e-03,1.500000000e+01,5.000000000e+00,5.000499975e+00,-9.999500026e-02,9.999500024e-02
2.355000000e-03,1.500000000e+01,5.000000000e+00,5.000499975e+00,-9.999500026e-02,9.999500024e-02
2.360000000e-03,1.500000000e+01,5.000000000e+00,5.000499975e+00,-9.999500026e-02,9.999500024e-02
2.365000000e-03,1.500000000e+01,5.000000000e+00,5.000499975e+00,-9.999500026e-02,9.999500024e-02
2.370000000e-03,1.500000000e+01,5.000000000e+00,5.000499975e+00,-9.999500026e-02,9.999500024e-02
2.375000000e-03,1.500000000e+01,5.000000000e+00,5.000499975e+00,-9.999500026e-02,9.999500024e-02
2.380000000e-03,1.500000000e+01,5.000000000e+00,5.000499975e+00,-9.999500026e-02,9.999500024e-02
2.385000000e-03,1.500000000e+01,5.000000000e+00,5.000499975e+00,-9.999500026e-02,9.999500024e-02
2.390000000e-03,1.500000000e+01,5.000000000e+00,5.000499975e+00,-9.999500026e-02,9.999500024e-02
2.395000000e-03,1.500000000e+01,5.000000000e+00,5.000499975e+00,-9.999500026e-02,9.999500024e-02
2.400000000e-03,1.500000000e+01,5.000000000e+00,5.000499975e+00,-9.999500026e-02,9.999500024e-02
2.405000000e-03,1.500000000e+01,5.000000000e+00,5.000499975e+00,-9.999500026e-02,9.999500024e-02
2.410000000e-03,1.500000000e+01,5.000000000e+00,5.000499975e+00,-9.999500026e-02,9.999500024e-02
2.415000000e-03,1.500000000e+01,5.000000000e+00,5.000499975e+00,-9.999500026e-02,9.999500024e-02
2.420000000e-03,1.500000000e+01,5.000000000e+00,5.000499975e+00,-9.999500026e-02,9.999500024e-02
2.425000000e-03,1.500000000e+01,5.000000000e+00,5.000499975e+00,-9.999500026e-02,9.999500024e-02
2.430000000e-03,1.500000000e+01,5.000000000e+00,5.000499975e+00,-9.999500026e-02,9.999500024e-02
2.435000000e-03,1.500000000e+01,5.000000000e+00,5.000499975e+00,-9.999500026e-02,9.999500024e-02
2.440000000e-03,1.500000000e+01,5.000000000e+00,5.000499975e+00,-9.999500026e-02,9.999500024e-02
2.445000000e-03,1.500000000e+01,5.000000000e+00,5.000499975e+00,-9.999500026e-02,9.999500024e-02
2.450000000e-03,1.500000000e+01,5.000000000e+00,5.000499975e+00,-9.999500026e-02,9.999500024e-02
2.455000000e-03,1.500000000e+01,5.000000000e+00,5.000499975e+00,-9.999500026e-02,9.999500024e-02
2.460000000e-03,1.500000000e+01,5.000000000e+00,5.000499975e+00,-9.999500026e-02,9.999500024e-02
2.465000000e-03,1.500000000e+01,5.000000000e+00,5.000499975e+00,-9.999500026e-02,9.999500024e-02
2.470000000e-03,1.500000000e+01,5.000000000e+00,5.000499975e+00,-9.999500026e-02,9.999500024e-02
2.475000000e-03,1.500000000e+01,5.000000000e+00,5.000499975e+00,-9.999500026e-02,9.999500024e-02
2.480000000e-03,1.500000000e+01,5.000000000e+00,5.000499975e+00,-9.999500026e-02,9.999500024e-02
2.485000000e-03,1.500000000e+01,5.000000000e+00,5.000499975e+00,-9.999500026e-02,9.999500024e-02
2.490000000e-03,1.500000000e+01,5.000000000e+00,5.000499975e+00,-9.999500026e-02,9.999500024e-02
2.495000000e-03,1.500000000e+01,5.000000000e+00,5.000499975e+00,-9.999500026e-02,9.999500024e-02
2.500000000e-03,1.500000000e+01,5.000000000e+00,5.000499975e+00,-9.999500026e-02,9.999500024e-02
2.505000000e-03,1.500000000e+01,5.000000000e+00,5.000499975e+00,-9.999500026e-02,9.999500024e-02
2.510000000e-03,1.500000000e+01,5.000000000e+00,5.000499975e+00,-9.999500026e-02,9.999500024e-02
2.515000000e-03,1.500000000e+01,5.000000000e+00,5.000499975e+00,-9.999500026e-02,9.999500024e-02
2.520000000e-03,1.500000000e+01,5.000000000e+00,5.000499975e+00,-9.999500026e-02,9.999500024e-02
2.525000000e-03,1.125000000e+01,5.000000000e+00,5.000312484e+00,-6.249687517e-02,6.249687515e-02
2.530000000e-03,7.500000000e+00,5.000000000e+00,5.000124994e+00,-2.499875007e-02,2.499875005e-02
2.535000000e-03,3.750000000e+00,5.000000000e+00,3.750124987e+00,1.249867513e-06,-1.249880013e-06
2.540000000e-03,1.459832255e-11,5.000000000e+00,4.999500195e-04,4.999500049e-06,-4.999505050e-06
2.545000000e-03,-2.407412430e-35,5.000000000e+00,4.999500049e-04,4.999500049e-06,-4.999505050e-06
2.550000000e-03,-2.365094634e-35,5.000000000e+00,4.999500049e-04,4.999500049e-06,-4.999505050e-06
2.555000000e-03,-2.322776837e-35,5.000000000e+00,4.999500049e-04,4.999500049e-06,-4.999505050e-06
2.560000000e-03,-2.280459041e-35,5.000000000e+00,4.999500049e-04,4.999500049e-06,-4.999505050e-06
2.565000000e-03,-2.238141244e-35,5.000000000e+00,4.999500049e-04,4.999500049e-06,-4.999505050e-06
2.570000000e-03,-2.195823447e-35,5.000000000e+00,4.999500049e-04,4.999500049e-06,-4.999505050e-06
2.575000000e-03,-2.153505651e-35,5.000000000e+00,4.999500049e-04,4.999500049e-06,-4.999505050e-06
2.580000000e-03,-2.111187854e-35,5.000000000e+00,4.999500049e-04,4.999500049e-06,-4.999505050e-06
2.585000000e-03,-2.072396540e-35,5.000000000e+00,4.999500049e-04,4.999500049e-06,-4.999505050e-06
2.590000000e-03,-2.037131710e-35,5.000000000e+00,4.999500049e-04,4.999500049e-06,-4.999505050e-06
2.595000000e-03,-2.001866879e-35,5.000000000e+00,4.999500049e-04,4.999500049e-06,-4.999505050e-06
2.600000000e-03,-1.966602049e-35,5.000000000e+00,4.999500049e-04,4.999500049e-06,-4.999505050e-06
2.605000000e-03,-1.931337218e-35,5.000000000e+00,4.999500049e-04,4.999500049e-06,-4.999505050e-06
2.610000000e-03,-1.896072388e-35,5.000000000e+00,4.999500049e-04,4.999500049e-06,-4.999505050e-06
2.615000000e-03,-1.860807557e-35,5.000000000e+00,4.999500049e-04,4.999500049e-06,-4.999505050e-06
2.620000000e-03,-1.825542727e-35,5.000000000e+00,4.999500049e-04,4.999500049e-06,-4.999505050e-06
2.625000000e-03,-1.790277896e-35,5.000000000e+00,4.999500049e-04,4.999500049e-06,-4.999505050e-06
2.630000000e-03,-1.755013066e-35,5.000000000e+00,4.999500049e-04,4.999500049e-06,-4.999505050e-06
2.635000000e-03,-1.719748235e-35,5.000000000e+00,4.999500049e-04,4.999500049e-06,-4.999505050e-06
2.640000000e-03,-1.684483405e-35,5.000000000e+00,4.999500049e-04,4.999500049e-06,-4.999505050e-06
2.645000000e-03,-1.649218574e-35,5.000000000e+00,4.999500049e-04,4.999500049e-06,-4.999505050e-06
2.650000000e-03,-1.613953744e-35,5.000000000e+00,4.999500049e-04,4.999500049e-06,-4.999505050e-06
2.655000000e-03,-1.578688913e-35,5.000000000e+00,4.999500049e-04,4.999500049e-06,-4.999505050e-06
2.660000000e-03,-1.543424083e-35,5.000000000e+00,4.999500049e-04,4.999500049e-06,-4.999505050e-06
2.665000000e-03,-1.508159252e-35,5.000000000e+00,4.999500049e-04,4.999500049e-06,-4.999505050e-06
2.670000000e-03,-1.494053320e-35,5.000000000e+00,4.999500049e-04,4.999500049e-06,-4.999505050e-06
2.675000000e-03,-1.501106286e-35,5.000000000e+00,4.999500049e-04,4.999500049e-06,-4.999505050e-06
2.680000000e-03,-1.508159252e-35,5.000000000e+00,4.999500049e-04,4.999500049e-06,-4.999505050e-06
2.685000000e-03,-1.494053320e-35,5.000000000e+00,4.999500049e-04,4.999500049e-06,-4.999505050e-06
2.690000000e-03,-1.501106286e-35,5.000000000e+00,4.999500049e-04,4.999500049e-06,-4.999505050e-06
2.695000000e-03,-1.508159252e-35,5.000000000e+00,4.999500049e-04,4.999500049e-06,-4.999505050e-06
2.700000000e-03,-1.494053320e-35,5.000000000e+00,4.999500049e-04,4.999500049e-06,-4.999505050e-06
2.705000000e-03,-1.501106286e-35,5.000000000e+00,4.999500049e-04,4.999500049e-06,-4.999505050e-06
2.710000000e-03,-1.508159252e-35,5.000000000e+00,4.999500049e-04,4.999500049e-06,-4.999505050e-06
2.715000000e-03,-1.494053320e-35,5.000000000e+00,4.999500049e-04,4.999500049e-06,-4.999505050e-06
2.720000000e-03,-1.501106286e-35,5.000000000e+00,4.999500049e-04,4.999500049e-06,-4.999505050e-06
2.725000000e-03,-1.508159252e-35,5.000000000e+00,4.999500049e-04,4.999500049e-06,-4.999505050e-06
2.730000000e-03,-1.494053320e-35,5.000000000e+00,4.999500049e-04,4.999500049e-06,-4.999505050e-06
2.735000000e-03,-1.501106286e-35,5.000000000e+00,4.999500049e-04,4.999500049e-06,-4.999505050e-06
2.740000000e-03,-1.508159252e-35,5.000000000e+00,4.999500049e-04,4.999500049e-06,-4.999505050e-06
2.745000000e-03,-1.494053320e-35,5.000000000e+00,4.999500049e-04,4.999500049e-06,-4.999505050e-06
2.750000000e-03,-1.501106286e-35,5.000000000e+00,4.999500049e-04,4.999500049e-06,-4.999505050e-06
2.755000000e-03,-1.508159252e-35,5.000000000e+00,4.999500049e-04,4.999500049e-06,-4.999505050e-06
2.760000000e-03,-1.494053320e-35,5.000000000e+00,4.999500049e-04,4.999500049e-06,-4.999505050e-06
2.765000000e-03,-1.501106286e-35,5.000000000e+00,4.999500049e-04,4.999500049e-06,-4.999505050e-06
2.770000000e-03,-1.508159252e-35,5.000000000e+00,4.999500049e-04,4.999500049e-06,-4.999505050e-06
2.775000000e-03,-1.494053320e-35,5.000000000e+00,4.999500049e-04,4.999500049e-06,-4.999505050e-06
2.780000000e-03,-1.501106286e-35,5.000000000e+00,4.999500049e-04,4.999500049e-06,-4.999505050e-06
2.785000000e-03,-1.508159252e-35,5.000000000e+00,4.999500049e-04,4.999500049e-06,-4.999505050e-06
2.790000000e-03,-1.494053320e-35,5.000000000e+00,4.999500049e-04,4.999500049e-06,-4.999505050e-06
2.795000000e-03,-1.501106286e-35,5.000000000e+00,4.999500049e-04,4.999500049e-06,-4.999505050e-06
2.800000000e-03,-1.508159252e-35,5.000000000e+00,4.999500049e-04,4.999500049e-06,-4.999505050e-06
2.805000000e-03,-1.494053320e-35,5.000000000e+00,4.999500049e-04,4.999500049e-06,-4.999505050e-06
2.810000000e-03,-1.501106286e-35,5.000000000e+00,4.999500049e-04,4.999500049e-06,-4.999505050e-06
2.815000000e-03,-1.508159252e-35,5.000000000e+00,4.999500049e-04,4.999500049e-06,-4.999505050e-06
2.820000000e-03,-1.494053320e-35,5.000000000e+00,4.999500049e-04,4.999500049e-06,-4.999505050e-06
2.825000000e-03,-1.501106286e-35,5.000000000e+00,4.999500049e-04,4.999500049e-06,-4.999505050e-06
2.830000000e-03,-1.508159252e-35,5.000000000e+00,4.999500049e-04,4.999500049e-06,-4.999505050e-06
2.835000000e-03,-1.494053320e-35,5.000000000e+00,4.999500049e-04,4.999500049e-06,-4.999505050e-06
2.840000000e-03,-1.501106286e-35,5.000000000e+00,4.999500049e-04,4.999500049e-06,-4.999505050e-06
2.845000000e-03,-1.508159252e-35,5.000000000e+00,4.999500049e-04,4.999500049e-06,-4.999505050e-06
2.850000000e-03,-1.494053320e-35,5.000000000e+00,4.999500049e-04,4.999500049e-06,-4.999505050e-06
2.855000000e-03,-1.501106286e-35,5.000000000e+00,4.999500049e-04,4.999500049e-06,-4.999505050e-06
2.860000000e-03,-1.508159252e-35,5.000000000e+00,4.999500049e-04,4.999500049e-06,-4.999505050e-06
2.865000000e-03,-1.494053320e-35,5.000000000e+00,4.999500049e-04,4.999500049e-06,-4.999505050e-06
2.870000000e-03,-1.501106286e-35,5.000000000e+00,4.999500049e-04,4.999500049e-06,-4.999505050e-06
2.875000000e-03,-1.508159252e-35,5.000000000e+00,4.999500049e-04,4.999500049e-06,-4.999505050e-06
2.880000000e-03,-1.494053320e-35,5.000000000e+00,4.999500049e-04,4.999500049e-06,-4.999505050e-06
2.885000000e-03,-1.501106286e-35,5.000000000e+00,4.999500049e-04,4.999500049e-06,-4.999505050e-06
2.890000000e-03,-1.508159252e-35,5.000000000e+00,4.999500049e-04,4.999500049e-06,-4.999505050e-06
2.895000000e-03,-1.494053320e-35,5.000000000e+00,4.999500049e-04,4.999500049e-06,-4.999505050e-06
2.900000000e-03,-1.501106286e-35,5.000000000e+00,4.999500049e-04,4.999500049e-06,-4.999505050e-06
2.905000000e-03,-1.508159252e-35,5.000000000e+00,4.999500049e-04,4.999500049e-06,-4.999505050e-06
2.910000000e-03,-1.494053320e-35,5.000000000e+00,4.999500049e-04,4.999500049e-06,-4.999505050e-06
2.915000000e-03,-1.501106286e-35,5.000000000e+00,4.999500049e-04,4.999500049e-06,-4.999505050e-06
2.920000000e-03,-1.508159252e-35,5.000000000e+00,4.999500049e-04,4.999500049e-06,-4.999505050e-06
2.925000000e-03,-1.494053320e-35,5.000000000e+00,4.999500049e-04,4.999500049e-06,-4.999505050e-06
2.930000000e-03,-1.501106286e-35,5.000000000e+00,4.999500049e-04,4.999500049e-06,-4.999505050e-06
2.935000000e-03,-1.508159252e-35,5.000000000e+00,4.999500049e-04,4.999500049e-06,-4.999505050e-06
2.940000000e-03,-1.494053320e-35,5.000000000e+00,4.999500049e-04,4.999500049e-06,-4.999505050e-06
2.945000000e-03,-1.501106286e-35,5.000000000e+00,4.999500049e-04,4.999500049e-06,-4.999505050e-06
2.950000000e-03,-1.508159252e-35,5.000000000e+00,4.999500049e-04,4.999500049e-06,-4.999505050e-06
2.955000000e-03,-1.494053320e-35,5.000000000e+00,4.999500049e-04,4.999500049e-06,-4.999505050e-06
2.960000000e-03,-1.501106286e-35,5.000000000e+00,4.999500049e-04,4.999500049e-06,-4.999505050e-06
2.965000000e-03,-1.508159252e-35,5.000000000e+00,4.999500049e-04,4.999500049e-06,-4.999505050e-06
2.970000000e-03,-1.494053320e-35,5.000000000e+00,4.999500049e-04,4.999500049e-06,-4.999505050e-06
2.975000000e-03,-1.501106286e-35,5.000000000e+00,4.999500049e-04,4.999500049e-06,-4.999505050e-06
2.980000000e-03,-1.508159252e-35,5.000000000e+00,4.999500049e-04,4.999500049e-06,-4.999505050e-06
2.985000000e-03,-1.494053320e-35,5.000000000e+00,4.999500049e-04,4.999500049e-06,-4.999505050e-06
2.990000000e-03,-1.501106286e-35,5.000000000e+00,4.999500049e-04,4.999500049e-06,-4.999505050e-06
2.995000000e-03,-1.508159252e-35,5.000000000e+00,4.999500049e-04,4.999500049e-06,-4.999505050e-06
3.000000000e-03,-1.494053320e-35,5.000000000e+00,4.999500049e-04,4.999500049e-06,-4.999505050e-06
3.005000000e-03,-1.501106286e-35,5.000000000e+00,4.999500049e-04,4.999500049e-06,-4.999505050e-06
3.010000000e-03,-1.508159252e-35,5.000000000e+00,4.999500049e-04,4.999500049e-06,-4.999505050e-06
3.015000000e-03,-1.494053320e-35,5.000000000e+00,4.999500049e-04,4.999500049e-06,-4.999505050e-06
3.020000000e-03,-1.501106286e-35,5.000000000e+00,4.999500049e-04,4.999500049e-06,-4.999505050e-06
3.025000000e-03,-1.508159252e-35,5.000000000e+00,4.999500049e-04,4.999500049e-06,-4.999505050e-06
3.030000000e-03,-1.494053320e-35,5.000000000e+00,4.999500049e-04,4.999500049e-06,-4.999505050e-06
3.035000000e-03,-1.501106286e-35,5.000000000e+00,4.999500049e-04,4.999500049e-06,-4.999505050e-06
3.040000000e-03,-1.508159252e-35,5.000000000e+00,4.999500049e-04,4.999500049e-06,-4.999505050e-06
3.045000000e-03,-1.494053320e-35,5.000000000e+00,4.999500049e-04,4.999500049e-06,-4.999505050e-06
3.050000000e-03,-1.501106286e-35,5.000000000e+00,4.999500049e-04,4.999500049e-06,-4.999505050e-06
3.055000000e-03,-1.508159252e-35,5.000000000e+00,4.999500049e-04,4.999500049e-06,-4.999505050e-06
3.060000000e-03,-1.494053320e-35,5.000000000e+00,4.999500049e-04,4.999500049e-06,-4.999505050e-06
3.065000000e-03,-1.501106286e-35,5.000000000e+00,4.999500049e-04,4.999500049e-06,-4.999505050e-06
3.070000000e-03,-1.508159252e-35,5.000000000e+00,4.999500049e-04,4.999500049e-06,-4.999505050e-06
3.075000000e-03,-1.494053320e-35,5.000000000e+00,4.999500049e-04,4.999500049e-06,-4.999505050e-06
3.080000000e-03,-1.501106286e-35,5.000000000e+00,4.999500049e-04,4.999500049e-06,-4.999505050e-06
3.085000000e-03,-1.508159252e-35,5.000000000e+00,4.999500049e-04,4.999500049e-06,-4.999505050e-06
3.090000000e-03,-1.494053320e-35,5.000000000e+00,4.999500049e-04,4.999500049e-06,-4.999505050e-06
3.095000000e-03,-1.501106286e-35,5.000000000e+00,4.999500049e-04,4.999500049e-06,-4.999505050e-06
3.100000000e-03,-1.508159252e-35,5.000000000e+00,4.999500049e-04,4.999500049e-06,-4.999505050e-06
3.105000000e-03,-1.494053320e-35,5.000000000e+00,4.999500049e-04,4.999500049e-06,-4.999505050e-06
3.110000000e-03,-1.501106286e-35,5.000000000e+00,4.999500049e-04,4.999500049e-06,-4.999505050e-06
3.115000000e-03,-1.508159252e-35,5.000000000e+00,4.999500049e-04,4.999500049e-06,-4.999505050e-06
3.120000000e-03,-1.494053320e-35,5.000000000e+00,4.999500049e-04,4.999500049e-06,-4.999505050e-06
3.125000000e-03,-1.501106286e-35,5.000000000e+00,4.999500049e-04,4.999500049e-06,-4.999505050e-06
3.130000000e-03,-1.508159252e-35,5.000000000e+00,4.999500049e-04,4.999500049e-06,-4.999505050e-06
3.135000000e-03,-1.494053320e-35,5.000000000e+00,4.999500049e-04,4.999500049e-06,-4.999505050e-06
3.140000000e-03,-1.501106286e-35,5.000000000e+00,4.999500049e-04,4.999500049e-06,-4.999505050e-06
3.145000000e-03,-1.508159252e-35,5.000000000e+00,4.999500049e-04,4.999500049e-06,-4.999505050e-06
3.150000000e-03,-1.494053320e-35,5.000000000e+00,4.999500049e-04,4.999500049e-06,-4.999505050e-06
3.155000000e-03,-1.501106286e-35,5.000000000e+00,4.999500049e-04,4.999500049e-06,-4.999505050e-06
3.160000000e-03,-1.508159252e-35,5.000000000e+00,4.999500049e-04,4.999500049e-06,-4.999505050e-06
3.165000000e-03,-1.494053320e-35,5.000000000e+00,4.999500049e-04,4.999500049e-06,-4.999505050e-06
3.170000000e-03,-1.501106286e-35,5.000000000e+00,4.999500049e-04,4.999500049e-06,-4.999505050e-06
3.175000000e-03,-1.508159252e-35,5.000000000e+00,4.999500049e-04,4.999500049e-06,-4.999505050e-06
3.180000000e-03,-1.494053320e-35,5.000000000e+00,4.999500049e-04,4.999500049e-06,-4.999505050e-06
3.185000000e-03,-1.501106286e-35,5.000000000e+00,4.999500049e-04,4.999500049e-06,-4.999505050e-06
3.190000000e-03,-1.508159252e-35,5.000000000e+00,4.999500049e-04,4.999500049e-06,-4.999505050e-06
3.195000000e-03,-1.494053320e-35,5.000000000e+00,4.999500049e-04,4.999500049e-06,-4.999505050e-06
3.200000000e-03,-1.501106286e-35,5.000000000e+00,4.999500049e-04,4.999500049e-06,-4.999505050e-06
3.205000000e-03,-1.508159252e-35,5.000000000e+00,4.999500049e-04,4.999500049e-06,-4.999505050e-06
3.210000000e-03,-1.494053320e-35,5.000000000e+00,4.999500049e-04,4.999500049e-06,-4.999505050e-06
3.215000000e-03,-1.501106286e-35,5.000000000e+00,4.999500049e-04,4.999500049e-06,-4.999505050e-06
3.220000000e-03,-1.508159252e-35,5.000000000e+00,4.999500049e-04,4.999500049e-06,-4.999505050e-06
3.225000000e-03,-1.494053320e-35,5.000000000e+00,4.999500049e-04,4.999500049e-06,-4.999505050e-06
3.230000000e-03,-1.501106286e-35,5.000000000e+00,4.999500049e-04,4.999500049e-06,-4.999505050e-06
3.235000000e-03,-1.508159252e-35,5.000000000e+00,4.999500049e-04,4.999500049e-06,-4.999505050e-06
3.240000000e-03,-1.494053320e-35,5.000000000e+00,4.999500049e-04,4.999500049e-06,-4.999505050e-06
3.245000000e-03,-1.501106286e-35,5.000000000e+00,4.999500049e-04,4.999500049e-06,-4.999505050e-06
3.250000000e-03,-1.508159252e-35,5.000000000e+00,4.999500049e-04,4.999500049e-06,-4.999505050e-06
3.255000000e-03,-1.494053320e-35,5.000000000e+00,4.999500049e-04,4.999500049e-06,-4.999505050e-06
3.260000000e-03,-1.501106286e-35,5.000000000e+00,4.999500049e-04,4.999500049e-06,-4.999505050e-06
3.265000000e-03,-1.508159252e-35,5.000000000e+00,4.999500049e-04,4.999500049e-06,-4.999505050e-06
3.270000000e-03,-1.494053320e-35,5.000000000e+00,4.999500049e-04,4.999500049e-06,-4.999505050e-06
3.275000000e-03,-1.501106286e-35,5.000000000e+00,4.999500049e-04,4.999500049e-06,-4.999505050e-06
3.280000000e-03,-1.508159252e-35,5.000000000e+00,4.999500049e-04,4.999500049e-06,-4.999505050e-06
3.285000000e-03,-1.494053320e-35,5.000000000e+00,4.999500049e-04,4.999500049e-06,-4.999505050e-06
3.290000000e-03,-1.501106286e-35,5.000000000e+00,4.999500049e-04,4.999500049e-06,-4.999505050e-06
3.295000000e-03,-1.508159252e-35,5.000000000e+00,4.999500049e-04,4.999500049e-06,-4.999505050e-06
3.300000000e-03,-1.494053320e-35,5.000000000e+00,4.999500049e-04,4.999500049e-06,-4.999505050e-06
3.305000000e-03,-1.501106286e-35,5.000000000e+00,4.999500049e-04,4.999500049e-06,-4.999505050e-06
3.310000000e-03,-1.508159252e-35,5.000000000e+00,4.999500049e-04,4.999500049e-06,-4.999505050e-06
3.315000000e-03,-1.494053320e-35,5.000000000e+00,4.999500049e-04,4.999500049e-06,-4.999505050e-06
3.320000000e-03,-1.501106286e-35,5.000000000e+00,4.999500049e-04,4.999500049e-06,-4.999505050e-06
3.325000000e-03,-1.508159252e-35,5.000000000e+00,4.999500049e-04,4.999500049e-06,-4.999505050e-06
3.330000000e-03,-1.494053320e-35,5.000000000e+00,4.999500049e-04,4.999500049e-06,-4.999505050e-06
3.335000000e-03,-1.501106286e-35,5.000000000e+00,4.999500049e-04,4.999500049e-06,-4.999505050e-06
3.340000000e-03,-1.508159252e-35,5.000000000e+00,4.999500049e-04,4.999500049e-06,-4.999505050e-06
3.345000000e-03,-1.494053320e-35,5.000000000e+00,4.999500049e-04,4.999500049e-06,-4.999505050e-06
3.350000000e-03,-1.501106286e-35,5.000000000e+00,4.999500049e-04,4.999500049e-06,-4.999505050e-06
3.355000000e-03,-1.508159252e-35,5.000000000e+00,4.999500049e-04,4.999500049e-06,-4.999505050e-06
3.360000000e-03,-1.494053320e-35,5.000000000e+00,4.999500049e-04,4.999500049e-06,-4.999505050e-06
3.365000000e-03,-1.501106286e-35,5.000000000e+00,4.999500049e-04,4.999500049e-06,-4.999505050e-06
3.370000000e-03,-1.508159252e-35,5.000000000e+00,4.999500049e-04,4.999500049e-06,-4.999505050e-06
3.375000000e-03,-1.494053320e-35,5.000000000e+00,4.999500049e-04,4.999500049e-06,-4.999505050e-06
3.380000000e-03,-1.501106286e-35,5.000000000e+00,4.999500049e-04,4.999500049e-06,-4.999505050e-06
3.385000000e-03,-1.508159252e-35,5.000000000e+00,4.999500049e-04,4.999500049e-06,-4.999505050e-06
3.390000000e-03,-1.494053320e-35,5.000000000e+00,4.999500049e-04,4.999500049e-06,-4.999505050e-06
3.395000000e-03,-1.501106286e-35,5.000000000e+00,4.999500049e-04,4.999500049e-06,-4.999505050e-06
3.400000000e-03,-1.508159252e-35,5.000000000e+00,4.999500049e-04,4.999500049e-06,-4.999505050e-06
3.405000000e-03,-1.494053320e-35,5.000000000e+00,4.999500049e-04,4.999500049e-06,-4.999505050e-06
3.410000000e-03,-1.501106286e-35,5.000000000e+00,4.999500049e-04,4.999500049e-06,-4.999505050e-06
3.415000000e-03,-1.508159252e-35,5.000000000e+00,4.999500049e-04,4.999500049e-06,-4.999505050e-06
3.420000000e-03,-1.494053320e-35,5.000000000e+00,4.999500049e-04,4.999500049e-06,-4.999505050e-06
3.425000000e-03,-1.501106286e-35,5.000000000e+00,4.999500049e-04,4.999500049e-06,-4.999505050e-06
3.430000000e-03,-1.508159252e-35,5.000000000e+00,4.999500049e-04,4.999500049e-06,-4.999505050e-06
3.435000000e-03,-1.494053320e-35,5.000000000e+00,4.999500049e-04,4.999500049e-06,-4.999505050e-06
3.440000000e-03,-1.501106286e-35,5.000000000e+00,4.999500049e-04,4.999500049e-06,-4.999505050e-06
3.445000000e-03,-1.508159252e-35,5.000000000e+00,4.999500049e-04,4.999500049e-06,-4.999505050e-06
3.450000000e-03,-1.494053320e-35,5.000000000e+00,4.999500049e-04,4.999500049e-06,-4.999505050e-06
3.455000000e-03,-1.501106286e-35,5.000000000e+00,4.999500049e-04,4.999500049e-06,-4.999505050e-06
3.460000000e-03,-1.508159252e-35,5.000000000e+00,4.999500049e-04,4.999500049e-06,-4.999505050e-06
3.465000000e-03,-1.494053320e-35,5.000000000e+00,4.999500049e-04,4.999500049e-06,-4.999505050e-06
3.470000000e-03,-1.501106286e-35,5.000000000e+00,4.999500049e-04,4.999500049e-06,-4.999505050e-06
3.475000000e-03,-1.508159252e-35,5.000000000e+00,4.999500049e-04,4.999500049e-06,-4.999505050e-06
3.480000000e-03,-1.494053320e-35,5.000000000e+00,4.999500049e-04,4.999500049e-06,-4.999505050e-06
3.485000000e-03,-1.501106286e-35,5.000000000e+00,4.999500049e-04,4.999500049e-06,-4.999505050e-06
3.490000000e-03,-1.508159252e-35,5.000000000e+00,4.999500049e-04,4.999500049e-06,-4.999505050e-06
3.495000000e-03,-1.494053320e-35,5.000000000e+00,4.999500049e-04,4.999500049e-06,-4.999505050e-06
3.500000000e-03,-1.501106286e-35,5.000000000e+00,4.999500049e-04,4.999500049e-06,-4.999505050e-06
3.505000000e-03,-1.508159252e-35,5.000000000e+00,4.999500049e-04,4.999500049e-06,-4.999505050e-06
3.510000000e-03,-1.494053320e-35,5.000000000e+00,4.999500049e-04,4.999500049e-06,-4.999505050e-06
3.515000000e-03,-1.501106286e-35,5.000000000e+00,4.999500049e-04,4.999500049e-06,-4.999505050e-06
3.520000000e-03,-1.508159252e-35,5.000000000e+00,4.999500049e-04,4.999500049e-06,-4.999505050e-06
3.525000000e-03,-1.494053320e-35,5.000000000e+00,4.999500049e-04,4.999500049e-06,-4.999505050e-06
3.530000000e-03,-1.501106286e-35,5.000000000e+00,4.999500049e-04,4.999500049e-06,-4.999505050e-06
3.535000000e-03,-1.508159252e-35,5.000000000e+00,4.999500049e-04,4.999500049e-06,-4.999505050e-06
3.540000000e-03,-1.494053320e-35,5.000000000e+00,4.999500049e-04,4.999500049e-06,-4.999505050e-06
3.545000000e-03,-1.501106286e-35,5.000000000e+00,4.999500049e-04,4.999500049e-06,-4.999505050e-06
3.550000000e-03,-1.508159252e-35,5.000000000e+00,4.999500049e-04,4.999500049e-06,-4.999505050e-06
3.555000000e-03,-1.494053320e-35,5.000000000e+00,4.999500049e-04,4.999500049e-06,-4.999505050e-06
3.560000000e-03,-1.501106286e-35,5.000000000e+00,4.999500049e-04,4.999500049e-06,-4.999505050e-06
3.565000000e-03,-1.508159252e-35,5.000000000e+00,4.999500049e-04,4.999500049e-06,-4.999505050e-06
3.570000000e-03,-1.494053320e-35,5.000000000e+00,4.999500049e-04,4.999500049e-06,-4.999505050e-06
3.575000000e-03,-1.501106286e-35,5.000000000e+00,4.999500049e-04,4.999500049e-06,-4.999505050e-06
3.580000000e-03,-1.508159252e-35,5.000000000e+00,4.999500049e-04,4.999500049e-06,-4.999505050e-06
3.585000000e-03,-1.494053320e-35,5.000000000e+00,4.999500049e-04,4.999500049e-06,-4.999505050e-06
3.590000000e-03,-1.501106286e-35,5.000000000e+00,4.999500049e-04,4.999500049e-06,-4.999505050e-06
3.595000000e-03,-1.508159252e-35,5.000000000e+00,4.999500049e-04,4.999500049e-06,-4.999505050e-06
3.600000000e-03,-1.494053320e-35,5.000000000e+00,4.999500049e-04,4.999500049e-06,-4.999505050e-06
3.605000000e-03,-1.501106286e-35,5.000000000e+00,4.999500049e-04,4.999500049e-06,-4.999505050e-06
3.610000000e-03,-1.508159252e-35,5.000000000e+00,4.999500049e-04,4.999500049e-06,-4.999505050e-06
3.615000000e-03,-1.494053320e-35,5.000000000e+00,4.999500049e-04,4.999500049e-06,-4.999505050e-06
3.620000000e-03,-1.501106286e-35,5.000000000e+00,4.999500049e-04,4.999500049e-06,-4.999505050e-06
3.625000000e-03,-1.508159252e-35,5.000000000e+00,4.999500049e-04,4.999500049e-06,-4.999505050e-06
3.630000000e-03,-1.494053320e-35,5.000000000e+00,4.999500049e-04,4.999500049e-06,-4.999505050e-06
3.635000000e-03,-1.501106286e-35,5.000000000e+00,4.999500049e-04,4.999500049e-06,-4.999505050e-06
3.640000000e-03,-1.508159252e-35,5.000000000e+00,4.999500049e-04,4.999500049e-06,-4.999505050e-06
3.645000000e-03,-1.494053320e-35,5.000000000e+00,4.999500049e-04,4.999500049e-06,-4.999505050e-06
3.650000000e-03,-1.501106286e-35,5.000000000e+00,4.999500049e-04,4.999500049e-06,-4.999505050e-06
3.655000000e-03,-1.508159252e-35,5.000000000e+00,4.999500049e-04,4.999500049e-06,-4.999505050e-06
3.660000000e-03,-1.494053320e-35,5.000000000e+00,4.999500049e-04,4.999500049e-06,-4.999505050e-06
3.665000000e-03,-1.501106286e-35,5.000000000e+00,4.999500049e-04,4.999500049e-06,-4.999505050e-06
3.670000000e-03,-1.508159252e-35,5.000000000e+00,4.999500049e-04,4.999500049e-06,-4.999505050e-06
3.675000000e-03,-1.494053320e-35,5.000000000e+00,4.999500049e-04,4.999500049e-06,-4.999505050e-06
3.680000000e-03,-1.501106286e-35,5.000000000e+00,4.999500049e-04,4.999500049e-06,-4.999505050e-06
3.685000000e-03,-1.508159252e-35,5.000000000e+00,4.999500049e-04,4.999500049e-06,-4.999505050e-06
3.690000000e-03,-1.494053320e-35,5.000000000e+00,4.999500049e-04,4.999500049e-06,-4.999505050e-06
3.695000000e-03,-1.501106286e-35,5.000000000e+00,4.999500049e-04,4.999500049e-06,-4.999505050e-06
3.700000000e-03,-1.508159252e-35,5.000000000e+00,4.999500049e-04,4.999500049e-06,-4.999505050e-06
3.705000000e-03,-1.494053320e-35,5.000000000e+00,4.999500049e-04,4.999500049e-06,-4.999505050e-06
3.710000000e-03,-1.501106286e-35,5.000000000e+00,4.999500049e-04,4.999500049e-06,-4.999505050e-06
3.715000000e-03,-1.508159252e-35,5.000000000e+00,4.999500049e-04,4.999500049e-06,-4.999505050e-06
3.720000000e-03,-1.494053320e-35,5.000000000e+00,4.999500049e-04,4.999500049e-06,-4.999505050e-06
3.725000000e-03,-1.501106286e-35,5.000000000e+00,4.999500049e-04,4.999500049e-06,-4.999505050e-06
3.730000000e-03,-1.508159252e-35,5.000000000e+00,4.999500049e-04,4.999500049e-06,-4.999505050e-06
3.735000000e-03,-1.494053320e-35,5.000000000e+00,4.999500049e-04,4.999500049e-06,-4.999505050e-06
3.740000000e-03,-1.501106286e-35,5.000000000e+00,4.999500049e-04,4.999500049e-06,-4.999505050e-06
3.745000000e-03,-1.508159252e-35,5.000000000e+00,4.999500049e-04,4.999500049e-06,-4.999505050e-06
3.750000000e-03,-1.494053320e-35,5.000000000e+00,4.999500049e-04,4.999500049e-06,-4.999505050e-06
3.755000000e-03,-1.501106286e-35,5.000000000e+00,4.999500049e-04,4.999500049e-06,-4.999505050e-06
3.760000000e-03,-1.508159252e-35,5.000000000e+00,4.999500049e-04,4.999500049e-06,-4.999505050e-06
3.765000000e-03,-1.494053320e-35,5.000000000e+00,4.999500049e-04,4.999500049e-06,-4.999505050e-06
3.770000000e-03,-1.501106286e-35,5.000000000e+00,4.999500049e-04,4.999500049e-06,-4.999505050e-06
3.775000000e-03,-1.508159252e-35,5.000000000e+00,4.999500049e-04,4.999500049e-06,-4.999505050e-06
3.780000000e-03,-1.494053320e-35,5.000000000e+00,4.999500049e-04,4.999500049e-06,-4.999505050e-06
3.785000000e-03,-1.501106286e-35,5.000000000e+00,4.999500049e-04,4.999500049e-06,-4.999505050e-06
3.790000000e-03,-1.508159252e-35,5.000000000e+00,4.999500049e-04,4.999500049e-06,-4.999505050e-06
3.795000000e-03,-1.494053320e-35,5.000000000e+00,4.999500049e-04,4.999500049e-06,-4.999505050e-06
3.800000000e-03,-1.501106286e-35,5.000000000e+00,4.999500049e-04,4.999500049e-06,-4.999505050e-06
3.805000000e-03,-1.508159252e-35,5.000000000e+00,4.999500049e-04,4.999500049e-06,-4.999505050e-06
3.810000000e-03,-1.494053320e-35,5.000000000e+00,4.999500049e-04,4.999500049e-06,-4.999505050e-06
3.815000000e-03,-1.501106286e-35,5.000000000e+00,4.999500049e-04,4.999500049e-06,-4.999505050e-06
3.820000000e-03,-1.508159252e-35,5.000000000e+00,4.999500049e-04,4.999500049e-06,-4.999505050e-06
3.825000000e-03,-1.494053320e-35,5.000000000e+00,4.999500049e-04,4.999500049e-06,-4.999505050e-06
3.830000000e-03,-1.501106286e-35,5.000000000e+00,4.999500049e-04,4.999500049e-06,-4.999505050e-06
3.835000000e-03,-1.508159252e-35,5.000000000e+00,4.999500049e-04,4.999500049e-06,-4.999505050e-06
3.840000000e-03,-1.494053320e-35,5.000000000e+00,4.999500049e-04,4.999500049e-06,-4.999505050e-06
3.845000000e-03,-1.501106286e-35,5.000000000e+00,4.999500049e-04,4.999500049e-06,-4.999505050e-06
3.850000000e-03,-1.508159252e-35,5.000000000e+00,4.999500049e-04,4.999500049e-06,-4.999505050e-06
3.855000000e-03,-1.494053320e-35,5.000000000e+00,4.999500049e-04,4.999500049e-06,-4.999505050e-06
3.860000000e-03,-1.501106286e-35,5.000000000e+00,4.999500049e-04,4.999500049e-06,-4.999505050e-06
3.865000000e-03,-1.508159252e-35,5.000000000e+00,4.999500049e-04,4.999500049e-06,-4.999505050e-06
3.870000000e-03,-1.494053320e-35,5.000000000e+00,4.999500049e-04,4.999500049e-06,-4.999505050e-06
3.875000000e-03,-1.501106286e-35,5.000000000e+00,4.999500049e-04,4.999500049e-06,-4.999505050e-06
3.880000000e-03,-1.508159252e-35,5.000000000e+00,4.999500049e-04,4.999500049e-06,-4.999505050e-06
3.885000000e-03,-1.494053320e-35,5.000000000e+00,4.999500049e-04,4.999500049e-06,-4.999505050e-06
3.890000000e-03,-1.501106286e-35,5.000000000e+00,4.999500049e-04,4.999500049e-06,-4.999505050e-06
3.895000000e-03,-1.508159252e-35,5.000000000e+00,4.999500049e-04,4.999500049e-06,-4.999505050e-06
3.900000000e-03,-1.494053320e-35,5.000000000e+00,4.999500049e-04,4.999500049e-06,-4.999505050e-06
3.905000000e-03,-1.501106286e-35,5.000000000e+00,4.999500049e-04,4.999500049e-06,-4.999505050e-06
3.910000000e-03,-1.508159252e-35,5.000000000e+00,4.999500049e-04,4.999500049e-06,-4.999505050e-06
3.915000000e-03,-1.494053320e-35,5.000000000e+00,4.999500049e-04,4.999500049e-06,-4.999505050e-06
3.920000000e-03,-1.501106286e-35,5.000000000e+00,4.999500049e-04,4.999500049e-06,-4.999505050e-06
3.925000000e-03,-1.508159252e-35,5.000000000e+00,4.999500049e-04,4.999500049e-06,-4.999505050e-06
3.930000000e-03,-1.494053320e-35,5.000000000e+00,4.999500049e-04,4.999500049e-06,-4.999505050e-06
3.935000000e-03,-1.501106286e-35,5.000000000e+00,4.999500049e-04,4.999500049e-06,-4.999505050e-06
3.940000000e-03,-1.508159252e-35,5.000000000e+00,4.999500049e-04,4.999500049e-06,-4.999505050e-06
3.945000000e-03,-1.494053320e-35,5.000000000e+00,4.999500049e-04,4.999500049e-06,-4.999505050e-06
3.950000000e-03,-1.501106286e-35,5.000000000e+00,4.999500049e-04,4.999500049e-06,-4.999505050e-06
3.955000000e-03,-1.508159252e-35,5.000000000e+00,4.999500049e-04,4.999500049e-06,-4.999505050e-06
3.960000000e-03,-1.494053320e-35,5.000000000e+00,4.999500049e-04,4.999500049e-06,-4.999505050e-06
3.965000000e-03,-1.501106286e-35,5.000000000e+00,4.999500049e-04,4.999500049e-06,-4.999505050e-06
3.970000000e-03,-1.508159252e-35,5.000000000e+00,4.999500049e-04,4.999500049e-06,-4.999505050e-06
3.975000000e-03,-1.494053320e-35,5.000000000e+00,4.999500049e-04,4.999500049e-06,-4.999505050e-06
3.980000000e-03,-1.501106286e-35,5.000000000e+00,4.999500049e-04,4.999500049e-06,-4.999505050e-06
3.985000000e-03,-1.508159252e-35,5.000000000e+00,4.999500049e-04,4.999500049e-06,-4.999505050e-06
3.990000000e-03,-1.494053320e-35,5.000000000e+00,4.999500049e-04,4.999500049e-06,-4.999505050e-06
3.995000000e-03,-1.501106286e-35,5.000000000e+00,4.999500049e-04,4.999500049e-06,-4.999505050e-06
4.000000000e-03,-1.508159252e-35,5.000000000e+00,4.999500049e-04,4.999500049e-06,-4.999505050e-06
