time,V(in),V(out),I(Vp),I(Lp)
0.000000000e+00,0.000000000e+00,0.000000000e+00,-0.000000000e+00,0.000000000e+00
5.000000000e-06,1.000000000e+01,3.866234590e+00,-6.133765411e-01,1.011306094e-02
1.000000000e-05,1.000000000e+01,6.010015558e+00,-3.989984442e-01,3.507161777e-02
1.500000000e-05,1.000000000e+01,7.123901088e+00,-2.876098912e-01,6.806612734e-02
2.000000000e-05,1.000000000e+01,7.625237608e+00,-2.374762392e-01,1.050335042e-01
2.500000000e-05,1.000000000e+01,7.765368225e+00,-2.234631775e-01,1.435653123e-01
3.000000000e-05,1.000000000e+01,7.695513121e+00,-2.304486879e-01,1.822492237e-01
3.500000000e-05,1.000000000e+01,7.506511773e+00,-2.493488227e-01,2.202718461e-01
4.000000000e-05,1.000000000e+01,7.252797020e+00,-2.747202980e-01,2.571792199e-01
4.500000000e-05,1.000000000e+01,6.966856817e+00,-3.033143183e-01,2.927324265e-01
5.000000000e-05,1.000000000e+01,6.667957618e+00,-3.332042382e-01,3.268205693e-01
5.500000000e-05,1.000000000e+01,6.367406034e+00,-3.632593966e-01,3.594083623e-01
6.000000000e-05,1.000000000e+01,6.071722216e+00,-3.928277784e-01,3.905045901e-01
6.500000000e-05,1.000000000e+01,5.784553486e+00,-4.215446514e-01,4.201431567e-01
7.000000000e-05,1.000000000e+01,5.507828043e+00,-4.492171957e-01,4.483717251e-01
7.500000000e-05,1.000000000e+01,5.242450277e+00,-4.757549723e-01,4.752449307e-01
8.000000000e-05,1.000000000e+01,4.988719572e+00,-5.011280428e-01,5.008203533e-01
8.500000000e-05,1.000000000e+01,4.746582345e+00,-5.253417655e-01,5.251561477e-01
9.000000000e-05,1.000000000e+01,4.515783502e+00,-5.484216498e-01,5.483096733e-01
9.500000000e-05,1.000000000e+01,4.295957252e+00,-5.704042748e-01,5.703367235e-01
1.000000000e-04,1.000000000e+01,4.086681358e+00,-5.913318642e-01,5.912911129e-01
1.050000000e-04,1.000000000e+01,3.887509366e+00,-6.112490634e-01,6.112244796e-01
1.100000000e-04,1.000000000e+01,3.697989562e+00,-6.302010438e-01,6.301862133e-01
1.150000000e-04,1.000000000e+01,3.517675955e+00,-6.482324046e-01,6.482234579e-01
1.200000000e-04,1.000000000e+01,3.346134469e+00,-6.653865531e-01,6.653811559e-01
1.250000000e-04,1.000000000e+01,3.182946266e+00,-6.817053735e-01,6.817021175e-01
1.300000000e-04,1.000000000e+01,3.027709355e+00,-6.972290645e-01,6.972271003e-01
1.350000000e-04,1.000000000e+01,2.880039193e+00,-7.119960807e-01,7.119948958e-01
1.400000000e-04,1.000000000e+01,2.739568691e+00,-7.260431309e-01,7.260424161e-01
1.450000000e-04,1.000000000e+01,2.605947877e+00,-7.394052123e-01,7.394047810e-01
1.500000000e-04,1.000000000e+01,2.478843377e+00,-7.521156623e-01,7.521154022e-01
1.550000000e-04,1.000000000e+01,2.357937788e+00,-7.642062212e-01,7.642060642e-01
1.600000000e-04,1.000000000e+01,2.242929020e+00,-7.757070980e-01,7.757070033e-01
1.650000000e-04,1.000000000e+01,2.133529611e+00,-7.866470389e-01,7.866469818e-01
1.700000000e-04,1.000000000e+01,2.029466057e+00,-7.970533943e-01,7.970533599e-01
1.750000000e-04,1.000000000e+01,1.930478157e+00,-8.069521843e-01,8.069521635e-01
1.800000000e-04,1.000000000e+01,1.836318380e+00,-8.163681620e-01,8.163681494e-01
1.850000000e-04,1.000000000e+01,1.746751253e+00,-8.253248748e-01,8.253248672e-01
1.900000000e-04,1.000000000e+01,1.661552779e+00,-8.338447221e-01,8.338447175e-01
1.950000000e-04,1.000000000e+01,1.580509884e+00,-8.419490116e-01,8.419490089e-01
2.000000000e-04,1.000000000e+01,1.503419882e+00,-8.496580118e-01,8.496580102e-01
2.050000000e-04,1.000000000e+01,1.430089972e+00,-8.569910028e-01,8.569910018e-01
2.100000000e-04,1.000000000e+01,1.360336756e+00,-8.639663245e-01,8.639663238e-01
2.150000000e-04,1.000000000e+01,1.293985779e+00,-8.706014221e-01,8.706014217e-01
2.200000000e-04,1.000000000e+01,1.230871098e+00,-8.769128902e-01,8.769128900e-01
2.250000000e-04,1.000000000e+01,1.170834860e+00,-8.829165140e-01,8.829165139e-01
2.300000000e-04,1.000000000e+01,1.113726914e+00,-8.886273086e-01,8.886273085e-01
2.350000000e-04,1.000000000e+01,1.059404431e+00,-8.940595569e-01,8.940595569e-01
2.400000000e-04,1.000000000e+01,1.007731549e+00,-8.992268451e-01,8.992268451e-01
2.450000000e-04,1.000000000e+01,9.585790328e-01,-9.041420967e-01,9.041420967e-01
2.500000000e-04,1.000000000e+01,9.118239506e-01,-9.088176049e-01,9.088176049e-01
2.550000000e-04,1.000000000e+01,8.673493665e-01,-9.132650634e-01,9.132650633e-01
2.600000000e-04,1.000000000e+01,8.250440483e-01,-9.174955952e-01,9.174955952e-01
2.650000000e-04,1.000000000e+01,7.848021892e-01,-9.215197811e-01,9.215197811e-01
2.700000000e-04,1.000000000e+01,7.465231432e-01,-9.253476857e-01,9.253476857e-01
2.750000000e-04,1.000000000e+01,7.101111731e-01,-9.289888827e-01,9.289888827e-01
2.800000000e-04,1.000000000e+01,6.754752118e-01,-9.324524788e-01,9.324524788e-01
2.850000000e-04,1.000000000e+01,6.425286335e-01,-9.357471367e-01,9.357471366e-01
2.900000000e-04,1.000000000e+01,6.111890380e-01,-9.388810962e-01,9.388810962e-01
2.950000000e-04,1.000000000e+01,5.813780440e-01,-9.418621956e-01,9.418621956e-01
3.000000000e-04,1.000000000e+01,5.530210934e-01,-9.446978907e-01,9.446978907e-01
3.050000000e-04,1.000000000e+01,5.260472646e-01,-9.473952735e-01,9.473952735e-01
3.100000000e-04,1.000000000e+01,5.003890953e-01,-9.499610905e-01,9.499610905e-01
3.150000000e-04,1.000000000e+01,4.759824136e-01,-9.524017587e-01,9.524017586e-01
3.200000000e-04,1.000000000e+01,4.527661777e-01,-9.547233822e-01,9.547233822e-01
3.250000000e-04,1.000000000e+01,4.306823232e-01,-9.569317677e-01,9.569317677e-01
3.300000000e-04,1.000000000e+01,4.096756177e-01,-9.590324382e-01,9.590324382e-01
3.350000000e-04,1.000000000e+01,3.896935227e-01,-9.610306477e-01,9.610306477e-01
3.400000000e-04,1.000000000e+01,3.706860626e-01,-9.629313937e-01,9.629313937e-01
3.450000000e-04,1.000000000e+01,3.526056991e-01,-9.647394301e-01,9.647394301e-01
3.500000000e-04,1.000000000e+01,3.354072127e-01,-9.664592787e-01,9.664592787e-01
3.550000000e-04,1.000000000e+01,3.190475894e-01,-9.680952411e-01,9.680952411e-01
3.600000000e-04,1.000000000e+01,3.034859135e-01,-9.696514087e-01,9.696514087e-01
3.650000000e-04,1.000000000e+01,2.886832646e-01,-9.711316736e-01,9.711316735e-01
3.700000000e-04,1.000000000e+01,2.746026209e-01,-9.725397379e-01,9.725397379e-01
3.750000000e-04,1.000000000e+01,2.612087663e-01,-9.738791234e-01,9.738791234e-01
3.800000000e-04,1.000000000e+01,2.484682025e-01,-9.751531798e-01,9.751531798e-01
3.850000000e-04,1.000000000e+01,2.363490648e-01,-9.763650935e-01,9.763650935e-01
3.900000000e-04,1.000000000e+01,2.248210430e-01,-9.775178957e-01,9.775178957e-01
3.950000000e-04,1.000000000e+01,2.138553052e-01,-9.786144695e-01,9.786144695e-01
4.000000000e-04,1.000000000e+01,2.034244257e-01,-9.796575574e-01,9.796575574e-01
4.050000000e-04,1.000000000e+01,1.935023166e-01,-9.806497684e-01,9.806497683e-01
4.100000000e-04,1.000000000e+01,1.840641624e-01,-9.815935838e-01,9.815935838e-01
4.150000000e-04,1.000000000e+01,1.750863579e-01,-9.824913642e-01,9.824913642e-01
4.200000000e-04,1.000000000e+01,1.665464496e-01,-9.833453550e-01,9.833453550e-01
4.250000000e-04,1.000000000e+01,1.584230788e-01,-9.841576921e-01,9.841576921e-01
4.300000000e-04,1.000000000e+01,1.506959287e-01,-9.849304071e-01,9.849304071e-01
4.350000000e-04,1.000000000e+01,1.433456734e-01,-9.856654327e-01,9.856654327e-01
4.400000000e-04,1.000000000e+01,1.363539299e-01,-9.863646070e-01,9.863646070e-01
4.450000000e-04,1.000000000e+01,1.297032115e-01,-9.870296789e-01,9.870296789e-01
4.500000000e-04,1.000000000e+01,1.233768846e-01,-9.876623116e-01,9.876623115e-01
4.550000000e-04,1.000000000e+01,1.173591268e-01,-9.882640873e-01,9.882640873e-01
4.600000000e-04,1.000000000e+01,1.116348877e-01,-9.888365112e-01,9.888365112e-01
4.650000000e-04,1.000000000e+01,1.061898506e-01,-9.893810149e-01,9.893810149e-01
4.700000000e-04,1.000000000e+01,1.010103975e-01,-9.898989603e-01,9.898989603e-01
4.750000000e-04,1.000000000e+01,9.608357422e-02,-9.903916426e-01,9.903916426e-01
4.800000000e-04,1.000000000e+01,9.139705880e-02,-9.908602941e-01,9.908602941e-01
4.850000000e-04,1.000000000e+01,8.693913007e-02,-9.913060870e-01,9.913060870e-01
4.900000000e-04,1.000000000e+01,8.269863863e-02,-9.917301361e-01,9.917301361e-01
4.950000000e-04,1.000000000e+01,7.866497889e-02,-9.921335021e-01,9.921335021e-01
5.000000000e-04,1.000000000e+01,7.482806254e-02,-9.925171938e-01,9.925171937e-01
5.050000000e-04,1.000000000e+01,7.117829335e-02,-9.928821707e-01,9.928821707e-01
5.100000000e-04,1.000000000e+01,6.770654313e-02,-9.932293457e-01,9.932293457e-01
5.150000000e-04,1.000000000e+01,6.440412895e-02,-9.935595871e-01,9.935595871e-01
5.200000000e-04,1.000000000e+01,6.126279136e-02,-9.938737209e-01,9.938737209e-01
5.250000000e-04,1.000000000e+01,5.827467378e-02,-9.941725326e-01,9.941725326e-01
5.300000000e-04,1.000000000e+01,5.543230286e-02,-9.944567697e-01,9.944567697e-01
5.350000000e-04,1.000000000e+01,5.272856974e-02,-9.947271430e-01,9.947271430e-01
5.400000000e-04,1.000000000e+01,5.015671230e-02,-9.949843288e-01,9.949843288e-01
5.450000000e-04,1.000000000e+01,4.771029825e-02,-9.952289702e-01,9.952289702e-01
5.500000000e-04,1.000000000e+01,4.538320904e-02,-9.954616791e-01,9.954616791e-01
5.550000000e-04,1.000000000e+01,4.316962456e-02,-9.956830376e-01,9.956830375e-01
5.600000000e-04,1.000000000e+01,4.106400856e-02,-9.958935992e-01,9.958935991e-01
5.650000000e-04,1.000000000e+01,3.906109483e-02,-9.960938905e-01,9.960938905e-01
5.700000000e-04,1.000000000e+01,3.715587404e-02,-9.962844126e-01,9.962844126e-01
5.750000000e-04,1.000000000e+01,3.534358117e-02,-9.964656419e-01,9.964656419e-01
5.800000000e-04,1.000000000e+01,3.361968362e-02,-9.966380316e-01,9.966380316e-01
5.850000000e-04,1.000000000e+01,3.197986987e-02,-9.968020130e-01,9.968020130e-01
5.900000000e-04,1.000000000e+01,3.042003871e-02,-9.969579961e-01,9.969579961e-01
5.950000000e-04,1.000000000e+01,2.893628895e-02,-9.971063711e-01,9.971063711e-01
6.000000000e-04,1.000000000e+01,2.752490968e-02,-9.972475090e-01,9.972475090e-01
6.050000000e-04,1.000000000e+01,2.618237101e-02,-9.973817629e-01,9.973817629e-01
6.100000000e-04,1.000000000e+01,2.490531521e-02,-9.975094685e-01,9.975094685e-01
6.150000000e-04,1.000000000e+01,2.369054833e-02,-9.976309452e-01,9.976309452e-01
6.200000000e-04,1.000000000e+01,2.253503220e-02,-9.977464968e-01,9.977464968e-01
6.250000000e-04,1.000000000e+01,2.143587684e-02,-9.978564123e-01,9.978564123e-01
6.300000000e-04,1.000000000e+01,2.039033322e-02,-9.979609667e-01,9.979609667e-01
6.350000000e-04,1.000000000e+01,1.939578642e-02,-9.980604214e-01,9.980604214e-01
6.400000000e-04,1.000000000e+01,1.844974905e-02,-9.981550251e-01,9.981550251e-01
6.450000000e-04,1.000000000e+01,1.754985503e-02,-9.982450145e-01,9.982450145e-01
6.500000000e-04,1.000000000e+01,1.669385372e-02,-9.983306146e-01,9.983306146e-01
6.550000000e-04,1.000000000e+01,1.587960421e-02,-9.984120396e-01,9.984120396e-01
6.600000000e-04,1.000000000e+01,1.510507005e-02,-9.984894930e-01,9.984894930e-01
6.650000000e-04,1.000000000e+01,1.436831412e-02,-9.985631686e-01,9.985631686e-01
6.700000000e-04,1.000000000e+01,1.366749375e-02,-9.986332506e-01,9.986332506e-01
6.750000000e-04,1.000000000e+01,1.300085618e-02,-9.986999144e-01,9.986999144e-01
6.800000000e-04,1.000000000e+01,1.236673413e-02,-9.987633266e-01,9.987633266e-01
6.850000000e-04,1.000000000e+01,1.176354164e-02,-9.988236458e-01,9.988236458e-01
6.900000000e-04,1.000000000e+01,1.118977011e-02,-9.988810230e-01,9.988810230e-01
6.950000000e-04,1.000000000e+01,1.064398452e-02,-9.989356016e-01,9.989356015e-01
7.000000000e-04,1.000000000e+01,1.012481985e-02,-9.989875180e-01,9.989875180e-01
7.050000000e-04,1.000000000e+01,9.630977642e-03,-9.990369022e-01,9.990369022e-01
7.100000000e-04,1.000000000e+01,9.161222789e-03,-9.990838777e-01,9.990838777e-01
7.150000000e-04,1.000000000e+01,8.714380421e-03,-9.991285620e-01,9.991285620e-01
7.200000000e-04,1.000000000e+01,8.289332970e-03,-9.991710667e-01,9.991710667e-01
7.250000000e-04,1.000000000e+01,7.885017382e-03,-9.992114983e-01,9.992114983e-01
7.300000000e-04,1.000000000e+01,7.500422452e-03,-9.992499578e-01,9.992499578e-01
7.350000000e-04,1.000000000e+01,7.134586295e-03,-9.992865414e-01,9.992865414e-01
7.400000000e-04,1.000000000e+01,6.786593946e-03,-9.993213406e-01,9.993213406e-01
7.450000000e-04,1.000000000e+01,6.455575065e-03,-9.993544425e-01,9.993544425e-01
7.500000000e-04,1.000000000e+01,6.140701765e-03,-9.993859298e-01,9.993859298e-01
7.550000000e-04,1.000000000e+01,5.841186538e-03,-9.994158814e-01,9.994158813e-01
7.600000000e-04,1.000000000e+01,5.556280289e-03,-9.994443720e-01,9.994443720e-01
7.650000000e-04,1.000000000e+01,5.285270457e-03,-9.994714730e-01,9.994714730e-01
7.700000000e-04,1.000000000e+01,5.027479240e-03,-9.994972521e-01,9.994972521e-01
7.750000000e-04,1.000000000e+01,4.782261895e-03,-9.995217738e-01,9.995217738e-01
7.800000000e-04,1.000000000e+01,4.549005125e-03,-9.995450995e-01,9.995450995e-01
7.850000000e-04,1.000000000e+01,4.327125550e-03,-9.995672875e-01,9.995672874e-01
7.900000000e-04,1.000000000e+01,4.116068241e-03,-9.995883932e-01,9.995883932e-01
7.950000000e-04,1.000000000e+01,3.915305338e-03,-9.996084695e-01,9.996084695e-01
8.000000000e-04,1.000000000e+01,3.724334727e-03,-9.996275665e-01,9.996275665e-01
8.050000000e-04,1.000000000e+01,3.542678785e-03,-9.996457321e-01,9.996457321e-01
8.100000000e-04,1.000000000e+01,3.369883186e-03,-9.996630117e-01,9.996630117e-01
8.150000000e-04,1.000000000e+01,3.205515763e-03,-9.996794484e-01,9.996794484e-01
8.200000000e-04,1.000000000e+01,3.049165428e-03,-9.996950835e-01,9.996950835e-01
8.250000000e-04,1.000000000e+01,2.900441143e-03,-9.997099559e-01,9.997099559e-01
8.300000000e-04,1.000000000e+01,2.758970947e-03,-9.997241029e-01,9.997241029e-01
8.350000000e-04,1.000000000e+01,2.624401016e-03,-9.997375599e-01,9.997375599e-01
8.400000000e-04,1.000000000e+01,2.496394789e-03,-9.997503605e-01,9.997503605e-01
8.450000000e-04,1.000000000e+01,2.374632118e-03,-9.997625368e-01,9.997625368e-01
8.500000000e-04,1.000000000e+01,2.258808470e-03,-9.997741192e-01,9.997741192e-01
8.550000000e-04,1.000000000e+01,2.148634168e-03,-9.997851366e-01,9.997851366e-01
8.600000000e-04,1.000000000e+01,2.043833662e-03,-9.997956166e-01,9.997956166e-01
8.650000000e-04,1.000000000e+01,1.944144844e-03,-9.998055855e-01,9.998055855e-01
8.700000000e-04,1.000000000e+01,1.849318388e-03,-9.998150682e-01,9.998150682e-01
8.750000000e-04,1.000000000e+01,1.759117131e-03,-9.998240883e-01,9.998240883e-01
8.800000000e-04,1.000000000e+01,1.673315478e-03,-9.998326685e-01,9.998326685e-01
8.850000000e-04,1.000000000e+01,1.591698834e-03,-9.998408301e-01,9.998408301e-01
8.900000000e-04,1.000000000e+01,1.514063076e-03,-9.998485937e-01,9.998485937e-01
8.950000000e-04,1.000000000e+01,1.440214034e-03,-9.998559786e-01,9.998559786e-01
9.000000000e-04,1.000000000e+01,1.369967008e-03,-9.998630033e-01,9.998630033e-01
9.050000000e-04,1.000000000e+01,1.303146310e-03,-9.998696854e-01,9.998696854e-01
9.100000000e-04,1.000000000e+01,1.239584819e-03,-9.998760415e-01,9.998760415e-01
9.150000000e-04,1.000000000e+01,1.179123565e-03,-9.998820877e-01,9.998820876e-01
9.200000000e-04,1.000000000e+01,1.121611333e-03,-9.998878389e-01,9.998878389e-01
9.250000000e-04,1.000000000e+01,1.066904284e-03,-9.998933096e-01,9.998933096e-01
9.300000000e-04,1.000000000e+01,1.014865594e-03,-9.998985135e-01,9.998985134e-01
9.350000000e-04,1.000000000e+01,9.653651115e-04,-9.999034635e-01,9.999034635e-01
9.400000000e-04,1.000000000e+01,9.182790354e-04,-9.999081721e-01,9.999081721e-01
9.450000000e-04,1.000000000e+01,8.734896019e-04,-9.999126510e-01,9.999126510e-01
9.500000000e-04,1.000000000e+01,8.308847912e-04,-9.999169115e-01,9.999169115e-01
9.550000000e-04,1.000000000e+01,7.903580475e-04,-9.999209642e-01,9.999209642e-01
9.600000000e-04,1.000000000e+01,7.518080122e-04,-9.999248192e-01,9.999248192e-01
9.650000000e-04,1.000000000e+01,7.151382705e-04,-9.999284862e-01,9.999284862e-01
9.700000000e-04,1.000000000e+01,6.802571104e-04,-9.999319743e-01,9.999319743e-01
9.750000000e-04,1.000000000e+01,6.470772931e-04,-9.999352923e-01,9.999352923e-01
9.800000000e-04,1.000000000e+01,6.155158349e-04,-9.999384484e-01,9.999384484e-01
9.850000000e-04,1.000000000e+01,5.854937996e-04,-9.999414506e-01,9.999414506e-01
9.900000000e-04,1.000000000e+01,5.569361014e-04,-9.999443064e-01,9.999443064e-01
9.950000000e-04,1.000000000e+01,5.297713164e-04,-9.999470229e-01,9.999470229e-01
1.000000000e-03,1.000000000e+01,5.039315049e-04,-9.999496069e-01,9.999496068e-01
1.005000000e-03,1.000000000e+01,4.793520408e-04,-9.999520648e-01,9.999520648e-01
1.010000000e-03,1.000000000e+01,4.559714500e-04,-9.999544029e-01,9.999544029e-01
1.015000000e-03,1.000000000e+01,4.337312570e-04,-9.999566269e-01,9.999566269e-01
1.020000000e-03,1.000000000e+01,4.125758385e-04,-9.999587424e-01,9.999587424e-01
1.025000000e-03,1.000000000e+01,3.924522841e-04,-9.999607548e-01,9.999607548e-01
1.030000000e-03,1.000000000e+01,3.733102643e-04,-9.999626690e-01,9.999626690e-01
1.035000000e-03,1.000000000e+01,3.551019043e-04,-9.999644898e-01,9.999644898e-01
1.040000000e-03,1.000000000e+01,3.377816644e-04,-9.999662218e-01,9.999662218e-01
1.045000000e-03,1.000000000e+01,3.213062263e-04,-9.999678694e-01,9.999678694e-01
1.050000000e-03,1.000000000e+01,3.056343844e-04,-9.999694366e-01,9.999694366e-01
1.055000000e-03,1.000000000e+01,2.907269430e-04,-9.999709273e-01,9.999709273e-01
1.060000000e-03,1.000000000e+01,2.765466181e-04,-9.999723453e-01,9.999723453e-01
1.065000000e-03,1.000000000e+01,2.630579442e-04,-9.999736942e-01,9.999736942e-01
1.070000000e-03,1.000000000e+01,2.502271860e-04,-9.999749773e-01,9.999749773e-01
1.075000000e-03,1.000000000e+01,2.380222532e-04,-9.999761978e-01,9.999761978e-01
1.080000000e-03,1.000000000e+01,2.264126210e-04,-9.999773587e-01,9.999773587e-01
1.085000000e-03,1.000000000e+01,2.153692533e-04,-9.999784631e-01,9.999784631e-01
1.090000000e-03,1.000000000e+01,2.048645303e-04,-9.999795136e-01,9.999795135e-01
1.095000000e-03,1.000000000e+01,1.948721795e-04,-9.999805128e-01,9.999805128e-01
1.100000000e-03,1.000000000e+01,1.853672097e-04,-9.999814633e-01,9.999814633e-01
1.105000000e-03,1.000000000e+01,1.763258486e-04,-9.999823674e-01,9.999823674e-01
1.110000000e-03,1.000000000e+01,1.677254836e-04,-9.999832275e-01,9.999832275e-01
1.115000000e-03,1.000000000e+01,1.595446049e-04,-9.999840455e-01,9.999840455e-01
1.120000000e-03,1.000000000e+01,1.517627519e-04,-9.999848237e-01,9.999848237e-01
1.125000000e-03,1.000000000e+01,1.443604619e-04,-9.999855640e-01,9.999855640e-01
1.130000000e-03,1.000000000e+01,1.373192217e-04,-9.999862681e-01,9.999862681e-01
1.135000000e-03,1.000000000e+01,1.306214208e-04,-9.999869379e-01,9.999869379e-01
1.140000000e-03,1.000000000e+01,1.242503078e-04,-9.999875750e-01,9.999875750e-01
1.145000000e-03,1.000000000e+01,1.181899485e-04,-9.999881810e-01,9.999881810e-01
1.150000000e-03,1.000000000e+01,1.124251857e-04,-9.999887575e-01,9.999887575e-01
1.155000000e-03,1.000000000e+01,1.069416015e-04,-9.999893058e-01,9.999893058e-01
1.160000000e-03,1.000000000e+01,1.017254814e-04,-9.999898275e-01,9.999898275e-01
1.165000000e-03,1.000000000e+01,9.676377967e-05,-9.999903236e-01,9.999903236e-01
1.170000000e-03,1.000000000e+01,9.204408695e-05,-9.999907956e-01,9.999907956e-01
1.175000000e-03,1.000000000e+01,8.755459916e-05,-9.999912446e-01,9.999912445e-01
1.180000000e-03,1.000000000e+01,8.328408796e-05,-9.999916716e-01,9.999916716e-01
1.185000000e-03,1.000000000e+01,7.922187269e-05,-9.999920778e-01,9.999920778e-01
1.190000000e-03,1.000000000e+01,7.535779362e-05,-9.999924642e-01,9.999924642e-01
1.195000000e-03,1.000000000e+01,7.168218658e-05,-9.999928318e-01,9.999928318e-01
1.200000000e-03,1.000000000e+01,6.818585877e-05,-9.999931814e-01,9.999931814e-01
1.205000000e-03,1.000000000e+01,6.486006576e-05,-9.999935140e-01,9.999935140e-01
1.210000000e-03,1.000000000e+01,6.169648967e-05,-9.999938304e-01,9.999938304e-01
1.215000000e-03,1.000000000e+01,5.868721829e-05,-9.999941313e-01,9.999941313e-01
1.220000000e-03,1.000000000e+01,5.582472534e-05,-9.999944175e-01,9.999944175e-01
1.225000000e-03,1.000000000e+01,5.310185165e-05,-9.999946898e-01,9.999946898e-01
1.230000000e-03,1.000000000e+01,5.051178723e-05,-9.999949488e-01,9.999949488e-01
1.235000000e-03,1.000000000e+01,4.804805426e-05,-9.999951952e-01,9.999951952e-01
1.240000000e-03,1.000000000e+01,4.570449087e-05,-9.999954296e-01,9.999954296e-01
1.245000000e-03,1.000000000e+01,4.347523573e-05,-9.999956525e-01,9.999956525e-01
1.250000000e-03,1.000000000e+01,4.135471342e-05,-9.999958645e-01,9.999958645e-01
1.255000000e-03,1.000000000e+01,3.933762045e-05,-9.999960662e-01,9.999960662e-01
1.260000000e-03,1.000000000e+01,3.741891201e-05,-9.999962581e-01,9.999962581e-01
1.265000000e-03,1.000000000e+01,3.559378935e-05,-9.999964406e-01,9.999964406e-01
1.270000000e-03,1.000000000e+01,3.385768779e-05,-9.999966142e-01,9.999966142e-01
1.275000000e-03,1.000000000e+01,3.220626530e-05,-9.999967794e-01,9.999967794e-01
1.280000000e-03,1.000000000e+01,3.063539160e-05,-9.999969365e-01,9.999969365e-01
1.285000000e-03,1.000000000e+01,2.914113791e-05,-9.999970859e-01,9.999970859e-01
1.290000000e-03,1.000000000e+01,2.771976705e-05,-9.999972280e-01,9.999972280e-01
1.295000000e-03,1.000000000e+01,2.636772414e-05,-9.999973632e-01,9.999973632e-01
1.300000000e-03,1.000000000e+01,2.508162766e-05,-9.999974918e-01,9.999974918e-01
1.305000000e-03,1.000000000e+01,2.385826107e-05,-9.999976142e-01,9.999976142e-01
1.310000000e-03,1.000000000e+01,2.269456468e-05,-9.999977306e-01,9.999977305e-01
1.315000000e-03,1.000000000e+01,2.158762806e-05,-9.999978412e-01,9.999978412e-01
1.320000000e-03,1.000000000e+01,2.053468271e-05,-9.999979465e-01,9.999979465e-01
1.325000000e-03,1.000000000e+01,1.953309521e-05,-9.999980467e-01,9.999980467e-01
1.330000000e-03,1.000000000e+01,1.858036055e-05,-9.999981420e-01,9.999981420e-01
1.335000000e-03,1.000000000e+01,1.767409590e-05,-9.999982326e-01,9.999982326e-01
1.340000000e-03,1.000000000e+01,1.681203469e-05,-9.999983188e-01,9.999983188e-01
1.345000000e-03,1.000000000e+01,1.599202085e-05,-9.999984008e-01,9.999984008e-01
1.350000000e-03,1.000000000e+01,1.521200353e-05,-9.999984788e-01,9.999984788e-01
1.355000000e-03,1.000000000e+01,1.447003187e-05,-9.999985530e-01,9.999985530e-01
1.360000000e-03,1.000000000e+01,1.376425018e-05,-9.999986236e-01,9.999986236e-01
1.365000000e-03,1.000000000e+01,1.309289328e-05,-9.999986907e-01,9.999986907e-01
1.370000000e-03,1.000000000e+01,1.245428208e-05,-9.999987546e-01,9.999987546e-01
1.375000000e-03,1.000000000e+01,1.184681940e-05,-9.999988153e-01,9.999988153e-01
1.380000000e-03,1.000000000e+01,1.126898597e-05,-9.999988731e-01,9.999988731e-01
1.385000000e-03,1.000000000e+01,1.071933659e-05,-9.999989281e-01,9.999989281e-01
1.390000000e-03,1.000000000e+01,1.019649659e-05,-9.999989804e-01,9.999989804e-01
1.395000000e-03,1.000000000e+01,9.699158320e-06,-9.999990301e-01,9.999990301e-01
1.400000000e-03,1.000000000e+01,9.226077927e-06,-9.999990774e-01,9.999990774e-01
1.405000000e-03,1.000000000e+01,8.776072224e-06,-9.999991224e-01,9.999991224e-01
1.410000000e-03,1.000000000e+01,8.348015731e-06,-9.999991652e-01,9.999991652e-01
1.415000000e-03,1.000000000e+01,7.940837869e-06,-9.999992059e-01,9.999992059e-01
1.420000000e-03,1.000000000e+01,7.553520272e-06,-9.999992447e-01,9.999992446e-01
1.425000000e-03,1.000000000e+01,7.185094249e-06,-9.999992815e-01,9.999992815e-01
1.430000000e-03,1.000000000e+01,6.834638355e-06,-9.999993165e-01,9.999993165e-01
1.435000000e-03,1.000000000e+01,6.501276089e-06,-9.999993499e-01,9.999993499e-01
1.440000000e-03,1.000000000e+01,6.184173703e-06,-9.999993816e-01,9.999993816e-01
1.445000000e-03,1.000000000e+01,5.882538115e-06,-9.999994118e-01,9.999994117e-01
1.450000000e-03,1.000000000e+01,5.595614925e-06,-9.999994404e-01,9.999994404e-01
1.455000000e-03,1.000000000e+01,5.322686532e-06,-9.999994677e-01,9.999994677e-01
1.460000000e-03,1.000000000e+01,5.063070331e-06,-9.999994937e-01,9.999994937e-01
1.465000000e-03,1.000000000e+01,4.816117017e-06,-9.999995184e-01,9.999995184e-01
1.470000000e-03,1.000000000e+01,4.581208951e-06,-9.999995419e-01,9.999995419e-01
1.475000000e-03,1.000000000e+01,4.357758622e-06,-9.999995642e-01,9.999995642e-01
1.480000000e-03,1.000000000e+01,4.145207173e-06,-9.999995855e-01,9.999995855e-01
1.485000000e-03,1.000000000e+01,3.943023008e-06,-9.999996057e-01,9.999996057e-01
1.490000000e-03,1.000000000e+01,3.750700457e-06,-9.999996249e-01,9.999996249e-01
1.495000000e-03,1.000000000e+01,3.567758518e-06,-9.999996432e-01,9.999996432e-01
1.500000000e-03,1.000000000e+01,3.393739645e-06,-9.999996606e-01,9.999996606e-01
1.505000000e-03,1.000000000e+01,3.228208614e-06,-9.999996772e-01,9.999996772e-01
1.510000000e-03,1.000000000e+01,3.070751427e-06,-9.999996929e-01,9.999996929e-01
1.515000000e-03,1.000000000e+01,2.920974278e-06,-9.999997079e-01,9.999997079e-01
1.520000000e-03,1.000000000e+01,2.778502569e-06,-9.999997222e-01,9.999997221e-01
1.525000000e-03,1.000000000e+01,2.642979976e-06,-9.999997357e-01,9.999997357e-01
1.530000000e-03,1.000000000e+01,2.514067552e-06,-9.999997486e-01,9.999997486e-01
1.535000000e-03,1.000000000e+01,2.391442884e-06,-9.999997609e-01,9.999997609e-01
1.540000000e-03,1.000000000e+01,2.274799284e-06,-9.999997725e-01,9.999997725e-01
1.545000000e-03,1.000000000e+01,2.163845021e-06,-9.999997836e-01,9.999997836e-01
1.550000000e-03,1.000000000e+01,2.058302599e-06,-9.999997942e-01,9.999997942e-01
1.555000000e-03,1.000000000e+01,1.957908052e-06,-9.999998042e-01,9.999998042e-01
1.560000000e-03,1.000000000e+01,1.862410291e-06,-9.999998138e-01,9.999998138e-01
1.565000000e-03,1.000000000e+01,1.771570472e-06,-9.999998229e-01,9.999998228e-01
1.570000000e-03,1.000000000e+01,1.685161402e-06,-9.999998315e-01,9.999998315e-01
1.575000000e-03,1.000000000e+01,1.602966969e-06,-9.999998397e-01,9.999998397e-01
1.580000000e-03,1.000000000e+01,1.524781603e-06,-9.999998475e-01,9.999998475e-01
1.585000000e-03,1.000000000e+01,1.450409761e-06,-9.999998550e-01,9.999998550e-01
1.590000000e-03,1.000000000e+01,1.379665435e-06,-9.999998620e-01,9.999998620e-01
1.595000000e-03,1.000000000e+01,1.312371693e-06,-9.999998688e-01,9.999998688e-01
1.600000000e-03,1.000000000e+01,1.248360231e-06,-9.999998752e-01,9.999998752e-01
1.605000000e-03,1.000000000e+01,1.187470953e-06,-9.999998813e-01,9.999998813e-01
1.610000000e-03,1.000000000e+01,1.129551574e-06,-9.999998871e-01,9.999998870e-01
1.615000000e-03,1.000000000e+01,1.074457235e-06,-9.999998926e-01,9.999998926e-01
1.620000000e-03,1.000000000e+01,1.022050145e-06,-9.999998978e-01,9.999998978e-01
1.625000000e-03,1.000000000e+01,9.721992326e-07,-9.999999028e-01,9.999999028e-01
1.630000000e-03,1.000000000e+01,9.247798188e-07,-9.999999075e-01,9.999999075e-01
1.635000000e-03,1.000000000e+01,8.796733072e-07,-9.999999120e-01,9.999999120e-01
1.640000000e-03,1.000000000e+01,8.367668847e-07,-9.999999163e-01,9.999999163e-01
1.645000000e-03,1.000000000e+01,7.959532402e-07,-9.999999204e-01,9.999999204e-01
1.650000000e-03,1.000000000e+01,7.571302973e-07,-9.999999243e-01,9.999999243e-01
1.655000000e-03,1.000000000e+01,7.202009585e-07,-9.999999280e-01,9.999999280e-01
1.660000000e-03,1.000000000e+01,6.850728617e-07,-9.999999315e-01,9.999999315e-01
1.665000000e-03,1.000000000e+01,6.516581525e-07,-9.999999348e-01,9.999999348e-01
1.670000000e-03,1.000000000e+01,6.198732592e-07,-9.999999380e-01,9.999999380e-01
1.675000000e-03,1.000000000e+01,5.896386879e-07,-9.999999410e-01,9.999999410e-01
1.680000000e-03,1.000000000e+01,5.608788200e-07,-9.999999439e-01,9.999999439e-01
1.685000000e-03,1.000000000e+01,5.335217265e-07,-9.999999467e-01,9.999999466e-01
1.690000000e-03,1.000000000e+01,5.074989865e-07,-9.999999493e-01,9.999999493e-01
1.695000000e-03,1.000000000e+01,4.827455163e-07,-9.999999517e-01,9.999999517e-01
1.700000000e-03,1.000000000e+01,4.591994074e-07,-9.999999541e-01,9.999999541e-01
1.705000000e-03,1.000000000e+01,4.368017694e-07,-9.999999563e-01,9.999999563e-01
1.710000000e-03,1.000000000e+01,4.154965855e-07,-9.999999585e-01,9.999999585e-01
1.715000000e-03,1.000000000e+01,3.952305694e-07,-9.999999605e-01,9.999999605e-01
1.720000000e-03,1.000000000e+01,3.759530367e-07,-9.999999624e-01,9.999999624e-01
1.725000000e-03,1.000000000e+01,3.576157742e-07,-9.999999642e-01,9.999999642e-01
1.730000000e-03,1.000000000e+01,3.401729188e-07,-9.999999660e-01,9.999999660e-01
1.735000000e-03,1.000000000e+01,3.235808452e-07,-9.999999677e-01,9.999999676e-01
1.740000000e-03,1.000000000e+01,3.077980572e-07,-9.999999692e-01,9.999999692e-01
1.745000000e-03,1.000000000e+01,2.927850808e-07,-9.999999707e-01,9.999999707e-01
1.750000000e-03,1.000000000e+01,2.785043691e-07,-9.999999722e-01,9.999999721e-01
1.755000000e-03,1.000000000e+01,2.649202050e-07,-9.999999735e-01,9.999999735e-01
1.760000000e-03,1.000000000e+01,2.519986150e-07,-9.999999748e-01,9.999999748e-01
1.765000000e-03,1.000000000e+01,2.397072816e-07,-9.999999760e-01,9.999999760e-01
1.770000000e-03,1.000000000e+01,2.280154634e-07,-9.999999772e-01,9.999999772e-01
1.775000000e-03,1.000000000e+01,2.168939188e-07,-9.999999783e-01,9.999999783e-01
1.780000000e-03,1.000000000e+01,2.063148309e-07,-9.999999794e-01,9.999999794e-01
1.785000000e-03,1.000000000e+01,1.962517415e-07,-9.999999804e-01,9.999999804e-01
1.790000000e-03,1.000000000e+01,1.866794828e-07,-9.999999813e-01,9.999999813e-01
1.795000000e-03,1.000000000e+01,1.775741156e-07,-9.999999823e-01,9.999999822e-01
1.800000000e-03,1.000000000e+01,1.689128668e-07,-9.999999831e-01,9.999999831e-01
1.805000000e-03,1.000000000e+01,1.606740746e-07,-9.999999839e-01,9.999999839e-01
1.810000000e-03,1.000000000e+01,1.528371323e-07,-9.999999847e-01,9.999999847e-01
1.815000000e-03,1.000000000e+01,1.453824395e-07,-9.999999855e-01,9.999999855e-01
1.820000000e-03,1.000000000e+01,1.382913528e-07,-9.999999862e-01,9.999999862e-01
1.825000000e-03,1.000000000e+01,1.315461377e-07,-9.999999869e-01,9.999999868e-01
1.830000000e-03,1.000000000e+01,1.251299231e-07,-9.999999875e-01,9.999999875e-01
1.835000000e-03,1.000000000e+01,1.190266609e-07,-9.999999881e-01,9.999999881e-01
1.840000000e-03,1.000000000e+01,1.132210873e-07,-9.999999887e-01,9.999999887e-01
1.845000000e-03,1.000000000e+01,1.076986825e-07,-9.999999892e-01,9.999999892e-01
1.850000000e-03,1.000000000e+01,1.024456359e-07,-9.999999898e-01,9.999999898e-01
1.855000000e-03,1.000000000e+01,9.744880879e-08,-9.999999903e-01,9.999999903e-01
1.860000000e-03,1.000000000e+01,9.269570383e-08,-9.999999907e-01,9.999999907e-01
1.865000000e-03,1.000000000e+01,8.817443370e-08,-9.999999912e-01,9.999999912e-01
1.870000000e-03,1.000000000e+01,8.387368932e-08,-9.999999916e-01,9.999999916e-01
1.875000000e-03,1.000000000e+01,7.978271537e-08,-9.999999920e-01,9.999999920e-01
1.880000000e-03,1.000000000e+01,7.589128009e-08,-9.999999924e-01,9.999999924e-01
1.885000000e-03,1.000000000e+01,7.218965210e-08,-9.999999928e-01,9.999999928e-01
1.890000000e-03,1.000000000e+01,6.866857258e-08,-9.999999931e-01,9.999999931e-01
1.895000000e-03,1.000000000e+01,6.531923536e-08,-9.999999935e-01,9.999999935e-01
1.900000000e-03,1.000000000e+01,6.213326404e-08,-9.999999938e-01,9.999999938e-01
1.905000000e-03,1.000000000e+01,5.910268915e-08,-9.999999941e-01,9.999999941e-01
1.910000000e-03,1.000000000e+01,5.621993164e-08,-9.999999944e-01,9.999999944e-01
1.915000000e-03,1.000000000e+01,5.347778131e-08,-9.999999947e-01,9.999999947e-01
1.920000000e-03,1.000000000e+01,5.086938047e-08,-9.999999949e-01,9.999999949e-01
1.925000000e-03,1.000000000e+01,4.838820538e-08,-9.999999952e-01,9.999999952e-01
1.930000000e-03,1.000000000e+01,4.602805121e-08,-9.999999954e-01,9.999999954e-01
1.935000000e-03,1.000000000e+01,4.378301535e-08,-9.999999956e-01,9.999999956e-01
1.940000000e-03,1.000000000e+01,4.164748102e-08,-9.999999958e-01,9.999999958e-01
1.945000000e-03,1.000000000e+01,3.961610914e-08,-9.999999960e-01,9.999999960e-01
1.950000000e-03,1.000000000e+01,3.768381785e-08,-9.999999962e-01,9.999999962e-01
1.955000000e-03,1.000000000e+01,3.584577547e-08,-9.999999964e-01,9.999999964e-01
1.960000000e-03,1.000000000e+01,3.409738389e-08,-9.999999966e-01,9.999999966e-01
1.965000000e-03,1.000000000e+01,3.243426992e-08,-9.999999968e-01,9.999999968e-01
1.970000000e-03,1.000000000e+01,3.085227492e-08,-9.999999969e-01,9.999999969e-01
1.975000000e-03,1.000000000e+01,2.934744266e-08,-9.999999971e-01,9.999999971e-01
1.980000000e-03,1.000000000e+01,2.791600914e-08,-9.999999972e-01,9.999999972e-01
1.985000000e-03,1.000000000e+01,2.655439436e-08,-9.999999974e-01,9.999999973e-01
1.990000000e-03,1.000000000e+01,2.525919227e-08,-9.999999975e-01,9.999999975e-01
1.995000000e-03,1.000000000e+01,2.402716422e-08,-9.999999976e-01,9.999999976e-01
2.000000000e-03,1.000000000e+01,2.285522982e-08,-9.999999977e-01,9.999999977e-01
2.005000000e-03,1.000000000e+01,2.174045750e-08,-9.999999978e-01,9.999999978e-01
2.010000000e-03,1.000000000e+01,2.068005866e-08,-9.999999979e-01,9.999999979e-01
2.015000000e-03,1.000000000e+01,1.967138190e-08,-9.999999980e-01,9.999999980e-01
2.020000000e-03,1.000000000e+01,1.871190352e-08,-9.999999981e-01,9.999999981e-01
2.025000000e-03,1.000000000e+01,1.779922452e-08,-9.999999982e-01,9.999999982e-01
2.030000000e-03,1.000000000e+01,1.693106212e-08,-9.999999983e-01,9.999999983e-01
2.035000000e-03,1.000000000e+01,1.610524493e-08,-9.999999984e-01,9.999999984e-01
2.040000000e-03,1.000000000e+01,1.531970667e-08,-9.999999985e-01,9.999999985e-01
2.045000000e-03,1.000000000e+01,1.457248271e-08,-9.999999986e-01,9.999999985e-01
2.050000000e-03,1.000000000e+01,1.386170326e-08,-9.999999986e-01,9.999999986e-01
2.055000000e-03,1.000000000e+01,1.318559209e-08,-9.999999987e-01,9.999999987e-01
2.060000000e-03,1.000000000e+01,1.254245856e-08,-9.999999988e-01,9.999999987e-01
2.065000000e-03,1.000000000e+01,1.193069524e-08,-9.999999988e-01,9.999999988e-01
2.070000000e-03,1.000000000e+01,1.134877077e-08,-9.999999989e-01,9.999999989e-01
2.075000000e-03,1.000000000e+01,1.079522930e-08,-9.999999989e-01,9.999999989e-01
2.080000000e-03,1.000000000e+01,1.026868747e-08,-9.999999990e-01,9.999999990e-01
2.085000000e-03,1.000000000e+01,9.767828392e-09,-9.999999990e-01,9.999999990e-01
2.090000000e-03,1.000000000e+01,9.291400467e-09,-9.999999991e-01,9.999999991e-01
2.095000000e-03,1.000000000e+01,8.838210208e-09,-9.999999991e-01,9.999999991e-01
2.100000000e-03,1.000000000e+01,8.407123426e-09,-9.999999992e-01,9.999999992e-01
2.105000000e-03,1.000000000e+01,7.997062375e-09,-9.999999992e-01,9.999999992e-01
2.110000000e-03,1.000000000e+01,7.607001804e-09,-9.999999992e-01,9.999999992e-01
2.115000000e-03,1.000000000e+01,7.235967270e-09,-9.999999993e-01,9.999999993e-01
2.120000000e-03,1.000000000e+01,6.883030177e-09,-9.999999993e-01,9.999999993e-01
2.125000000e-03,1.000000000e+01,6.547307576e-09,-9.999999994e-01,9.999999993e-01
2.130000000e-03,1.000000000e+01,6.227961193e-09,-9.999999994e-01,9.999999994e-01
2.135000000e-03,1.000000000e+01,5.924191733e-09,-9.999999994e-01,9.999999994e-01
2.140000000e-03,1.000000000e+01,5.635238411e-09,-9.999999994e-01,9.999999994e-01
2.145000000e-03,1.000000000e+01,5.360378019e-09,-9.999999995e-01,9.999999995e-01
2.150000000e-03,1.000000000e+01,5.098924938e-09,-9.999999995e-01,9.999999995e-01
2.155000000e-03,1.000000000e+01,4.850224477e-09,-9.999999995e-01,9.999999995e-01
2.160000000e-03,1.000000000e+01,4.613654590e-09,-9.999999995e-01,9.999999995e-01
2.165000000e-03,1.000000000e+01,4.388623006e-09,-9.999999996e-01,9.999999996e-01
2.170000000e-03,1.000000000e+01,4.174567785e-09,-9.999999996e-01,9.999999996e-01
2.175000000e-03,1.000000000e+01,3.970952963e-09,-9.999999996e-01,9.999999996e-01
2.180000000e-03,1.000000000e+01,3.777269384e-09,-9.999999996e-01,9.999999996e-01
2.185000000e-03,1.000000000e+01,3.593032315e-09,-9.999999997e-01,9.999999996e-01
2.190000000e-03,1.000000000e+01,3.417782666e-09,-9.999999997e-01,9.999999997e-01
2.195000000e-03,1.000000000e+01,3.251079870e-09,-9.999999997e-01,9.999999997e-01
2.200000000e-03,1.000000000e+01,3.092507262e-09,-9.999999997e-01,9.999999997e-01
2.205000000e-03,1.000000000e+01,2.941669118e-09,-9.999999997e-01,9.999999997e-01
2.210000000e-03,1.000000000e+01,2.798188845e-09,-9.999999997e-01,9.999999997e-01
2.215000000e-03,1.000000000e+01,2.661706491e-09,-9.999999997e-01,9.999999997e-01
2.220000000e-03,1.000000000e+01,2.531880649e-09,-9.999999998e-01,9.999999997e-01
2.225000000e-03,1.000000000e+01,2.408386608e-09,-9.999999998e-01,9.999999998e-01
2.230000000e-03,1.000000000e+01,2.290916783e-09,-9.999999998e-01,9.999999998e-01
2.235000000e-03,1.000000000e+01,2.179176175e-09,-9.999999998e-01,9.999999998e-01
2.240000000e-03,1.000000000e+01,2.072884213e-09,-9.999999998e-01,9.999999998e-01
2.245000000e-03,1.000000000e+01,1.971776491e-09,-9.999999998e-01,9.999999998e-01
2.250000000e-03,1.000000000e+01,1.875600698e-09,-9.999999998e-01,9.999999998e-01
2.255000000e-03,1.000000000e+01,1.784115670e-09,-9.999999998e-01,9.999999998e-01
2.260000000e-03,1.000000000e+01,1.697093369e-09,-9.999999998e-01,9.999999998e-01
2.265000000e-03,1.000000000e+01,1.614315311e-09,-9.999999998e-01,9.999999998e-01
2.270000000e-03,1.000000000e+01,1.535574776e-09,-9.999999999e-01,9.999999998e-01
2.275000000e-03,1.000000000e+01,1.460675006e-09,-9.999999999e-01,9.999999999e-01
2.280000000e-03,1.000000000e+01,1.389429550e-09,-9.999999999e-01,9.999999999e-01
2.285000000e-03,1.000000000e+01,1.321658460e-09,-9.999999999e-01,9.999999999e-01
2.290000000e-03,1.000000000e+01,1.257193878e-09,-9.999999999e-01,9.999999999e-01
2.295000000e-03,1.000000000e+01,1.195874729e-09,-9.999999999e-01,9.999999999e-01
2.300000000e-03,1.000000000e+01,1.137546823e-09,-9.999999999e-01,9.999999999e-01
2.305000000e-03,1.000000000e+01,1.082063767e-09,-9.999999999e-01,9.999999999e-01
2.310000000e-03,1.000000000e+01,1.029286689e-09,-9.999999999e-01,9.999999999e-01
2.315000000e-03,1.000000000e+01,9.790844791e-10,-9.999999999e-01,9.999999999e-01
2.320000000e-03,1.000000000e+01,9.313312681e-10,-9.999999999e-01,9.999999999e-01
2.325000000e-03,1.000000000e+01,8.859069073e-10,-9.999999999e-01,9.999999999e-01
2.330000000e-03,1.000000000e+01,8.426967296e-10,-9.999999999e-01,9.999999999e-01
2.335000000e-03,1.000000000e+01,8.015926148e-10,-9.999999999e-01,9.999999999e-01
2.340000000e-03,1.000000000e+01,7.624929579e-10,-9.999999999e-01,9.999999999e-01
2.345000000e-03,1.000000000e+01,7.253011506e-10,-9.999999999e-01,9.999999999e-01
2.350000000e-03,1.000000000e+01,6.899232870e-10,-9.999999999e-01,9.999999999e-01
2.355000000e-03,1.000000000e+01,6.562705528e-10,-9.999999999e-01,9.999999999e-01
2.360000000e-03,1.000000000e+01,6.242592587e-10,-9.999999999e-01,9.999999999e-01
2.365000000e-03,1.000000000e+01,5.938093452e-10,-1.000000000e+00,9.999999999e-01
2.370000000e-03,1.000000000e+01,5.648450707e-10,-1.000000000e+00,9.999999999e-01
2.375000000e-03,1.000000000e+01,5.372936481e-10,-1.000000000e+00,9.999999999e-01
2.380000000e-03,1.000000000e+01,5.110864401e-10,-1.000000000e+00,9.999999999e-01
2.385000000e-03,1.000000000e+01,4.861570199e-10,-1.000000000e+00,1.000000000e+00
2.390000000e-03,1.000000000e+01,4.624430632e-10,-1.000000000e+00,1.000000000e+00
2.395000000e-03,1.000000000e+01,4.398856767e-10,-1.000000000e+00,1.000000000e+00
2.400000000e-03,1.000000000e+01,4.184293464e-10,-1.000000000e+00,1.000000000e+00
2.405000000e-03,1.000000000e+01,3.980200483e-10,-1.000000000e+00,1.000000000e+00
2.410000000e-03,1.000000000e+01,3.786072485e-10,-1.000000000e+00,1.000000000e+00
2.415000000e-03,1.000000000e+01,3.601402000e-10,-1.000000000e+00,1.000000000e+00
2.420000000e-03,1.000000000e+01,3.425733336e-10,-1.000000000e+00,1.000000000e+00
2.425000000e-03,1.000000000e+01,3.258629785e-10,-1.000000000e+00,1.000000000e+00
2.430000000e-03,1.000000000e+01,3.099679354e-10,-1.000000000e+00,1.000000000e+00
2.435000000e-03,1.000000000e+01,2.948496324e-10,-1.000000000e+00,1.000000000e+00
2.440000000e-03,1.000000000e+01,2.804671500e-10,-1.000000000e+00,1.000000000e+00
2.445000000e-03,1.000000000e+01,2.667863652e-10,-1.000000000e+00,1.000000000e+00
2.450000000e-03,1.000000000e+01,2.537725961e-10,-1.000000000e+00,1.000000000e+00
2.455000000e-03,1.000000000e+01,2.413939067e-10,-1.000000000e+00,1.000000000e+00
2.460000000e-03,1.000000000e+01,2.296196452e-10,-1.000000000e+00,1.000000000e+00
2.465000000e-03,1.000000000e+01,2.184194694e-10,-1.000000000e+00,1.000000000e+00
2.470000000e-03,1.000000000e+01,2.077656431e-10,-1.000000000e+00,1.000000000e+00
2.475000000e-03,1.000000000e+01,1.976320036e-10,-1.000000000e+00,1.000000000e+00
2.480000000e-03,1.000000000e+01,1.879924937e-10,-1.000000000e+00,1.000000000e+00
2.485000000e-03,1.000000000e+01,1.788224685e-10,-1.000000000e+00,1.000000000e+00
2.490000000e-03,1.000000000e+01,1.700992060e-10,-1.000000000e+00,1.000000000e+00
2.495000000e-03,1.000000000e+01,1.618018119e-10,-1.000000000e+00,1.000000000e+00
2.500000000e-03,1.000000000e+01,1.539087882e-10,-1.000000000e+00,1.000000000e+00
2.505000000e-03,1.000000000e+01,1.464003489e-10,-1.000000000e+00,1.000000000e+00
2.510000000e-03,1.000000000e+01,1.392582969e-10,-1.000000000e+00,1.000000000e+00
2.515000000e-03,1.000000000e+01,1.324644195e-10,-1.000000000e+00,1.000000000e+00
2.520000000e-03,1.000000000e+01,1.260022720e-10,-1.000000000e+00,1.000000000e+00
2.525000000e-03,1.000000000e+01,1.198558892e-10,-1.000000000e+00,1.000000000e+00
2.530000000e-03,1.000000000e+01,1.140095155e-10,-1.000000000e+00,1.000000000e+00
2.535000000e-03,1.000000000e+01,1.084493178e-10,-1.000000000e+00,1.000000000e+00
2.540000000e-03,1.000000000e+01,1.031610345e-10,-1.000000000e+00,1.000000000e+00
2.545000000e-03,1.000000000e+01,9.813000339e-11,-1.000000000e+00,1.000000000e+00
2.550000000e-03,1.000000000e+01,9.334386418e-11,-1.000000000e+00,1.000000000e+00
2.555000000e-03,1.000000000e+01,8.879088213e-11,-1.000000000e+00,1.000000000e+00
2.560000000e-03,1.000000000e+01,8.445986027e-11,-1.000000000e+00,1.000000000e+00
2.565000000e-03,1.000000000e+01,8.034042715e-11,-1.000000000e+00,1.000000000e+00
2.570000000e-03,1.000000000e+01,7.642151630e-11,-1.000000000e+00,1.000000000e+00
2.575000000e-03,1.000000000e+01,7.269422346e-11,-1.000000000e+00,1.000000000e+00
2.580000000e-03,1.000000000e+01,6.914941982e-11,-1.000000000e+00,1.000000000e+00
2.585000000e-03,1.000000000e+01,6.577718353e-11,-1.000000000e+00,1.000000000e+00
2.590000000e-03,1.000000000e+01,6.256875915e-11,-1.000000000e+00,1.000000000e+00
2.595000000e-03,1.000000000e+01,5.951748067e-11,-1.000000000e+00,1.000000000e+00
2.600000000e-03,1.000000000e+01,5.661520300e-11,-1.000000000e+00,1.000000000e+00
2.605000000e-03,1.000000000e+01,5.385431569e-11,-1.000000000e+00,1.000000000e+00
2.610000000e-03,1.000000000e+01,5.122890574e-11,-1.000000000e+00,1.000000000e+00
2.615000000e-03,1.000000000e+01,4.873154793e-11,-1.000000000e+00,1.000000000e+00
2.620000000e-03,1.000000000e+01,4.635555478e-11,-1.000000000e+00,1.000000000e+00
2.625000000e-03,1.000000000e+01,4.409481933e-11,-1.000000000e+00,1.000000000e+00
2.630000000e-03,1.000000000e+01,4.194401772e-11,-1.000000000e+00,1.000000000e+00
2.635000000e-03,1.000000000e+01,3.989870078e-11,-1.000000000e+00,1.000000000e+00
2.640000000e-03,1.000000000e+01,3.795423410e-11,-1.000000000e+00,1.000000000e+00
2.645000000e-03,1.000000000e+01,3.610553403e-11,-1.000000000e+00,1.000000000e+00
2.650000000e-03,1.000000000e+01,3.434570962e-11,-1.000000000e+00,1.000000000e+00
2.655000000e-03,1.000000000e+01,3.267050021e-11,-1.000000000e+00,1.000000000e+00
2.660000000e-03,1.000000000e+01,3.107732435e-11,-1.000000000e+00,1.000000000e+00
2.665000000e-03,1.000000000e+01,2.956112855e-11,-1.000000000e+00,1.000000000e+00
2.670000000e-03,1.000000000e+01,2.811913093e-11,-1.000000000e+00,1.000000000e+00
2.675000000e-03,1.000000000e+01,2.674624786e-11,-1.000000000e+00,1.000000000e+00
2.680000000e-03,1.000000000e+01,2.544097593e-11,-1.000000000e+00,1.000000000e+00
2.685000000e-03,1.000000000e+01,2.420059393e-11,-1.000000000e+00,1.000000000e+00
2.690000000e-03,1.000000000e+01,2.302067729e-11,-1.000000000e+00,1.000000000e+00
2.695000000e-03,1.000000000e+01,2.189857440e-11,-1.000000000e+00,1.000000000e+00
2.700000000e-03,1.000000000e+01,2.083079930e-11,-1.000000000e+00,1.000000000e+00
2.705000000e-03,1.000000000e+01,1.981546908e-11,-1.000000000e+00,1.000000000e+00
2.710000000e-03,1.000000000e+01,1.885045164e-11,-1.000000000e+00,1.000000000e+00
2.715000000e-03,1.000000000e+01,1.793285586e-11,-1.000000000e+00,1.000000000e+00
2.720000000e-03,1.000000000e+01,1.705949572e-11,-1.000000000e+00,1.000000000e+00
2.725000000e-03,1.000000000e+01,1.622737420e-11,-1.000000000e+00,1.000000000e+00
2.730000000e-03,1.000000000e+01,1.543645163e-11,-1.000000000e+00,1.000000000e+00
2.735000000e-03,1.000000000e+01,1.468392189e-11,-1.000000000e+00,1.000000000e+00
2.740000000e-03,1.000000000e+01,1.396842135e-11,-1.000000000e+00,1.000000000e+00
2.745000000e-03,1.000000000e+01,1.328695877e-11,-1.000000000e+00,1.000000000e+00
2.750000000e-03,1.000000000e+01,1.263818574e-11,-1.000000000e+00,1.000000000e+00
2.755000000e-03,1.000000000e+01,1.202127313e-11,-1.000000000e+00,1.000000000e+00
2.760000000e-03,1.000000000e+01,1.143601133e-11,-1.000000000e+00,1.000000000e+00
2.765000000e-03,1.000000000e+01,1.087959435e-11,-1.000000000e+00,1.000000000e+00
2.770000000e-03,1.000000000e+01,1.034862079e-11,-1.000000000e+00,1.000000000e+00
2.775000000e-03,1.000000000e+01,9.843540011e-12,-1.000000000e+00,1.000000000e+00
2.780000000e-03,1.000000000e+01,9.364312456e-12,-1.000000000e+00,1.000000000e+00
2.785000000e-03,1.000000000e+01,8.907342672e-12,-1.000000000e+00,1.000000000e+00
2.790000000e-03,1.000000000e+01,8.472290345e-12,-1.000000000e+00,1.000000000e+00
2.795000000e-03,1.000000000e+01,8.058457068e-12,-1.000000000e+00,1.000000000e+00
2.800000000e-03,1.000000000e+01,7.665232607e-12,-1.000000000e+00,1.000000000e+00
2.805000000e-03,1.000000000e+01,7.291714631e-12,-1.000000000e+00,1.000000000e+00
2.810000000e-03,1.000000000e+01,6.934441327e-12,-1.000000000e+00,1.000000000e+00
2.815000000e-03,1.000000000e+01,6.594396436e-12,-1.000000000e+00,1.000000000e+00
2.820000000e-03,1.000000000e+01,6.272005063e-12,-1.000000000e+00,1.000000000e+00
2.825000000e-03,1.000000000e+01,5.965269116e-12,-1.000000000e+00,1.000000000e+00
2.830000000e-03,1.000000000e+01,5.673784583e-12,-1.000000000e+00,1.000000000e+00
2.835000000e-03,1.000000000e+01,5.396467387e-12,-1.000000000e+00,1.000000000e+00
2.840000000e-03,1.000000000e+01,5.132224173e-12,-1.000000000e+00,1.000000000e+00
2.845000000e-03,1.000000000e+01,4.880520328e-12,-1.000000000e+00,1.000000000e+00
2.850000000e-03,1.000000000e+01,4.640681813e-12,-1.000000000e+00,1.000000000e+00
2.855000000e-03,1.000000000e+01,4.412638688e-12,-1.000000000e+00,1.000000000e+00
2.860000000e-03,1.000000000e+01,4.197554250e-12,-1.000000000e+00,1.000000000e+00
2.865000000e-03,1.000000000e+01,3.993272052e-12,-1.000000000e+00,1.000000000e+00
2.870000000e-03,1.000000000e+01,3.797988408e-12,-1.000000000e+00,1.000000000e+00
2.875000000e-03,1.000000000e+01,3.612632423e-12,-1.000000000e+00,1.000000000e+00
2.880000000e-03,1.000000000e+01,3.436220358e-12,-1.000000000e+00,1.000000000e+00
2.885000000e-03,1.000000000e+01,3.269076874e-12,-1.000000000e+00,1.000000000e+00
2.890000000e-03,1.000000000e+01,3.111271911e-12,-1.000000000e+00,1.000000000e+00
2.895000000e-03,1.000000000e+01,2.960882996e-12,-1.000000000e+00,1.000000000e+00
2.900000000e-03,1.000000000e+01,2.817160470e-12,-1.000000000e+00,1.000000000e+00
2.905000000e-03,1.000000000e+01,2.680714329e-12,-1.000000000e+00,1.000000000e+00
2.910000000e-03,1.000000000e+01,2.550739824e-12,-1.000000000e+00,1.000000000e+00
2.915000000e-03,1.000000000e+01,2.427492131e-12,-1.000000000e+00,1.000000000e+00
2.920000000e-03,1.000000000e+01,2.309832431e-12,-1.000000000e+00,1.000000000e+00
2.925000000e-03,1.000000000e+01,2.198619997e-12,-1.000000000e+00,1.000000000e+00
2.930000000e-03,1.000000000e+01,2.092476251e-12,-1.000000000e+00,1.000000000e+00
2.935000000e-03,1.000000000e+01,1.991571120e-12,-1.000000000e+00,1.000000000e+00
2.940000000e-03,1.000000000e+01,1.894191845e-12,-1.000000000e+00,1.000000000e+00
2.945000000e-03,1.000000000e+01,1.801246546e-12,-1.000000000e+00,1.000000000e+00
2.950000000e-03,1.000000000e+01,1.712656220e-12,-1.000000000e+00,1.000000000e+00
2.955000000e-03,1.000000000e+01,1.628065594e-12,-1.000000000e+00,1.000000000e+00
2.960000000e-03,1.000000000e+01,1.548024348e-12,-1.000000000e+00,1.000000000e+00
2.965000000e-03,1.000000000e+01,1.473741024e-12,-1.000000000e+00,1.000000000e+00
2.970000000e-03,1.000000000e+01,1.402503924e-12,-1.000000000e+00,1.000000000e+00
2.975000000e-03,1.000000000e+01,1.334722849e-12,-1.000000000e+00,1.000000000e+00
2.980000000e-03,1.000000000e+01,1.270102946e-12,-1.000000000e+00,1.000000000e+00
2.985000000e-03,1.000000000e+01,1.208444129e-12,-1.000000000e+00,1.000000000e+00
2.990000000e-03,1.000000000e+01,1.150955050e-12,-1.000000000e+00,1.000000000e+00
2.995000000e-03,1.000000000e+01,1.096682124e-12,-1.000000000e+00,1.000000000e+00
3.000000000e-03,1.000000000e+01,1.045470382e-12,-1.000000000e+00,1.000000000e+00
3.005000000e-03,1.000000000e+01,9.960565384e-13,-1.000000000e+00,1.000000000e+00
3.010000000e-03,1.000000000e+01,9.484103277e-13,-1.000000000e+00,1.000000000e+00
3.015000000e-03,1.000000000e+01,9.034759231e-13,-1.000000000e+00,1.000000000e+00
3.020000000e-03,1.000000000e+01,8.594404677e-13,-1.000000000e+00,1.000000000e+00
3.025000000e-03,1.000000000e+01,8.173972088e-13,-1.000000000e+00,1.000000000e+00
3.030000000e-03,1.000000000e+01,7.770273821e-13,-1.000000000e+00,1.000000000e+00
3.035000000e-03,1.000000000e+01,7.382002774e-13,-1.000000000e+00,1.000000000e+00
3.040000000e-03,1.000000000e+01,7.011710710e-13,-1.000000000e+00,1.000000000e+00
3.045000000e-03,1.000000000e+01,6.650408136e-13,-1.000000000e+00,1.000000000e+00
3.050000000e-03,1.000000000e+01,6.307932455e-13,-1.000000000e+00,1.000000000e+00
3.055000000e-03,1.000000000e+01,5.974446266e-13,-1.000000000e+00,1.000000000e+00
3.060000000e-03,1.000000000e+01,5.656540360e-13,-1.000000000e+00,1.000000000e+00
3.065000000e-03,1.000000000e+01,5.359255823e-13,-1.000000000e+00,1.000000000e+00
3.070000000e-03,1.000000000e+01,5.084291950e-13,-1.000000000e+00,1.000000000e+00
3.075000000e-03,1.000000000e+01,4.839393572e-13,-1.000000000e+00,1.000000000e+00
3.080000000e-03,1.000000000e+01,4.606581706e-13,-1.000000000e+00,1.000000000e+00
3.085000000e-03,1.000000000e+01,4.385856351e-13,-1.000000000e+00,1.000000000e+00
3.090000000e-03,1.000000000e+01,4.164829426e-13,-1.000000000e+00,1.000000000e+00
3.095000000e-03,1.000000000e+01,3.961628420e-13,-1.000000000e+00,1.000000000e+00
3.100000000e-03,1.000000000e+01,3.767568888e-13,-1.000000000e+00,1.000000000e+00
3.105000000e-03,1.000000000e+01,3.586841610e-13,-1.000000000e+00,1.000000000e+00
3.110000000e-03,1.000000000e+01,3.406266315e-13,-1.000000000e+00,1.000000000e+00
3.115000000e-03,1.000000000e+01,3.232129829e-13,-1.000000000e+00,1.000000000e+00
3.120000000e-03,1.000000000e+01,3.074574602e-13,-1.000000000e+00,1.000000000e+00
3.125000000e-03,1.000000000e+01,2.934845292e-13,-1.000000000e+00,1.000000000e+00
3.130000000e-03,1.000000000e+01,2.802860813e-13,-1.000000000e+00,1.000000000e+00
3.135000000e-03,1.000000000e+01,2.675218016e-13,-1.000000000e+00,1.000000000e+00
3.140000000e-03,1.000000000e+01,2.556564710e-13,-1.000000000e+00,1.000000000e+00
3.145000000e-03,1.000000000e+01,2.438762790e-13,-1.000000000e+00,1.000000000e+00
3.150000000e-03,1.000000000e+01,2.324604230e-13,-1.000000000e+00,1.000000000e+00
3.155000000e-03,1.000000000e+01,2.214940415e-13,-1.000000000e+00,1.000000000e+00
3.160000000e-03,1.000000000e+01,2.108770372e-13,-1.000000000e+00,1.000000000e+00
3.165000000e-03,1.000000000e+01,2.010192096e-13,-1.000000000e+00,1.000000000e+00
3.170000000e-03,1.000000000e+01,1.917807861e-13,-1.000000000e+00,1.000000000e+00
3.175000000e-03,1.000000000e+01,1.828219076e-13,-1.000000000e+00,1.000000000e+00
3.180000000e-03,1.000000000e+01,1.738630291e-13,-1.000000000e+00,1.000000000e+00
3.185000000e-03,1.000000000e+01,1.645944485e-13,-1.000000000e+00,1.000000000e+00
3.190000000e-03,1.000000000e+01,1.551860955e-13,-1.000000000e+00,1.000000000e+00
3.195000000e-03,1.000000000e+01,1.460874445e-13,-1.000000000e+00,1.000000000e+00
3.200000000e-03,1.000000000e+01,1.369887934e-13,-1.000000000e+00,1.000000000e+00
3.205000000e-03,1.000000000e+01,1.278901424e-13,-1.000000000e+00,1.000000000e+00
3.210000000e-03,1.000000000e+01,1.196449771e-13,-1.000000000e+00,1.000000000e+00
3.215000000e-03,1.000000000e+01,1.135074121e-13,-1.000000000e+00,1.000000000e+00
3.220000000e-03,1.000000000e+01,1.084784009e-13,-1.000000000e+00,1.000000000e+00
3.225000000e-03,1.000000000e+01,1.044484362e-13,-1.000000000e+00,1.000000000e+00
3.230000000e-03,1.000000000e+01,1.007678487e-13,-1.000000000e+00,1.000000000e+00
3.235000000e-03,1.000000000e+01,9.732713113e-14,-1.000000000e+00,1.000000000e+00
3.240000000e-03,1.000000000e+01,9.364654364e-14,-1.000000000e+00,1.000000000e+00
3.245000000e-03,1.000000000e+01,9.096500265e-14,-1.000000000e+00,1.000000000e+00
3.250000000e-03,1.000000000e+01,8.790381930e-14,-1.000000000e+00,1.000000000e+00
3.255000000e-03,1.000000000e+01,8.610592104e-14,-1.000000000e+00,1.000000000e+00
3.260000000e-03,1.000000000e+01,8.520697190e-14,-1.000000000e+00,1.000000000e+00
3.265000000e-03,1.000000000e+01,8.430802277e-14,-1.000000000e+00,1.000000000e+00
3.270000000e-03,1.000000000e+01,8.385854821e-14,-1.000000000e+00,1.000000000e+00
3.275000000e-03,1.000000000e+01,8.340907364e-14,-1.000000000e+00,1.000000000e+00
3.280000000e-03,1.000000000e+01,8.295959908e-14,-1.000000000e+00,1.000000000e+00
3.285000000e-03,1.000000000e+01,8.295959908e-14,-1.000000000e+00,1.000000000e+00
3.290000000e-03,1.000000000e+01,8.295959908e-14,-1.000000000e+00,1.000000000e+00
3.295000000e-03,1.000000000e+01,8.295959908e-14,-1.000000000e+00,1.000000000e+00
3.300000000e-03,1.000000000e+01,8.295959908e-14,-1.000000000e+00,1.000000000e+00
3.305000000e-03,1.000000000e+01,8.295959908e-14,-1.000000000e+00,1.000000000e+00
3.310000000e-03,1.000000000e+01,8.295959908e-14,-1.000000000e+00,1.000000000e+00
3.315000000e-03,1.000000000e+01,8.295959908e-14,-1.000000000e+00,1.000000000e+00
3.320000000e-03,1.000000000e+01,8.295959908e-14,-1.000000000e+00,1.000000000e+00
3.325000000e-03,1.000000000e+01,8.295959908e-14,-1.000000000e+00,1.000000000e+00
3.330000000e-03,1.000000000e+01,8.295959908e-14,-1.000000000e+00,1.000000000e+00
3.335000000e-03,1.000000000e+01,8.295959908e-14,-1.000000000e+00,1.000000000e+00
3.340000000e-03,1.000000000e+01,8.295959908e-14,-1.000000000e+00,1.000000000e+00
3.345000000e-03,1.000000000e+01,8.295959908e-14,-1.000000000e+00,1.000000000e+00
3.350000000e-03,1.000000000e+01,8.295959908e-14,-1.000000000e+00,1.000000000e+00
3.355000000e-03,1.000000000e+01,8.295959908e-14,-1.000000000e+00,1.000000000e+00
3.360000000e-03,1.000000000e+01,8.295959908e-14,-1.000000000e+00,1.000000000e+00
3.365000000e-03,1.000000000e+01,8.295959908e-14,-1.000000000e+00,1.000000000e+00
3.370000000e-03,1.000000000e+01,8.295959908e-14,-1.000000000e+00,1.000000000e+00
3.375000000e-03,1.000000000e+01,8.295959908e-14,-1.000000000e+00,1.000000000e+00
3.380000000e-03,1.000000000e+01,8.295959908e-14,-1.000000000e+00,1.000000000e+00
3.385000000e-03,1.000000000e+01,8.295959908e-14,-1.000000000e+00,1.000000000e+00
3.390000000e-03,1.000000000e+01,8.295959908e-14,-1.000000000e+00,1.000000000e+00
3.395000000e-03,1.000000000e+01,8.295959908e-14,-1.000000000e+00,1.000000000e+00
3.400000000e-03,1.000000000e+01,8.295959908e-14,-1.000000000e+00,1.000000000e+00
3.405000000e-03,1.000000000e+01,8.295959908e-14,-1.000000000e+00,1.000000000e+00
3.410000000e-03,1.000000000e+01,8.295959908e-14,-1.000000000e+00,1.000000000e+00
3.415000000e-03,1.000000000e+01,8.295959908e-14,-1.000000000e+00,1.000000000e+00
3.420000000e-03,1.000000000e+01,8.295959908e-14,-1.000000000e+00,1.000000000e+00
3.425000000e-03,1.000000000e+01,8.295959908e-14,-1.000000000e+00,1.000000000e+00
3.430000000e-03,1.000000000e+01,8.295959908e-14,-1.000000000e+00,1.000000000e+00
3.435000000e-03,1.000000000e+01,8.295959908e-14,-1.000000000e+00,1.000000000e+00
3.440000000e-03,1.000000000e+01,8.295959908e-14,-1.000000000e+00,1.000000000e+00
3.445000000e-03,1.000000000e+01,8.295959908e-14,-1.000000000e+00,1.000000000e+00
3.450000000e-03,1.000000000e+01,8.295959908e-14,-1.000000000e+00,1.000000000e+00
3.455000000e-03,1.000000000e+01,8.295959908e-14,-1.000000000e+00,1.000000000e+00
3.460000000e-03,1.000000000e+01,8.295959908e-14,-1.000000000e+00,1.000000000e+00
3.465000000e-03,1.000000000e+01,8.295959908e-14,-1.000000000e+00,1.000000000e+00
3.470000000e-03,1.000000000e+01,8.295959908e-14,-1.000000000e+00,1.000000000e+00
3.475000000e-03,1.000000000e+01,8.295959908e-14,-1.000000000e+00,1.000000000e+00
3.480000000e-03,1.000000000e+01,8.295959908e-14,-1.000000000e+00,1.000000000e+00
3.485000000e-03,1.000000000e+01,8.295959908e-14,-1.000000000e+00,1.000000000e+00
3.490000000e-03,1.000000000e+01,8.295959908e-14,-1.000000000e+00,1.000000000e+00
3.495000000e-03,1.000000000e+01,8.295959908e-14,-1.000000000e+00,1.000000000e+00
3.500000000e-03,1.000000000e+01,8.295959908e-14,-1.000000000e+00,1.000000000e+00
3.505000000e-03,1.000000000e+01,8.295959908e-14,-1.000000000e+00,1.000000000e+00
3.510000000e-03,1.000000000e+01,8.295959908e-14,-1.000000000e+00,1.000000000e+00
3.515000000e-03,1.000000000e+01,8.295959908e-14,-1.000000000e+00,1.000000000e+00
3.520000000e-03,1.000000000e+01,8.295959908e-14,-1.000000000e+00,1.000000000e+00
3.525000000e-03,1.000000000e+01,8.295959908e-14,-1.000000000e+00,1.000000000e+00
3.530000000e-03,1.000000000e+01,8.295959908e-14,-1.000000000e+00,1.000000000e+00
3.535000000e-03,1.000000000e+01,8.295959908e-14,-1.000000000e+00,1.000000000e+00
3.540000000e-03,1.000000000e+01,8.295959908e-14,-1.000000000e+00,1.000000000e+00
3.545000000e-03,1.000000000e+01,8.295959908e-14,-1.000000000e+00,1.000000000e+00
3.550000000e-03,1.000000000e+01,8.295959908e-14,-1.000000000e+00,1.000000000e+00
3.555000000e-03,1.000000000e+01,8.295959908e-14,-1.000000000e+00,1.000000000e+00
3.560000000e-03,1.000000000e+01,8.295959908e-14,-1.000000000e+00,1.000000000e+00
3.565000000e-03,1.000000000e+01,8.295959908e-14,-1.000000000e+00,1.000000000e+00
3.570000000e-03,1.000000000e+01,8.295959908e-14,-1.000000000e+00,1.000000000e+00
3.575000000e-03,1.000000000e+01,8.295959908e-14,-1.000000000e+00,1.000000000e+00
3.580000000e-03,1.000000000e+01,8.295959908e-14,-1.000000000e+00,1.000000000e+00
3.585000000e-03,1.000000000e+01,8.295959908e-14,-1.000000000e+00,1.000000000e+00
3.590000000e-03,1.000000000e+01,8.295959908e-14,-1.000000000e+00,1.000000000e+00
3.595000000e-03,1.000000000e+01,8.295959908e-14,-1.000000000e+00,1.000000000e+00
3.600000000e-03,1.000000000e+01,8.295959908e-14,-1.000000000e+00,1.000000000e+00
3.605000000e-03,1.000000000e+01,8.295959908e-14,-1.000000000e+00,1.000000000e+00
3.610000000e-03,1.000000000e+01,8.295959908e-14,-1.000000000e+00,1.000000000e+00
3.615000000e-03,1.000000000e+01,8.295959908e-14,-1.000000000e+00,1.000000000e+00
3.620000000e-03,1.000000000e+01,8.295959908e-14,-1.000000000e+00,1.000000000e+00
3.625000000e-03,1.000000000e+01,8.295959908e-14,-1.000000000e+00,1.000000000e+00
3.630000000e-03,1.000000000e+01,8.295959908e-14,-1.000000000e+00,1.000000000e+00
3.635000000e-03,1.000000000e+01,8.295959908e-14,-1.000000000e+00,1.000000000e+00
3.640000000e-03,1.000000000e+01,8.295959908e-14,-1.000000000e+00,1.000000000e+00
3.645000000e-03,1.000000000e+01,8.295959908e-14,-1.000000000e+00,1.000000000e+00
3.650000000e-03,1.000000000e+01,8.295959908e-14,-1.000000000e+00,1.000000000e+00
3.655000000e-03,1.000000000e+01,8.295959908e-14,-1.000000000e+00,1.000000000e+00
3.660000000e-03,1.000000000e+01,8.295959908e-14,-1.000000000e+00,1.000000000e+00
3.665000000e-03,1.000000000e+01,8.295959908e-14,-1.000000000e+00,1.000000000e+00
3.670000000e-03,1.000000000e+01,8.295959908e-14,-1.000000000e+00,1.000000000e+00
3.675000000e-03,1.000000000e+01,8.295959908e-14,-1.000000000e+00,1.000000000e+00
3.680000000e-03,1.000000000e+01,8.295959908e-14,-1.000000000e+00,1.000000000e+00
3.685000000e-03,1.000000000e+01,8.295959908e-14,-1.000000000e+00,1.000000000e+00
3.690000000e-03,1.000000000e+01,8.295959908e-14,-1.000000000e+00,1.000000000e+00
3.695000000e-03,1.000000000e+01,8.295959908e-14,-1.000000000e+00,1.000000000e+00
3.700000000e-03,1.000000000e+01,8.295959908e-14,-1.000000000e+00,1.000000000e+00
3.705000000e-03,1.000000000e+01,8.295959908e-14,-1.000000000e+00,1.000000000e+00
3.710000000e-03,1.000000000e+01,8.295959908e-14,-1.000000000e+00,1.000000000e+00
3.715000000e-03,1.000000000e+01,8.295959908e-14,-1.000000000e+00,1.000000000e+00
3.720000000e-03,1.000000000e+01,8.295959908e-14,-1.000000000e+00,1.000000000e+00
3.725000000e-03,1.000000000e+01,8.295959908e-14,-1.000000000e+00,1.000000000e+00
3.730000000e-03,1.000000000e+01,8.295959908e-14,-1.000000000e+00,1.000000000e+00
3.735000000e-03,1.000000000e+01,8.295959908e-14,-1.000000000e+00,1.000000000e+00
3.740000000e-03,1.000000000e+01,8.295959908e-14,-1.000000000e+00,1.000000000e+00
3.745000000e-03,1.000000000e+01,8.295959908e-14,-1.000000000e+00,1.000000000e+00
3.750000000e-03,1.000000000e+01,8.295959908e-14,-1.000000000e+00,1.000000000e+00
3.755000000e-03,1.000000000e+01,8.295959908e-14,-1.000000000e+00,1.000000000e+00
3.760000000e-03,1.000000000e+01,8.295959908e-14,-1.000000000e+00,1.000000000e+00
3.765000000e-03,1.000000000e+01,8.295959908e-14,-1.000000000e+00,1.000000000e+00
3.770000000e-03,1.000000000e+01,8.295959908e-14,-1.000000000e+00,1.000000000e+00
3.775000000e-03,1.000000000e+01,8.295959908e-14,-1.000000000e+00,1.000000000e+00
3.780000000e-03,1.000000000e+01,8.295959908e-14,-1.000000000e+00,1.000000000e+00
3.785000000e-03,1.000000000e+01,8.295959908e-14,-1.000000000e+00,1.000000000e+00
3.790000000e-03,1.000000000e+01,8.295959908e-14,-1.000000000e+00,1.000000000e+00
3.795000000e-03,1.000000000e+01,8.295959908e-14,-1.000000000e+00,1.000000000e+00
3.800000000e-03,1.000000000e+01,8.295959908e-14,-1.000000000e+00,1.000000000e+00
3.805000000e-03,1.000000000e+01,8.295959908e-14,-1.000000000e+00,1.000000000e+00
3.810000000e-03,1.000000000e+01,8.295959908e-14,-1.000000000e+00,1.000000000e+00
3.815000000e-03,1.000000000e+01,8.295959908e-14,-1.000000000e+00,1.000000000e+00
3.820000000e-03,1.000000000e+01,8.295959908e-14,-1.000000000e+00,1.000000000e+00
3.825000000e-03,1.000000000e+01,8.295959908e-14,-1.000000000e+00,1.000000000e+00
3.830000000e-03,1.000000000e+01,8.295959908e-14,-1.000000000e+00,1.000000000e+00
3.835000000e-03,1.000000000e+01,8.295959908e-14,-1.000000000e+00,1.000000000e+00
3.840000000e-03,1.000000000e+01,8.295959908e-14,-1.000000000e+00,1.000000000e+00
3.845000000e-03,1.000000000e+01,8.295959908e-14,-1.000000000e+00,1.000000000e+00
3.850000000e-03,1.000000000e+01,8.295959908e-14,-1.000000000e+00,1.000000000e+00
3.855000000e-03,1.000000000e+01,8.295959908e-14,-1.000000000e+00,1.000000000e+00
3.860000000e-03,1.000000000e+01,8.295959908e-14,-1.000000000e+00,1.000000000e+00
3.865000000e-03,1.000000000e+01,8.295959908e-14,-1.000000000e+00,1.000000000e+00
3.870000000e-03,1.000000000e+01,8.295959908e-14,-1.000000000e+00,1.000000000e+00
3.875000000e-03,1.000000000e+01,8.295959908e-14,-1.000000000e+00,1.000000000e+00
3.880000000e-03,1.000000000e+01,8.295959908e-14,-1.000000000e+00,1.000000000e+00
3.885000000e-03,1.000000000e+01,8.295959908e-14,-1.000000000e+00,1.000000000e+00
3.890000000e-03,1.000000000e+01,8.295959908e-14,-1.000000000e+00,1.000000000e+00
3.895000000e-03,1.000000000e+01,8.295959908e-14,-1.000000000e+00,1.000000000e+00
3.900000000e-03,1.000000000e+01,8.295959908e-14,-1.000000000e+00,1.000000000e+00
3.905000000e-03,1.000000000e+01,8.295959908e-14,-1.000000000e+00,1.000000000e+00
3.910000000e-03,1.000000000e+01,8.295959908e-14,-1.000000000e+00,1.000000000e+00
3.915000000e-03,1.000000000e+01,8.295959908e-14,-1.000000000e+00,1.000000000e+00
3.920000000e-03,1.000000000e+01,8.295959908e-14,-1.000000000e+00,1.000000000e+00
3.925000000e-03,1.000000000e+01,8.295959908e-14,-1.000000000e+00,1.000000000e+00
3.930000000e-03,1.000000000e+01,8.295959908e-14,-1.000000000e+00,1.000000000e+00
3.935000000e-03,1.000000000e+01,8.295959908e-14,-1.000000000e+00,1.000000000e+00
3.940000000e-03,1.000000000e+01,8.295959908e-14,-1.000000000e+00,1.000000000e+00
3.945000000e-03,1.000000000e+01,8.295959908e-14,-1.000000000e+00,1.000000000e+00
3.950000000e-03,1.000000000e+01,8.295959908e-14,-1.000000000e+00,1.000000000e+00
3.955000000e-03,1.000000000e+01,8.295959908e-14,-1.000000000e+00,1.000000000e+00
3.960000000e-03,1.000000000e+01,8.295959908e-14,-1.000000000e+00,1.000000000e+00
3.965000000e-03,1.000000000e+01,8.295959908e-14,-1.000000000e+00,1.000000000e+00
3.970000000e-03,1.000000000e+01,8.295959908e-14,-1.000000000e+00,1.000000000e+00
3.975000000e-03,1.000000000e+01,8.295959908e-14,-1.000000000e+00,1.000000000e+00
3.980000000e-03,1.000000000e+01,8.295959908e-14,-1.000000000e+00,1.000000000e+00
3.985000000e-03,1.000000000e+01,8.295959908e-14,-1.000000000e+00,1.000000000e+00
3.990000000e-03,1.000000000e+01,8.295959908e-14,-1.000000000e+00,1.000000000e+00
3.995000000e-03,1.000000000e+01,8.295959908e-14,-1.000000000e+00,1.000000000e+00
4.000000000e-03,1.000000000e+01,8.295959908e-14,-1.000000000e+00,1.000000000e+00
4.005000000e-03,1.000000000e+01,8.295959908e-14,-1.000000000e+00,1.000000000e+00
4.010000000e-03,1.000000000e+01,8.295959908e-14,-1.000000000e+00,1.000000000e+00
4.015000000e-03,1.000000000e+01,8.295959908e-14,-1.000000000e+00,1.000000000e+00
4.020000000e-03,1.000000000e+01,8.295959908e-14,-1.000000000e+00,1.000000000e+00
4.025000000e-03,1.000000000e+01,8.295959908e-14,-1.000000000e+00,1.000000000e+00
4.030000000e-03,1.000000000e+01,8.295959908e-14,-1.000000000e+00,1.000000000e+00
4.035000000e-03,1.000000000e+01,8.295959908e-14,-1.000000000e+00,1.000000000e+00
4.040000000e-03,1.000000000e+01,8.295959908e-14,-1.000000000e+00,1.000000000e+00
4.045000000e-03,1.000000000e+01,8.295959908e-14,-1.000000000e+00,1.000000000e+00
4.050000000e-03,1.000000000e+01,8.295959908e-14,-1.000000000e+00,1.000000000e+00
4.055000000e-03,1.000000000e+01,8.295959908e-14,-1.000000000e+00,1.000000000e+00
4.060000000e-03,1.000000000e+01,8.295959908e-14,-1.000000000e+00,1.000000000e+00
4.065000000e-03,1.000000000e+01,8.295959908e-14,-1.000000000e+00,1.000000000e+00
4.070000000e-03,1.000000000e+01,8.295959908e-14,-1.000000000e+00,1.000000000e+00
4.075000000e-03,1.000000000e+01,8.295959908e-14,-1.000000000e+00,1.000000000e+00
4.080000000e-03,1.000000000e+01,8.295959908e-14,-1.000000000e+00,1.000000000e+00
4.085000000e-03,1.000000000e+01,8.295959908e-14,-1.000000000e+00,1.000000000e+00
4.090000000e-03,1.000000000e+01,8.295959908e-14,-1.000000000e+00,1.000000000e+00
4.095000000e-03,1.000000000e+01,8.295959908e-14,-1.000000000e+00,1.000000000e+00
4.100000000e-03,1.000000000e+01,8.295959908e-14,-1.000000000e+00,1.000000000e+00
4.105000000e-03,1.000000000e+01,8.295959908e-14,-1.000000000e+00,1.000000000e+00
4.110000000e-03,1.000000000e+01,8.295959908e-14,-1.000000000e+00,1.000000000e+00
4.115000000e-03,1.000000000e+01,8.295959908e-14,-1.000000000e+00,1.000000000e+00
4.120000000e-03,1.000000000e+01,8.295959908e-14,-1.000000000e+00,1.000000000e+00
4.125000000e-03,1.000000000e+01,8.295959908e-14,-1.000000000e+00,1.000000000e+00
4.130000000e-03,1.000000000e+01,8.295959908e-14,-1.000000000e+00,1.000000000e+00
4.135000000e-03,1.000000000e+01,8.295959908e-14,-1.000000000e+00,1.000000000e+00
4.140000000e-03,1.000000000e+01,8.295959908e-14,-1.000000000e+00,1.000000000e+00
4.145000000e-03,1.000000000e+01,8.295959908e-14,-1.000000000e+00,1.000000000e+00
4.150000000e-03,1.000000000e+01,8.295959908e-14,-1.000000000e+00,1.000000000e+00
4.155000000e-03,1.000000000e+01,8.295959908e-14,-1.000000000e+00,1.000000000e+00
4.160000000e-03,1.000000000e+01,8.295959908e-14,-1.000000000e+00,1.000000000e+00
4.165000000e-03,1.000000000e+01,8.295959908e-14,-1.000000000e+00,1.000000000e+00
4.170000000e-03,1.000000000e+01,8.295959908e-14,-1.000000000e+00,1.000000000e+00
4.175000000e-03,1.000000000e+01,8.295959908e-14,-1.000000000e+00,1.000000000e+00
4.180000000e-03,1.000000000e+01,8.295959908e-14,-1.000000000e+00,1.000000000e+00
4.185000000e-03,1.000000000e+01,8.295959908e-14,-1.000000000e+00,1.000000000e+00
4.190000000e-03,1.000000000e+01,8.295959908e-14,-1.000000000e+00,1.000000000e+00
4.195000000e-03,1.000000000e+01,8.295959908e-14,-1.000000000e+00,1.000000000e+00
4.200000000e-03,1.000000000e+01,8.295959908e-14,-1.000000000e+00,1.000000000e+00
4.205000000e-03,1.000000000e+01,8.295959908e-14,-1.000000000e+00,1.000000000e+00
4.210000000e-03,1.000000000e+01,8.295959908e-14,-1.000000000e+00,1.000000000e+00
4.215000000e-03,1.000000000e+01,8.295959908e-14,-1.000000000e+00,1.000000000e+00
4.220000000e-03,1.000000000e+01,8.295959908e-14,-1.000000000e+00,1.000000000e+00
4.225000000e-03,1.000000000e+01,8.295959908e-14,-1.000000000e+00,1.000000000e+00
4.230000000e-03,1.000000000e+01,8.295959908e-14,-1.000000000e+00,1.000000000e+00
4.235000000e-03,1.000000000e+01,8.295959908e-14,-1.000000000e+00,1.000000000e+00
4.240000000e-03,1.000000000e+01,8.295959908e-14,-1.000000000e+00,1.000000000e+00
4.245000000e-03,1.000000000e+01,8.295959908e-14,-1.000000000e+00,1.000000000e+00
4.250000000e-03,1.000000000e+01,8.295959908e-14,-1.000000000e+00,1.000000000e+00
4.255000000e-03,1.000000000e+01,8.295959908e-14,-1.000000000e+00,1.000000000e+00
4.260000000e-03,1.000000000e+01,8.295959908e-14,-1.000000000e+00,1.000000000e+00
4.265000000e-03,1.000000000e+01,8.295959908e-14,-1.000000000e+00,1.000000000e+00
4.270000000e-03,1.000000000e+01,8.295959908e-14,-1.000000000e+00,1.000000000e+00
4.275000000e-03,1.000000000e+01,8.295959908e-14,-1.000000000e+00,1.000000000e+00
4.280000000e-03,1.000000000e+01,8.295959908e-14,-1.000000000e+00,1.000000000e+00
4.285000000e-03,1.000000000e+01,8.295959908e-14,-1.000000000e+00,1.000000000e+00
4.290000000e-03,1.000000000e+01,8.295959908e-14,-1.000000000e+00,1.000000000e+00
4.295000000e-03,1.000000000e+01,8.295959908e-14,-1.000000000e+00,1.000000000e+00
4.300000000e-03,1.000000000e+01,8.295959908e-14,-1.000000000e+00,1.000000000e+00
4.305000000e-03,1.000000000e+01,8.295959908e-14,-1.000000000e+00,1.000000000e+00
4.310000000e-03,1.000000000e+01,8.295959908e-14,-1.000000000e+00,1.000000000e+00
4.315000000e-03,1.000000000e+01,8.295959908e-14,-1.000000000e+00,1.000000000e+00
4.320000000e-03,1.000000000e+01,8.295959908e-14,-1.000000000e+00,1.000000000e+00
4.325000000e-03,1.000000000e+01,8.295959908e-14,-1.000000000e+00,1.000000000e+00
4.330000000e-03,1.000000000e+01,8.295959908e-14,-1.000000000e+00,1.000000000e+00
4.335000000e-03,1.000000000e+01,8.295959908e-14,-1.000000000e+00,1.000000000e+00
4.340000000e-03,1.000000000e+01,8.295959908e-14,-1.000000000e+00,1.000000000e+00
4.345000000e-03,1.000000000e+01,8.295959908e-14,-1.000000000e+00,1.000000000e+00
4.350000000e-03,1.000000000e+01,8.295959908e-14,-1.000000000e+00,1.000000000e+00
4.355000000e-03,1.000000000e+01,8.295959908e-14,-1.000000000e+00,1.000000000e+00
4.360000000e-03,1.000000000e+01,8.295959908e-14,-1.000000000e+00,1.000000000e+00
4.365000000e-03,1.000000000e+01,8.295959908e-14,-1.000000000e+00,1.000000000e+00
4.370000000e-03,1.000000000e+01,8.295959908e-14,-1.000000000e+00,1.000000000e+00
4.375000000e-03,1.000000000e+01,8.295959908e-14,-1.000000000e+00,1.000000000e+00
4.380000000e-03,1.000000000e+01,8.295959908e-14,-1.000000000e+00,1.000000000e+00
4.385000000e-03,1.000000000e+01,8.295959908e-14,-1.000000000e+00,1.000000000e+00
4.390000000e-03,1.000000000e+01,8.295959908e-14,-1.000000000e+00,1.000000000e+00
4.395000000e-03,1.000000000e+01,8.295959908e-14,-1.000000000e+00,1.000000000e+00
4.400000000e-03,1.000000000e+01,8.295959908e-14,-1.000000000e+00,1.000000000e+00
4.405000000e-03,1.000000000e+01,8.295959908e-14,-1.000000000e+00,1.000000000e+00
4.410000000e-03,1.000000000e+01,8.295959908e-14,-1.000000000e+00,1.000000000e+00
4.415000000e-03,1.000000000e+01,8.295959908e-14,-1.000000000e+00,1.000000000e+00
4.420000000e-03,1.000000000e+01,8.295959908e-14,-1.000000000e+00,1.000000000e+00
4.425000000e-03,1.000000000e+01,8.295959908e-14,-1.000000000e+00,1.000000000e+00
4.430000000e-03,1.000000000e+01,8.295959908e-14,-1.000000000e+00,1.000000000e+00
4.435000000e-03,1.000000000e+01,8.295959908e-14,-1.000000000e+00,1.000000000e+00
4.440000000e-03,1.000000000e+01,8.295959908e-14,-1.000000000e+00,1.000000000e+00
4.445000000e-03,1.000000000e+01,8.295959908e-14,-1.000000000e+00,1.000000000e+00
4.450000000e-03,1.000000000e+01,8.295959908e-14,-1.000000000e+00,1.000000000e+00
4.455000000e-03,1.000000000e+01,8.295959908e-14,-1.000000000e+00,1.000000000e+00
4.460000000e-03,1.000000000e+01,8.295959908e-14,-1.000000000e+00,1.000000000e+00
4.465000000e-03,1.000000000e+01,8.295959908e-14,-1.000000000e+00,1.000000000e+00
4.470000000e-03,1.000000000e+01,8.295959908e-14,-1.000000000e+00,1.000000000e+00
4.475000000e-03,1.000000000e+01,8.295959908e-14,-1.000000000e+00,1.000000000e+00
4.480000000e-03,1.000000000e+01,8.295959908e-14,-1.000000000e+00,1.000000000e+00
4.485000000e-03,1.000000000e+01,8.295959908e-14,-1.000000000e+00,1.000000000e+00
4.490000000e-03,1.000000000e+01,8.295959908e-14,-1.000000000e+00,1.000000000e+00
4.495000000e-03,1.000000000e+01,8.295959908e-14,-1.000000000e+00,1.000000000e+00
4.500000000e-03,1.000000000e+01,8.295959908e-14,-1.000000000e+00,1.000000000e+00
4.505000000e-03,1.000000000e+01,8.295959908e-14,-1.000000000e+00,1.000000000e+00
4.510000000e-03,1.000000000e+01,8.295959908e-14,-1.000000000e+00,1.000000000e+00
4.515000000e-03,1.000000000e+01,8.295959908e-14,-1.000000000e+00,1.000000000e+00
4.520000000e-03,1.000000000e+01,8.295959908e-14,-1.000000000e+00,1.000000000e+00
4.525000000e-03,1.000000000e+01,8.295959908e-14,-1.000000000e+00,1.000000000e+00
4.530000000e-03,1.000000000e+01,8.295959908e-14,-1.000000000e+00,1.000000000e+00
4.535000000e-03,1.000000000e+01,8.295959908e-14,-1.000000000e+00,1.000000000e+00
4.540000000e-03,1.000000000e+01,8.295959908e-14,-1.000000000e+00,1.000000000e+00
4.545000000e-03,1.000000000e+01,8.295959908e-14,-1.000000000e+00,1.000000000e+00
4.550000000e-03,1.000000000e+01,8.295959908e-14,-1.000000000e+00,1.000000000e+00
4.555000000e-03,1.000000000e+01,8.295959908e-14,-1.000000000e+00,1.000000000e+00
4.560000000e-03,1.000000000e+01,8.295959908e-14,-1.000000000e+00,1.000000000e+00
4.565000000e-03,1.000000000e+01,8.295959908e-14,-1.000000000e+00,1.000000000e+00
4.570000000e-03,1.000000000e+01,8.295959908e-14,-1.000000000e+00,1.000000000e+00
4.575000000e-03,1.000000000e+01,8.295959908e-14,-1.000000000e+00,1.000000000e+00
4.580000000e-03,1.000000000e+01,8.295959908e-14,-1.000000000e+00,1.000000000e+00
4.585000000e-03,1.000000000e+01,8.295959908e-14,-1.000000000e+00,1.000000000e+00
4.590000000e-03,1.000000000e+01,8.295959908e-14,-1.000000000e+00,1.000000000e+00
4.595000000e-03,1.000000000e+01,8.295959908e-14,-1.000000000e+00,1.000000000e+00
4.600000000e-03,1.000000000e+01,8.295959908e-14,-1.000000000e+00,1.000000000e+00
4.605000000e-03,1.000000000e+01,8.295959908e-14,-1.000000000e+00,1.000000000e+00
4.610000000e-03,1.000000000e+01,8.295959908e-14,-1.000000000e+00,1.000000000e+00
4.615000000e-03,1.000000000e+01,8.295959908e-14,-1.000000000e+00,1.000000000e+00
4.620000000e-03,1.000000000e+01,8.295959908e-14,-1.000000000e+00,1.000000000e+00
4.625000000e-03,1.000000000e+01,8.295959908e-14,-1.000000000e+00,1.000000000e+00
4.630000000e-03,1.000000000e+01,8.295959908e-14,-1.000000000e+00,1.000000000e+00
4.635000000e-03,1.000000000e+01,8.295959908e-14,-1.000000000e+00,1.000000000e+00
4.640000000e-03,1.000000000e+01,8.295959908e-14,-1.000000000e+00,1.000000000e+00
4.645000000e-03,1.000000000e+01,8.295959908e-14,-1.000000000e+00,1.000000000e+00
4.650000000e-03,1.000000000e+01,8.295959908e-14,-1.000000000e+00,1.000000000e+00
4.655000000e-03,1.000000000e+01,8.295959908e-14,-1.000000000e+00,1.000000000e+00
4.660000000e-03,1.000000000e+01,8.295959908e-14,-1.000000000e+00,1.000000000e+00
4.665000000e-03,1.000000000e+01,8.295959908e-14,-1.000000000e+00,1.000000000e+00
4.670000000e-03,1.000000000e+01,8.295959908e-14,-1.000000000e+00,1.000000000e+00
4.675000000e-03,1.000000000e+01,8.295959908e-14,-1.000000000e+00,1.000000000e+00
4.680000000e-03,1.000000000e+01,8.295959908e-14,-1.000000000e+00,1.000000000e+00
4.685000000e-03,1.000000000e+01,8.295959908e-14,-1.000000000e+00,1.000000000e+00
4.690000000e-03,1.000000000e+01,8.295959908e-14,-1.000000000e+00,1.000000000e+00
4.695000000e-03,1.000000000e+01,8.295959908e-14,-1.000000000e+00,1.000000000e+00
4.700000000e-03,1.000000000e+01,8.295959908e-14,-1.000000000e+00,1.000000000e+00
4.705000000e-03,1.000000000e+01,8.295959908e-14,-1.000000000e+00,1.000000000e+00
4.710000000e-03,1.000000000e+01,8.295959908e-14,-1.000000000e+00,1.000000000e+00
4.715000000e-03,1.000000000e+01,8.295959908e-14,-1.000000000e+00,1.000000000e+00
4.720000000e-03,1.000000000e+01,8.295959908e-14,-1.000000000e+00,1.000000000e+00
4.725000000e-03,1.000000000e+01,8.295959908e-14,-1.000000000e+00,1.000000000e+00
4.730000000e-03,1.000000000e+01,8.295959908e-14,-1.000000000e+00,1.000000000e+00
4.735000000e-03,1.000000000e+01,8.295959908e-14,-1.000000000e+00,1.000000000e+00
4.740000000e-03,1.000000000e+01,8.295959908e-14,-1.000000000e+00,1.000000000e+00
4.745000000e-03,1.000000000e+01,8.295959908e-14,-1.000000000e+00,1.000000000e+00
4.750000000e-03,1.000000000e+01,8.295959908e-14,-1.000000000e+00,1.000000000e+00
4.755000000e-03,1.000000000e+01,8.295959908e-14,-1.000000000e+00,1.000000000e+00
4.760000000e-03,1.000000000e+01,8.295959908e-14,-1.000000000e+00,1.000000000e+00
4.765000000e-03,1.000000000e+01,8.295959908e-14,-1.000000000e+00,1.000000000e+00
4.770000000e-03,1.000000000e+01,8.295959908e-14,-1.000000000e+00,1.000000000e+00
4.775000000e-03,1.000000000e+01,8.295959908e-14,-1.000000000e+00,1.000000000e+00
4.780000000e-03,1.000000000e+01,8.295959908e-14,-1.000000000e+00,1.000000000e+00
4.785000000e-03,1.000000000e+01,8.295959908e-14,-1.000000000e+00,1.000000000e+00
4.790000000e-03,1.000000000e+01,8.295959908e-14,-1.000000000e+00,1.000000000e+00
4.795000000e-03,1.000000000e+01,8.295959908e-14,-1.000000000e+00,1.000000000e+00
4.800000000e-03,1.000000000e+01,8.295959908e-14,-1.000000000e+00,1.000000000e+00
4.805000000e-03,1.000000000e+01,8.295959908e-14,-1.000000000e+00,1.000000000e+00
4.810000000e-03,1.000000000e+01,8.295959908e-14,-1.000000000e+00,1.000000000e+00
4.815000000e-03,1.000000000e+01,8.295959908e-14,-1.000000000e+00,1.000000000e+00
4.820000000e-03,1.000000000e+01,8.295959908e-14,-1.000000000e+00,1.000000000e+00
4.825000000e-03,1.000000000e+01,8.295959908e-14,-1.000000000e+00,1.000000000e+00
4.830000000e-03,1.000000000e+01,8.295959908e-14,-1.000000000e+00,1.000000000e+00
4.835000000e-03,1.000000000e+01,8.295959908e-14,-1.000000000e+00,1.000000000e+00
4.840000000e-03,1.000000000e+01,8.295959908e-14,-1.000000000e+00,1.000000000e+00
4.845000000e-03,1.000000000e+01,8.295959908e-14,-1.000000000e+00,1.000000000e+00
4.850000000e-03,1.000000000e+01,8.295959908e-14,-1.000000000e+00,1.000000000e+00
4.855000000e-03,1.000000000e+01,8.295959908e-14,-1.000000000e+00,1.000000000e+00
4.860000000e-03,1.000000000e+01,8.295959908e-14,-1.000000000e+00,1.000000000e+00
4.865000000e-03,1.000000000e+01,8.295959908e-14,-1.000000000e+00,1.000000000e+00
4.870000000e-03,1.000000000e+01,8.295959908e-14,-1.000000000e+00,1.000000000e+00
4.875000000e-03,1.000000000e+01,8.295959908e-14,-1.000000000e+00,1.000000000e+00
4.880000000e-03,1.000000000e+01,8.295959908e-14,-1.000000000e+00,1.000000000e+00
4.885000000e-03,1.000000000e+01,8.295959908e-14,-1.000000000e+00,1.000000000e+00
4.890000000e-03,1.000000000e+01,8.295959908e-14,-1.000000000e+00,1.000000000e+00
4.895000000e-03,1.000000000e+01,8.295959908e-14,-1.000000000e+00,1.000000000e+00
4.900000000e-03,1.000000000e+01,8.295959908e-14,-1.000000000e+00,1.000000000e+00
4.905000000e-03,1.000000000e+01,8.295959908e-14,-1.000000000e+00,1.000000000e+00
4.910000000e-03,1.000000000e+01,8.295959908e-14,-1.000000000e+00,1.000000000e+00
4.915000000e-03,1.000000000e+01,8.295959908e-14,-1.000000000e+00,1.000000000e+00
4.920000000e-03,1.000000000e+01,8.295959908e-14,-1.000000000e+00,1.000000000e+00
4.925000000e-03,1.000000000e+01,8.295959908e-14,-1.000000000e+00,1.000000000e+00
4.930000000e-03,1.000000000e+01,8.295959908e-14,-1.000000000e+00,1.000000000e+00
4.935000000e-03,1.000000000e+01,8.295959908e-14,-1.000000000e+00,1.000000000e+00
4.940000000e-03,1.000000000e+01,8.295959908e-14,-1.000000000e+00,1.000000000e+00
4.945000000e-03,1.000000000e+01,8.295959908e-14,-1.000000000e+00,1.000000000e+00
4.950000000e-03,1.000000000e+01,8.295959908e-14,-1.000000000e+00,1.000000000e+00
4.955000000e-03,1.000000000e+01,8.295959908e-14,-1.000000000e+00,1.000000000e+00
4.960000000e-03,1.000000000e+01,8.295959908e-14,-1.000000000e+00,1.000000000e+00
4.965000000e-03,1.000000000e+01,8.295959908e-14,-1.000000000e+00,1.000000000e+00
4.970000000e-03,1.000000000e+01,8.295959908e-14,-1.000000000e+00,1.000000000e+00
4.975000000e-03,1.000000000e+01,8.295959908e-14,-1.000000000e+00,1.000000000e+00
4.980000000e-03,1.000000000e+01,8.295959908e-14,-1.000000000e+00,1.000000000e+00
4.985000000e-03,1.000000000e+01,8.295959908e-14,-1.000000000e+00,1.000000000e+00
4.990000000e-03,1.000000000e+01,8.295959908e-14,-1.000000000e+00,1.000000000e+00
4.995000000e-03,1.000000000e+01,8.295959908e-14,-1.000000000e+00,1.000000000e+00
5.000000000e-03,1.000000000e+01,8.295959908e-14,-1.000000000e+00,1.000000000e+00
