time,V(vin),V(n_l),I(Vstep),I(L_sat)
0.000000000e+00,0.000000000e+00,0.000000000e+00,-0.000000000e+00,0.000000000e+00
5.000000000e-06,0.000000000e+00,0.000000000e+00,0.000000000e+00,-0.000000000e+00
1.000000000e-05,0.000000000e+00,0.000000000e+00,0.000000000e+00,-0.000000000e+00
1.500000000e-05,0.000000000e+00,0.000000000e+00,0.000000000e+00,-0.000000000e+00
2.000000000e-05,0.000000000e+00,0.000000000e+00,0.000000000e+00,-0.000000000e+00
2.500000000e-05,0.000000000e+00,0.000000000e+00,0.000000000e+00,-0.000000000e+00
3.000000000e-05,0.000000000e+00,0.000000000e+00,0.000000000e+00,-0.000000000e+00
3.500000000e-05,0.000000000e+00,0.000000000e+00,0.000000000e+00,-0.000000000e+00
4.000000000e-05,0.000000000e+00,0.000000000e+00,0.000000000e+00,-0.000000000e+00
4.500000000e-05,0.000000000e+00,0.000000000e+00,0.000000000e+00,-0.000000000e+00
5.000000000e-05,0.000000000e+00,0.000000000e+00,0.000000000e+00,-0.000000000e+00
5.500000000e-05,0.000000000e+00,0.000000000e+00,0.000000000e+00,-0.000000000e+00
6.000000000e-05,0.000000000e+00,0.000000000e+00,0.000000000e+00,-0.000000000e+00
6.500000000e-05,0.000000000e+00,0.000000000e+00,0.000000000e+00,-0.000000000e+00
7.000000000e-05,0.000000000e+00,0.000000000e+00,0.000000000e+00,-0.000000000e+00
7.500000000e-05,0.000000000e+00,0.000000000e+00,0.000000000e+00,-0.000000000e+00
8.000000000e-05,0.000000000e+00,0.000000000e+00,0.000000000e+00,-0.000000000e+00
8.500000000e-05,0.000000000e+00,0.000000000e+00,0.000000000e+00,-0.000000000e+00
9.000000000e-05,0.000000000e+00,0.000000000e+00,0.000000000e+00,-0.000000000e+00
9.500000000e-05,0.000000000e+00,0.000000000e+00,0.000000000e+00,-0.000000000e+00
1.000000000e-04,0.000000000e+00,0.000000000e+00,0.000000000e+00,-0.000000000e+00
1.050000000e-04,2.500000000e+00,2.493765586e+00,-6.234413965e-03,6.234413965e-03
1.100000000e-04,5.000000000e+00,4.975093438e+00,-2.490656153e-02,2.490656153e-02
1.150000000e-04,5.000000000e+00,4.950280005e+00,-4.971999513e-02,4.971999513e-02
1.200000000e-04,5.000000000e+00,4.925590329e+00,-7.440967097e-02,7.440967097e-02
1.250000000e-04,5.000000000e+00,4.901023794e+00,-9.897620628e-02,9.897620628e-02
1.300000000e-04,5.000000000e+00,4.876579785e+00,-1.234202152e-01,1.234202152e-01
1.350000000e-04,5.000000000e+00,4.852257691e+00,-1.477423089e-01,1.477423089e-01
1.400000000e-04,5.000000000e+00,4.828056905e+00,-1.719430954e-01,1.719430954e-01
1.450000000e-04,5.000000000e+00,4.803976820e+00,-1.960231797e-01,1.960231797e-01
1.500000000e-04,5.000000000e+00,4.780016836e+00,-2.199831639e-01,2.199831639e-01
1.550000000e-04,5.000000000e+00,4.756176353e+00,-2.438236468e-01,2.438236468e-01
1.600000000e-04,5.000000000e+00,4.732454775e+00,-2.675452246e-01,2.675452246e-01
1.650000000e-04,5.000000000e+00,4.708851510e+00,-2.911484904e-01,2.911484904e-01
1.700000000e-04,5.000000000e+00,4.685365966e+00,-3.146340341e-01,3.146340341e-01
1.750000000e-04,5.000000000e+00,4.661997557e+00,-3.380024429e-01,3.380024429e-01
1.800000000e-04,5.000000000e+00,4.638745699e+00,-3.612543010e-01,3.612543010e-01
1.850000000e-04,5.000000000e+00,4.615609810e+00,-3.843901898e-01,3.843901898e-01
1.900000000e-04,5.000000000e+00,4.592589312e+00,-4.074106876e-01,4.074106876e-01
1.950000000e-04,5.000000000e+00,4.569683630e+00,-4.303163699e-01,4.303163699e-01
2.000000000e-04,5.000000000e+00,4.546892191e+00,-4.531078095e-01,4.531078095e-01
2.050000000e-04,5.000000000e+00,4.524214424e+00,-4.757855760e-01,4.757855760e-01
2.100000000e-04,5.000000000e+00,4.501649764e+00,-4.983502365e-01,4.983502365e-01
2.150000000e-04,5.000000000e+00,4.479197645e+00,-5.208023550e-01,5.208023550e-01
2.200000000e-04,5.000000000e+00,4.456857507e+00,-5.431424929e-01,5.431424929e-01
2.250000000e-04,5.000000000e+00,4.434628791e+00,-5.653712086e-01,5.653712086e-01
2.300000000e-04,5.000000000e+00,4.412510942e+00,-5.874890580e-01,5.874890580e-01
2.350000000e-04,5.000000000e+00,4.390503406e+00,-6.094965938e-01,6.094965938e-01
2.400000000e-04,5.000000000e+00,4.368605634e+00,-6.313943664e-01,6.313943664e-01
2.450000000e-04,5.000000000e+00,4.346817077e+00,-6.531829232e-01,6.531829232e-01
2.500000000e-04,5.000000000e+00,4.325137191e+00,-6.748628089e-01,6.748628089e-01
2.550000000e-04,5.000000000e+00,4.303565435e+00,-6.964345655e-01,6.964345655e-01
2.600000000e-04,5.000000000e+00,4.282101268e+00,-7.178987322e-01,7.178987322e-01
2.650000000e-04,5.000000000e+00,4.260744154e+00,-7.392558458e-01,7.392558458e-01
2.700000000e-04,5.000000000e+00,4.239493560e+00,-7.605064400e-01,7.605064400e-01
2.750000000e-04,5.000000000e+00,4.218348954e+00,-7.816510463e-01,7.816510463e-01
2.800000000e-04,5.000000000e+00,4.197309807e+00,-8.026901932e-01,8.026901932e-01
2.850000000e-04,5.000000000e+00,4.176375593e+00,-8.236244067e-01,8.236244067e-01
2.900000000e-04,5.000000000e+00,4.155545790e+00,-8.444542102e-01,8.444542102e-01
2.950000000e-04,5.000000000e+00,4.134819876e+00,-8.651801244e-01,8.651801244e-01
3.000000000e-04,5.000000000e+00,4.114197333e+00,-8.858026674e-01,8.858026674e-01
3.050000000e-04,5.000000000e+00,4.093677645e+00,-9.063223548e-01,9.063223548e-01
3.100000000e-04,5.000000000e+00,4.073260300e+00,-9.267396997e-01,9.267396997e-01
3.150000000e-04,5.000000000e+00,4.052944788e+00,-9.470552124e-01,9.470552124e-01
3.200000000e-04,5.000000000e+00,4.032730599e+00,-9.672694009e-01,9.672694009e-01
3.250000000e-04,5.000000000e+00,4.012617230e+00,-9.873827704e-01,9.873827704e-01
3.300000000e-04,5.000000000e+00,3.992604176e+00,-1.007395824e+00,1.007395824e+00
3.350000000e-04,5.000000000e+00,3.972690938e+00,-1.027309062e+00,1.027309062e+00
3.400000000e-04,5.000000000e+00,3.952877018e+00,-1.047122982e+00,1.047122982e+00
3.450000000e-04,5.000000000e+00,3.933161921e+00,-1.066838079e+00,1.066838079e+00
3.500000000e-04,5.000000000e+00,3.913545153e+00,-1.086454847e+00,1.086454847e+00
3.550000000e-04,5.000000000e+00,3.894026225e+00,-1.105973775e+00,1.105973775e+00
3.600000000e-04,5.000000000e+00,3.874604648e+00,-1.125395352e+00,1.125395352e+00
3.650000000e-04,5.000000000e+00,3.855279936e+00,-1.144720064e+00,1.144720064e+00
3.700000000e-04,5.000000000e+00,3.836051607e+00,-1.163948393e+00,1.163948393e+00
3.750000000e-04,5.000000000e+00,3.816919180e+00,-1.183080820e+00,1.183080820e+00
3.800000000e-04,5.000000000e+00,3.797882177e+00,-1.202117823e+00,1.202117823e+00
3.850000000e-04,5.000000000e+00,3.778940121e+00,-1.221059879e+00,1.221059879e+00
3.900000000e-04,5.000000000e+00,3.760092540e+00,-1.239907460e+00,1.239907460e+00
3.950000000e-04,5.000000000e+00,3.741338961e+00,-1.258661039e+00,1.258661039e+00
4.000000000e-04,5.000000000e+00,3.722678916e+00,-1.277321084e+00,1.277321084e+00
4.050000000e-04,5.000000000e+00,3.704111939e+00,-1.295888061e+00,1.295888061e+00
4.100000000e-04,5.000000000e+00,3.685637565e+00,-1.314362435e+00,1.314362435e+00
4.150000000e-04,5.000000000e+00,3.667255333e+00,-1.332744667e+00,1.332744667e+00
4.200000000e-04,5.000000000e+00,3.648964783e+00,-1.351035217e+00,1.351035217e+00
4.250000000e-04,5.000000000e+00,3.630765457e+00,-1.369234543e+00,1.369234543e+00
4.300000000e-04,5.000000000e+00,3.612656901e+00,-1.387343099e+00,1.387343099e+00
4.350000000e-04,5.000000000e+00,3.594638662e+00,-1.405361338e+00,1.405361338e+00
4.400000000e-04,5.000000000e+00,3.576710290e+00,-1.423289710e+00,1.423289710e+00
4.450000000e-04,5.000000000e+00,3.558871336e+00,-1.441128664e+00,1.441128664e+00
4.500000000e-04,5.000000000e+00,3.541121354e+00,-1.458878646e+00,1.458878646e+00
4.550000000e-04,5.000000000e+00,3.523459901e+00,-1.476540099e+00,1.476540099e+00
4.600000000e-04,5.000000000e+00,3.505886535e+00,-1.494113465e+00,1.494113465e+00
4.650000000e-04,5.000000000e+00,3.488400817e+00,-1.511599183e+00,1.511599183e+00
4.700000000e-04,5.000000000e+00,3.471002309e+00,-1.528997691e+00,1.528997691e+00
4.750000000e-04,5.000000000e+00,3.453690577e+00,-1.546309423e+00,1.546309423e+00
4.800000000e-04,5.000000000e+00,3.436465187e+00,-1.563534813e+00,1.563534813e+00
4.850000000e-04,5.000000000e+00,3.419325710e+00,-1.580674290e+00,1.580674290e+00
4.900000000e-04,5.000000000e+00,3.402271716e+00,-1.597728284e+00,1.597728284e+00
4.950000000e-04,5.000000000e+00,3.385302780e+00,-1.614697220e+00,1.614697220e+00
5.000000000e-04,5.000000000e+00,3.368418477e+00,-1.631581523e+00,1.631581523e+00
5.050000000e-04,5.000000000e+00,3.351618385e+00,-1.648381615e+00,1.648381615e+00
5.100000000e-04,5.000000000e+00,3.334902084e+00,-1.665097916e+00,1.665097916e+00
5.150000000e-04,5.000000000e+00,3.318269156e+00,-1.681730844e+00,1.681730844e+00
5.200000000e-04,5.000000000e+00,3.301719185e+00,-1.698280815e+00,1.698280815e+00
5.250000000e-04,5.000000000e+00,3.285251757e+00,-1.714748243e+00,1.714748243e+00
5.300000000e-04,5.000000000e+00,3.268866462e+00,-1.731133538e+00,1.731133538e+00
5.350000000e-04,5.000000000e+00,3.252562888e+00,-1.747437112e+00,1.747437112e+00
5.400000000e-04,5.000000000e+00,3.236340630e+00,-1.763659370e+00,1.763659370e+00
5.450000000e-04,5.000000000e+00,3.220199280e+00,-1.779800720e+00,1.779800720e+00
5.500000000e-04,5.000000000e+00,3.204138436e+00,-1.795861564e+00,1.795861564e+00
5.550000000e-04,5.000000000e+00,3.188157695e+00,-1.811842305e+00,1.811842305e+00
5.600000000e-04,5.000000000e+00,3.172256659e+00,-1.827743341e+00,1.827743341e+00
5.650000000e-04,5.000000000e+00,3.156434930e+00,-1.843565070e+00,1.843565070e+00
5.700000000e-04,5.000000000e+00,3.140692113e+00,-1.859307887e+00,1.859307887e+00
5.750000000e-04,5.000000000e+00,3.125027813e+00,-1.874972187e+00,1.874972187e+00
5.800000000e-04,5.000000000e+00,3.109441639e+00,-1.890558361e+00,1.890558361e+00
5.850000000e-04,5.000000000e+00,3.093933202e+00,-1.906066798e+00,1.906066798e+00
5.900000000e-04,5.000000000e+00,3.078502114e+00,-1.921497886e+00,1.921497886e+00
5.950000000e-04,5.000000000e+00,3.063147989e+00,-1.936852011e+00,1.936852011e+00
6.000000000e-04,5.000000000e+00,3.047870443e+00,-1.952129557e+00,1.952129557e+00
6.050000000e-04,5.000000000e+00,3.032669094e+00,-1.967330906e+00,1.967330906e+00
6.100000000e-04,5.000000000e+00,3.017543562e+00,-1.982456438e+00,1.982456438e+00
6.150000000e-04,5.000000000e+00,3.002493470e+00,-1.997506530e+00,1.997506530e+00
6.200000000e-04,5.000000000e+00,2.987518440e+00,-2.012481560e+00,2.012481560e+00
6.250000000e-04,5.000000000e+00,2.972618098e+00,-2.027381902e+00,2.027381902e+00
6.300000000e-04,5.000000000e+00,2.957792073e+00,-2.042207927e+00,2.042207927e+00
6.350000000e-04,5.000000000e+00,2.943039993e+00,-2.056960007e+00,2.056960007e+00
6.400000000e-04,5.000000000e+00,2.928361489e+00,-2.071638511e+00,2.071638511e+00
6.450000000e-04,5.000000000e+00,2.913756195e+00,-2.086243805e+00,2.086243805e+00
6.500000000e-04,5.000000000e+00,2.899223745e+00,-2.100776255e+00,2.100776255e+00
6.550000000e-04,5.000000000e+00,2.884763776e+00,-2.115236224e+00,2.115236224e+00
6.600000000e-04,5.000000000e+00,2.870375927e+00,-2.129624073e+00,2.129624073e+00
6.650000000e-04,5.000000000e+00,2.856059838e+00,-2.143940162e+00,2.143940162e+00
6.700000000e-04,5.000000000e+00,2.841815150e+00,-2.158184850e+00,2.158184850e+00
6.750000000e-04,5.000000000e+00,2.827641508e+00,-2.172358492e+00,2.172358492e+00
6.800000000e-04,5.000000000e+00,2.813538558e+00,-2.186461442e+00,2.186461442e+00
6.850000000e-04,5.000000000e+00,2.799505947e+00,-2.200494053e+00,2.200494053e+00
6.900000000e-04,5.000000000e+00,2.785543324e+00,-2.214456676e+00,2.214456676e+00
6.950000000e-04,5.000000000e+00,2.771650340e+00,-2.228349660e+00,2.228349660e+00
7.000000000e-04,5.000000000e+00,2.757826647e+00,-2.242173353e+00,2.242173353e+00
7.050000000e-04,5.000000000e+00,2.744071901e+00,-2.255928099e+00,2.255928099e+00
7.100000000e-04,5.000000000e+00,2.730385757e+00,-2.269614243e+00,2.269614243e+00
7.150000000e-04,5.000000000e+00,2.716767873e+00,-2.283232127e+00,2.283232127e+00
7.200000000e-04,5.000000000e+00,2.703217908e+00,-2.296782092e+00,2.296782092e+00
7.250000000e-04,5.000000000e+00,2.689735525e+00,-2.310264475e+00,2.310264475e+00
7.300000000e-04,5.000000000e+00,2.676320385e+00,-2.323679615e+00,2.323679615e+00
7.350000000e-04,5.000000000e+00,2.662972153e+00,-2.337027847e+00,2.337027847e+00
7.400000000e-04,5.000000000e+00,2.649690497e+00,-2.350309503e+00,2.350309503e+00
7.450000000e-04,5.000000000e+00,2.636475083e+00,-2.363524917e+00,2.363524917e+00
7.500000000e-04,5.000000000e+00,2.623325581e+00,-2.376674419e+00,2.376674419e+00
7.550000000e-04,5.000000000e+00,2.610241663e+00,-2.389758337e+00,2.389758337e+00
7.600000000e-04,5.000000000e+00,2.597223001e+00,-2.402776999e+00,2.402776999e+00
7.650000000e-04,5.000000000e+00,2.584269271e+00,-2.415730729e+00,2.415730729e+00
7.700000000e-04,5.000000000e+00,2.571380147e+00,-2.428619853e+00,2.428619853e+00
7.750000000e-04,5.000000000e+00,2.558555309e+00,-2.441444691e+00,2.441444691e+00
7.800000000e-04,5.000000000e+00,2.545794434e+00,-2.454205566e+00,2.454205566e+00
7.850000000e-04,5.000000000e+00,2.533097205e+00,-2.466902795e+00,2.466902795e+00
7.900000000e-04,5.000000000e+00,2.520463304e+00,-2.479536696e+00,2.479536696e+00
7.950000000e-04,5.000000000e+00,2.507892415e+00,-2.492107585e+00,2.492107585e+00
8.000000000e-04,5.000000000e+00,2.495384223e+00,-2.504615777e+00,2.504615777e+00
8.050000000e-04,5.000000000e+00,2.482938416e+00,-2.517061584e+00,2.517061584e+00
8.100000000e-04,5.000000000e+00,2.470554684e+00,-2.529445316e+00,2.529445316e+00
8.150000000e-04,5.000000000e+00,2.458232715e+00,-2.541767285e+00,2.541767285e+00
8.200000000e-04,5.000000000e+00,2.445972203e+00,-2.554027797e+00,2.554027797e+00
8.250000000e-04,5.000000000e+00,2.433772840e+00,-2.566227160e+00,2.566227160e+00
8.300000000e-04,5.000000000e+00,2.421634322e+00,-2.578365678e+00,2.578365678e+00
8.350000000e-04,5.000000000e+00,2.409556346e+00,-2.590443654e+00,2.590443654e+00
8.400000000e-04,5.000000000e+00,2.397538608e+00,-2.602461392e+00,2.602461392e+00
8.450000000e-04,5.000000000e+00,2.385580810e+00,-2.614419190e+00,2.614419190e+00
8.500000000e-04,5.000000000e+00,2.373682651e+00,-2.626317349e+00,2.626317349e+00
8.550000000e-04,5.000000000e+00,2.361843835e+00,-2.638156165e+00,2.638156165e+00
8.600000000e-04,5.000000000e+00,2.350064065e+00,-2.649935935e+00,2.649935935e+00
8.650000000e-04,5.000000000e+00,2.338343047e+00,-2.661656953e+00,2.661656953e+00
8.700000000e-04,5.000000000e+00,2.326680488e+00,-2.673319512e+00,2.673319512e+00
8.750000000e-04,5.000000000e+00,2.315076097e+00,-2.684923903e+00,2.684923903e+00
8.800000000e-04,5.000000000e+00,2.303529583e+00,-2.696470417e+00,2.696470417e+00
8.850000000e-04,5.000000000e+00,2.292040657e+00,-2.707959343e+00,2.707959343e+00
8.900000000e-04,5.000000000e+00,2.280609033e+00,-2.719390967e+00,2.719390967e+00
8.950000000e-04,5.000000000e+00,2.269234424e+00,-2.730765576e+00,2.730765576e+00
9.000000000e-04,5.000000000e+00,2.257916547e+00,-2.742083453e+00,2.742083453e+00
9.050000000e-04,5.000000000e+00,2.246655118e+00,-2.753344882e+00,2.753344882e+00
9.100000000e-04,5.000000000e+00,2.235449855e+00,-2.764550145e+00,2.764550145e+00
9.150000000e-04,5.000000000e+00,2.224300479e+00,-2.775699521e+00,2.775699521e+00
9.200000000e-04,5.000000000e+00,2.213206712e+00,-2.786793288e+00,2.786793288e+00
9.250000000e-04,5.000000000e+00,2.202168274e+00,-2.797831726e+00,2.797831726e+00
9.300000000e-04,5.000000000e+00,2.191184891e+00,-2.808815109e+00,2.808815109e+00
9.350000000e-04,5.000000000e+00,2.180256288e+00,-2.819743712e+00,2.819743712e+00
9.400000000e-04,5.000000000e+00,2.169382192e+00,-2.830617808e+00,2.830617808e+00
9.450000000e-04,5.000000000e+00,2.158562331e+00,-2.841437669e+00,2.841437669e+00
9.500000000e-04,5.000000000e+00,2.147796434e+00,-2.852203566e+00,2.852203566e+00
9.550000000e-04,5.000000000e+00,2.137084232e+00,-2.862915768e+00,2.862915768e+00
9.600000000e-04,5.000000000e+00,2.126425458e+00,-2.873574542e+00,2.873574542e+00
9.650000000e-04,5.000000000e+00,2.115819845e+00,-2.884180155e+00,2.884180155e+00
9.700000000e-04,5.000000000e+00,2.105267127e+00,-2.894732873e+00,2.894732873e+00
9.750000000e-04,5.000000000e+00,2.094767042e+00,-2.905232958e+00,2.905232958e+00
9.800000000e-04,5.000000000e+00,2.084319326e+00,-2.915680674e+00,2.915680674e+00
9.850000000e-04,5.000000000e+00,2.073923718e+00,-2.926076282e+00,2.926076282e+00
9.900000000e-04,5.000000000e+00,2.063579959e+00,-2.936420041e+00,2.936420041e+00
9.950000000e-04,5.000000000e+00,2.053287790e+00,-2.946712210e+00,2.946712210e+00
1.000000000e-03,5.000000000e+00,2.043046953e+00,-2.956953047e+00,2.956953047e+00
1.005000000e-03,5.000000000e+00,2.032857192e+00,-2.967142808e+00,2.967142808e+00
1.010000000e-03,5.000000000e+00,2.022718254e+00,-2.977281746e+00,2.977281746e+00
1.015000000e-03,5.000000000e+00,2.012629884e+00,-2.987370116e+00,2.987370116e+00
1.020000000e-03,5.000000000e+00,2.002591829e+00,-2.997408171e+00,2.997408171e+00
1.025000000e-03,5.000000000e+00,1.992603840e+00,-3.007396160e+00,3.007396160e+00
1.030000000e-03,5.000000000e+00,1.982665666e+00,-3.017334334e+00,3.017334334e+00
1.035000000e-03,5.000000000e+00,1.972777059e+00,-3.027222941e+00,3.027222941e+00
1.040000000e-03,5.000000000e+00,1.962937772e+00,-3.037062228e+00,3.037062228e+00
1.045000000e-03,5.000000000e+00,1.953147559e+00,-3.046852441e+00,3.046852441e+00
1.050000000e-03,5.000000000e+00,1.943406175e+00,-3.056593825e+00,3.056593825e+00
1.055000000e-03,5.000000000e+00,1.933713376e+00,-3.066286624e+00,3.066286624e+00
1.060000000e-03,5.000000000e+00,1.924068920e+00,-3.075931080e+00,3.075931080e+00
1.065000000e-03,5.000000000e+00,1.914472566e+00,-3.085527434e+00,3.085527434e+00
1.070000000e-03,5.000000000e+00,1.904924075e+00,-3.095075925e+00,3.095075925e+00
1.075000000e-03,5.000000000e+00,1.895423207e+00,-3.104576793e+00,3.104576793e+00
1.080000000e-03,5.000000000e+00,1.885969724e+00,-3.114030276e+00,3.114030276e+00
1.085000000e-03,5.000000000e+00,1.876563391e+00,-3.123436609e+00,3.123436609e+00
1.090000000e-03,5.000000000e+00,1.867203973e+00,-3.132796027e+00,3.132796027e+00
1.095000000e-03,5.000000000e+00,1.857891235e+00,-3.142108765e+00,3.142108765e+00
1.100000000e-03,5.000000000e+00,1.848624945e+00,-3.151375055e+00,3.151375055e+00
1.105000000e-03,5.000000000e+00,1.839404870e+00,-3.160595130e+00,3.160595130e+00
1.110000000e-03,5.000000000e+00,1.830230781e+00,-3.169769219e+00,3.169769219e+00
1.115000000e-03,5.000000000e+00,1.821102448e+00,-3.178897552e+00,3.178897552e+00
1.120000000e-03,5.000000000e+00,1.812019643e+00,-3.187980357e+00,3.187980357e+00
1.125000000e-03,5.000000000e+00,1.802982138e+00,-3.197017862e+00,3.197017862e+00
1.130000000e-03,5.000000000e+00,1.793989709e+00,-3.206010291e+00,3.206010291e+00
1.135000000e-03,5.000000000e+00,1.785042129e+00,-3.214957871e+00,3.214957871e+00
1.140000000e-03,5.000000000e+00,1.776139176e+00,-3.223860824e+00,3.223860824e+00
1.145000000e-03,5.000000000e+00,1.767280626e+00,-3.232719374e+00,3.232719374e+00
1.150000000e-03,5.000000000e+00,1.758466259e+00,-3.241533741e+00,3.241533741e+00
1.155000000e-03,5.000000000e+00,1.749695854e+00,-3.250304146e+00,3.250304146e+00
1.160000000e-03,5.000000000e+00,1.740969191e+00,-3.259030809e+00,3.259030809e+00
1.165000000e-03,5.000000000e+00,1.732286053e+00,-3.267713947e+00,3.267713947e+00
1.170000000e-03,5.000000000e+00,1.723646222e+00,-3.276353778e+00,3.276353778e+00
1.175000000e-03,5.000000000e+00,1.715049483e+00,-3.284950517e+00,3.284950517e+00
1.180000000e-03,5.000000000e+00,1.706495620e+00,-3.293504380e+00,3.293504380e+00
1.185000000e-03,5.000000000e+00,1.697984420e+00,-3.302015580e+00,3.302015580e+00
1.190000000e-03,5.000000000e+00,1.689515670e+00,-3.310484330e+00,3.310484330e+00
1.195000000e-03,5.000000000e+00,1.681089158e+00,-3.318910842e+00,3.318910842e+00
1.200000000e-03,5.000000000e+00,1.672704673e+00,-3.327295327e+00,3.327295327e+00
1.205000000e-03,5.000000000e+00,1.664362007e+00,-3.335637993e+00,3.335637993e+00
1.210000000e-03,5.000000000e+00,1.656060949e+00,-3.343939051e+00,3.343939051e+00
1.215000000e-03,5.000000000e+00,1.647801294e+00,-3.352198706e+00,3.352198706e+00
1.220000000e-03,5.000000000e+00,1.639582833e+00,-3.360417167e+00,3.360417167e+00
1.225000000e-03,5.000000000e+00,1.631405363e+00,-3.368594637e+00,3.368594637e+00
1.230000000e-03,5.000000000e+00,1.623268678e+00,-3.376731322e+00,3.376731322e+00
1.235000000e-03,5.000000000e+00,1.615172575e+00,-3.384827425e+00,3.384827425e+00
1.240000000e-03,5.000000000e+00,1.607116851e+00,-3.392883149e+00,3.392883149e+00
1.245000000e-03,5.000000000e+00,1.599101306e+00,-3.400898694e+00,3.400898694e+00
1.250000000e-03,5.000000000e+00,1.591125738e+00,-3.408874262e+00,3.408874262e+00
1.255000000e-03,5.000000000e+00,1.583189949e+00,-3.416810051e+00,3.416810051e+00
1.260000000e-03,5.000000000e+00,1.575293740e+00,-3.424706260e+00,3.424706260e+00
1.265000000e-03,5.000000000e+00,1.567436913e+00,-3.432563087e+00,3.432563087e+00
1.270000000e-03,5.000000000e+00,1.559619272e+00,-3.440380728e+00,3.440380728e+00
1.275000000e-03,5.000000000e+00,1.551840623e+00,-3.448159377e+00,3.448159377e+00
1.280000000e-03,5.000000000e+00,1.544100769e+00,-3.455899231e+00,3.455899231e+00
1.285000000e-03,5.000000000e+00,1.536399519e+00,-3.463600481e+00,3.463600481e+00
1.290000000e-03,5.000000000e+00,1.528736678e+00,-3.471263322e+00,3.471263322e+00
1.295000000e-03,5.000000000e+00,1.521112056e+00,-3.478887944e+00,3.478887944e+00
1.300000000e-03,5.000000000e+00,1.513525462e+00,-3.486474538e+00,3.486474538e+00
1.305000000e-03,5.000000000e+00,1.505976707e+00,-3.494023293e+00,3.494023293e+00
1.310000000e-03,5.000000000e+00,1.498465601e+00,-3.501534399e+00,3.501534399e+00
1.315000000e-03,5.000000000e+00,1.490991957e+00,-3.509008043e+00,3.509008043e+00
1.320000000e-03,5.000000000e+00,1.483555588e+00,-3.516444412e+00,3.516444412e+00
1.325000000e-03,5.000000000e+00,1.476156309e+00,-3.523843691e+00,3.523843691e+00
1.330000000e-03,5.000000000e+00,1.468793933e+00,-3.531206067e+00,3.531206067e+00
1.335000000e-03,5.000000000e+00,1.461468278e+00,-3.538531722e+00,3.538531722e+00
1.340000000e-03,5.000000000e+00,1.454179159e+00,-3.545820841e+00,3.545820841e+00
1.345000000e-03,5.000000000e+00,1.446926395e+00,-3.553073605e+00,3.553073605e+00
1.350000000e-03,5.000000000e+00,1.439709805e+00,-3.560290195e+00,3.560290195e+00
1.355000000e-03,5.000000000e+00,1.432529207e+00,-3.567470793e+00,3.567470793e+00
1.360000000e-03,5.000000000e+00,1.425384423e+00,-3.574615577e+00,3.574615577e+00
1.365000000e-03,5.000000000e+00,1.418275274e+00,-3.581724726e+00,3.581724726e+00
1.370000000e-03,5.000000000e+00,1.411201582e+00,-3.588798418e+00,3.588798418e+00
1.375000000e-03,5.000000000e+00,1.404163170e+00,-3.595836830e+00,3.595836830e+00
1.380000000e-03,5.000000000e+00,1.397159862e+00,-3.602840138e+00,3.602840138e+00
1.385000000e-03,5.000000000e+00,1.390191484e+00,-3.609808516e+00,3.609808516e+00
1.390000000e-03,5.000000000e+00,1.383257860e+00,-3.616742140e+00,3.616742140e+00
1.395000000e-03,5.000000000e+00,1.376358819e+00,-3.623641181e+00,3.623641181e+00
1.400000000e-03,5.000000000e+00,1.369494186e+00,-3.630505814e+00,3.630505814e+00
1.405000000e-03,5.000000000e+00,1.362663791e+00,-3.637336209e+00,3.637336209e+00
1.410000000e-03,5.000000000e+00,1.355867463e+00,-3.644132537e+00,3.644132537e+00
1.415000000e-03,5.000000000e+00,1.349105032e+00,-3.650894968e+00,3.650894968e+00
1.420000000e-03,5.000000000e+00,1.342376329e+00,-3.657623671e+00,3.657623671e+00
1.425000000e-03,5.000000000e+00,1.335681185e+00,-3.664318815e+00,3.664318815e+00
1.430000000e-03,5.000000000e+00,1.329019433e+00,-3.670980567e+00,3.670980567e+00
1.435000000e-03,5.000000000e+00,1.322390907e+00,-3.677609093e+00,3.677609093e+00
1.440000000e-03,5.000000000e+00,1.315795441e+00,-3.684204559e+00,3.684204559e+00
1.445000000e-03,5.000000000e+00,1.309232871e+00,-3.690767129e+00,3.690767129e+00
1.450000000e-03,5.000000000e+00,1.302703031e+00,-3.697296969e+00,3.697296969e+00
1.455000000e-03,5.000000000e+00,1.296205759e+00,-3.703794241e+00,3.703794241e+00
1.460000000e-03,5.000000000e+00,1.289740892e+00,-3.710259108e+00,3.710259108e+00
1.465000000e-03,5.000000000e+00,1.283308269e+00,-3.716691731e+00,3.716691731e+00
1.470000000e-03,5.000000000e+00,1.276907729e+00,-3.723092271e+00,3.723092271e+00
1.475000000e-03,5.000000000e+00,1.270539112e+00,-3.729460888e+00,3.729460888e+00
1.480000000e-03,5.000000000e+00,1.264202259e+00,-3.735797741e+00,3.735797741e+00
1.485000000e-03,5.000000000e+00,1.257897011e+00,-3.742102989e+00,3.742102989e+00
1.490000000e-03,5.000000000e+00,1.251623210e+00,-3.748376790e+00,3.748376790e+00
1.495000000e-03,5.000000000e+00,1.245380700e+00,-3.754619300e+00,3.754619300e+00
1.500000000e-03,5.000000000e+00,1.239169325e+00,-3.760830675e+00,3.760830675e+00
1.505000000e-03,5.000000000e+00,1.232988930e+00,-3.767011070e+00,3.767011070e+00
1.510000000e-03,5.000000000e+00,1.226839359e+00,-3.773160641e+00,3.773160641e+00
1.515000000e-03,5.000000000e+00,1.220720459e+00,-3.779279541e+00,3.779279541e+00
1.520000000e-03,5.000000000e+00,1.214632078e+00,-3.785367922e+00,3.785367922e+00
1.525000000e-03,5.000000000e+00,1.208574063e+00,-3.791425937e+00,3.791425937e+00
1.530000000e-03,5.000000000e+00,1.202546262e+00,-3.797453738e+00,3.797453738e+00
1.535000000e-03,5.000000000e+00,1.196548525e+00,-3.803451475e+00,3.803451475e+00
1.540000000e-03,5.000000000e+00,1.190580702e+00,-3.809419298e+00,3.809419298e+00
1.545000000e-03,5.000000000e+00,1.184642644e+00,-3.815357356e+00,3.815357356e+00
1.550000000e-03,5.000000000e+00,1.178734201e+00,-3.821265799e+00,3.821265799e+00
1.555000000e-03,5.000000000e+00,1.172855228e+00,-3.827144772e+00,3.827144772e+00
1.560000000e-03,5.000000000e+00,1.167005576e+00,-3.832994424e+00,3.832994424e+00
1.565000000e-03,5.000000000e+00,1.161185099e+00,-3.838814901e+00,3.838814901e+00
1.570000000e-03,5.000000000e+00,1.155393652e+00,-3.844606348e+00,3.844606348e+00
1.575000000e-03,5.000000000e+00,1.149631090e+00,-3.850368910e+00,3.850368910e+00
1.580000000e-03,5.000000000e+00,1.143897269e+00,-3.856102731e+00,3.856102731e+00
1.585000000e-03,5.000000000e+00,1.138192046e+00,-3.861807954e+00,3.861807954e+00
1.590000000e-03,5.000000000e+00,1.132515278e+00,-3.867484722e+00,3.867484722e+00
1.595000000e-03,5.000000000e+00,1.126866823e+00,-3.873133177e+00,3.873133177e+00
1.600000000e-03,5.000000000e+00,1.121246539e+00,-3.878753461e+00,3.878753461e+00
1.605000000e-03,5.000000000e+00,1.115654287e+00,-3.884345713e+00,3.884345713e+00
1.610000000e-03,5.000000000e+00,1.110089927e+00,-3.889910073e+00,3.889910073e+00
1.615000000e-03,5.000000000e+00,1.104553319e+00,-3.895446681e+00,3.895446681e+00
1.620000000e-03,5.000000000e+00,1.099044324e+00,-3.900955676e+00,3.900955676e+00
1.625000000e-03,5.000000000e+00,1.093562807e+00,-3.906437193e+00,3.906437193e+00
1.630000000e-03,5.000000000e+00,1.088108628e+00,-3.911891372e+00,3.911891372e+00
1.635000000e-03,5.000000000e+00,1.082681652e+00,-3.917318348e+00,3.917318348e+00
1.640000000e-03,5.000000000e+00,1.077281744e+00,-3.922718256e+00,3.922718256e+00
1.645000000e-03,5.000000000e+00,1.071908768e+00,-3.928091232e+00,3.928091232e+00
1.650000000e-03,5.000000000e+00,1.066562589e+00,-3.933437411e+00,3.933437411e+00
1.655000000e-03,5.000000000e+00,1.061243075e+00,-3.938756925e+00,3.938756925e+00
1.660000000e-03,5.000000000e+00,1.055950092e+00,-3.944049908e+00,3.944049908e+00
1.665000000e-03,5.000000000e+00,1.050683508e+00,-3.949316492e+00,3.949316492e+00
1.670000000e-03,5.000000000e+00,1.045443191e+00,-3.954556809e+00,3.954556809e+00
1.675000000e-03,5.000000000e+00,1.040229011e+00,-3.959770989e+00,3.959770989e+00
1.680000000e-03,5.000000000e+00,1.035040836e+00,-3.964959164e+00,3.964959164e+00
1.685000000e-03,5.000000000e+00,1.029878538e+00,-3.970121462e+00,3.970121462e+00
1.690000000e-03,5.000000000e+00,1.024741986e+00,-3.975258014e+00,3.975258014e+00
1.695000000e-03,5.000000000e+00,1.019631054e+00,-3.980368946e+00,3.980368946e+00
1.700000000e-03,5.000000000e+00,1.014545612e+00,-3.985454388e+00,3.985454388e+00
1.705000000e-03,5.000000000e+00,1.009485534e+00,-3.990514466e+00,3.990514466e+00
1.710000000e-03,5.000000000e+00,1.004450694e+00,-3.995549306e+00,3.995549306e+00
1.715000000e-03,5.000000000e+00,9.994409646e-01,-4.000559035e+00,4.000559035e+00
1.720000000e-03,5.000000000e+00,9.944562216e-01,-4.005543778e+00,4.005543778e+00
1.725000000e-03,5.000000000e+00,9.894963402e-01,-4.010503660e+00,4.010503660e+00
1.730000000e-03,5.000000000e+00,9.845611964e-01,-4.015438804e+00,4.015438804e+00
1.735000000e-03,5.000000000e+00,9.796506667e-01,-4.020349333e+00,4.020349333e+00
1.740000000e-03,5.000000000e+00,9.747646285e-01,-4.025235372e+00,4.025235372e+00
1.745000000e-03,5.000000000e+00,9.699029595e-01,-4.030097040e+00,4.030097040e+00
1.750000000e-03,5.000000000e+00,9.650655383e-01,-4.034934462e+00,4.034934462e+00
1.755000000e-03,5.000000000e+00,9.602522438e-01,-4.039747756e+00,4.039747756e+00
1.760000000e-03,5.000000000e+00,9.554629558e-01,-4.044537044e+00,4.044537044e+00
1.765000000e-03,5.000000000e+00,9.506975545e-01,-4.049302445e+00,4.049302445e+00
1.770000000e-03,5.000000000e+00,9.459559209e-01,-4.054044079e+00,4.054044079e+00
1.775000000e-03,5.000000000e+00,9.412379362e-01,-4.058762064e+00,4.058762064e+00
1.780000000e-03,5.000000000e+00,9.365434827e-01,-4.063456517e+00,4.063456517e+00
1.785000000e-03,5.000000000e+00,9.318724428e-01,-4.068127557e+00,4.068127557e+00
1.790000000e-03,5.000000000e+00,9.272247000e-01,-4.072775300e+00,4.072775300e+00
1.795000000e-03,5.000000000e+00,9.226001379e-01,-4.077399862e+00,4.077399862e+00
1.800000000e-03,5.000000000e+00,9.179986409e-01,-4.082001359e+00,4.082001359e+00
1.805000000e-03,5.000000000e+00,9.134200941e-01,-4.086579906e+00,4.086579906e+00
1.810000000e-03,5.000000000e+00,9.088643829e-01,-4.091135617e+00,4.091135617e+00
1.815000000e-03,5.000000000e+00,9.043313935e-01,-4.095668607e+00,4.095668607e+00
1.820000000e-03,5.000000000e+00,8.998210125e-01,-4.100178988e+00,4.100178988e+00
1.825000000e-03,5.000000000e+00,8.953331271e-01,-4.104666873e+00,4.104666873e+00
1.830000000e-03,5.000000000e+00,8.908676252e-01,-4.109132375e+00,4.109132375e+00
1.835000000e-03,5.000000000e+00,8.864243952e-01,-4.113575605e+00,4.113575605e+00
1.840000000e-03,5.000000000e+00,8.820033259e-01,-4.117996674e+00,4.117996674e+00
1.845000000e-03,5.000000000e+00,8.776043068e-01,-4.122395693e+00,4.122395693e+00
1.850000000e-03,5.000000000e+00,8.732272280e-01,-4.126772772e+00,4.126772772e+00
1.855000000e-03,5.000000000e+00,8.688719799e-01,-4.131128020e+00,4.131128020e+00
1.860000000e-03,5.000000000e+00,8.645384539e-01,-4.135461546e+00,4.135461546e+00
1.865000000e-03,5.000000000e+00,8.602265414e-01,-4.139773459e+00,4.139773459e+00
1.870000000e-03,5.000000000e+00,8.559361347e-01,-4.144063865e+00,4.144063865e+00
1.875000000e-03,5.000000000e+00,8.516671265e-01,-4.148332873e+00,4.148332873e+00
1.880000000e-03,5.000000000e+00,8.474194102e-01,-4.152580590e+00,4.152580590e+00
1.885000000e-03,5.000000000e+00,8.431928795e-01,-4.156807121e+00,4.156807121e+00
1.890000000e-03,5.000000000e+00,8.389874287e-01,-4.161012571e+00,4.161012571e+00
1.895000000e-03,5.000000000e+00,8.348029527e-01,-4.165197047e+00,4.165197047e+00
1.900000000e-03,5.000000000e+00,8.306393470e-01,-4.169360653e+00,4.169360653e+00
1.905000000e-03,5.000000000e+00,8.264965074e-01,-4.173503493e+00,4.173503493e+00
1.910000000e-03,5.000000000e+00,8.223743303e-01,-4.177625670e+00,4.177625670e+00
1.915000000e-03,5.000000000e+00,8.182727126e-01,-4.181727287e+00,4.181727287e+00
1.920000000e-03,5.000000000e+00,8.141915520e-01,-4.185808448e+00,4.185808448e+00
1.925000000e-03,5.000000000e+00,8.101307462e-01,-4.189869254e+00,4.189869254e+00
1.930000000e-03,5.000000000e+00,8.060901939e-01,-4.193909806e+00,4.193909806e+00
1.935000000e-03,5.000000000e+00,8.020697939e-01,-4.197930206e+00,4.197930206e+00
1.940000000e-03,5.000000000e+00,7.980694458e-01,-4.201930554e+00,4.201930554e+00
1.945000000e-03,5.000000000e+00,7.940890496e-01,-4.205910950e+00,4.205910950e+00
1.950000000e-03,5.000000000e+00,7.901285057e-01,-4.209871494e+00,4.209871494e+00
1.955000000e-03,5.000000000e+00,7.861877151e-01,-4.213812285e+00,4.213812285e+00
1.960000000e-03,5.000000000e+00,7.822665794e-01,-4.217733421e+00,4.217733421e+00
1.965000000e-03,5.000000000e+00,7.783650005e-01,-4.221635000e+00,4.221635000e+00
1.970000000e-03,5.000000000e+00,7.744828808e-01,-4.225517119e+00,4.225517119e+00
1.975000000e-03,5.000000000e+00,7.706201232e-01,-4.229379877e+00,4.229379877e+00
1.980000000e-03,5.000000000e+00,7.667766314e-01,-4.233223369e+00,4.233223369e+00
1.985000000e-03,5.000000000e+00,7.629523090e-01,-4.237047691e+00,4.237047691e+00
1.990000000e-03,5.000000000e+00,7.591470606e-01,-4.240852939e+00,4.240852939e+00
1.995000000e-03,5.000000000e+00,7.553607910e-01,-4.244639209e+00,4.244639209e+00
2.000000000e-03,5.000000000e+00,7.515934055e-01,-4.248406595e+00,4.248406595e+00
2.005000000e-03,5.000000000e+00,7.478448099e-01,-4.252155190e+00,4.252155190e+00
2.010000000e-03,5.000000000e+00,7.441149106e-01,-4.255885089e+00,4.255885089e+00
2.015000000e-03,5.000000000e+00,7.404036143e-01,-4.259596386e+00,4.259596386e+00
2.020000000e-03,5.000000000e+00,7.367108282e-01,-4.263289172e+00,4.263289172e+00
2.025000000e-03,5.000000000e+00,7.330364600e-01,-4.266963540e+00,4.266963540e+00
2.030000000e-03,5.000000000e+00,7.293804178e-01,-4.270619582e+00,4.270619582e+00
2.035000000e-03,5.000000000e+00,7.257426102e-01,-4.274257390e+00,4.274257390e+00
2.040000000e-03,5.000000000e+00,7.221229463e-01,-4.277877054e+00,4.277877054e+00
2.045000000e-03,5.000000000e+00,7.185213356e-01,-4.281478664e+00,4.281478664e+00
2.050000000e-03,5.000000000e+00,7.149376881e-01,-4.285062312e+00,4.285062312e+00
2.055000000e-03,5.000000000e+00,7.113719141e-01,-4.288628086e+00,4.288628086e+00
2.060000000e-03,5.000000000e+00,7.078239245e-01,-4.292176076e+00,4.292176076e+00
2.065000000e-03,5.000000000e+00,7.042936306e-01,-4.295706369e+00,4.295706369e+00
2.070000000e-03,5.000000000e+00,7.007809441e-01,-4.299219056e+00,4.299219056e+00
2.075000000e-03,5.000000000e+00,6.972857773e-01,-4.302714223e+00,4.302714223e+00
2.080000000e-03,5.000000000e+00,6.938080428e-01,-4.306191957e+00,4.306191957e+00
2.085000000e-03,5.000000000e+00,6.903476535e-01,-4.309652346e+00,4.309652346e+00
2.090000000e-03,5.000000000e+00,6.869045231e-01,-4.313095477e+00,4.313095477e+00
2.095000000e-03,5.000000000e+00,6.834785654e-01,-4.316521435e+00,4.316521435e+00
2.100000000e-03,5.000000000e+00,6.800696947e-01,-4.319930305e+00,4.319930305e+00
2.105000000e-03,5.000000000e+00,6.766778259e-01,-4.323322174e+00,4.323322174e+00
2.110000000e-03,5.000000000e+00,6.733028742e-01,-4.326697126e+00,4.326697126e+00
2.115000000e-03,5.000000000e+00,6.699447551e-01,-4.330055245e+00,4.330055245e+00
2.120000000e-03,5.000000000e+00,6.666033848e-01,-4.333396615e+00,4.333396615e+00
2.125000000e-03,5.000000000e+00,6.632786796e-01,-4.336721320e+00,4.336721320e+00
2.130000000e-03,5.000000000e+00,6.599705565e-01,-4.340029443e+00,4.340029443e+00
2.135000000e-03,5.000000000e+00,6.566789328e-01,-4.343321067e+00,4.343321067e+00
2.140000000e-03,5.000000000e+00,6.534037261e-01,-4.346596274e+00,4.346596274e+00
2.145000000e-03,5.000000000e+00,6.501448547e-01,-4.349855145e+00,4.349855145e+00
2.150000000e-03,5.000000000e+00,6.469022370e-01,-4.353097763e+00,4.353097763e+00
2.155000000e-03,5.000000000e+00,6.436757919e-01,-4.356324208e+00,4.356324208e+00
2.160000000e-03,5.000000000e+00,6.404654388e-01,-4.359534561e+00,4.359534561e+00
2.165000000e-03,5.000000000e+00,6.372710975e-01,-4.362728903e+00,4.362728903e+00
2.170000000e-03,5.000000000e+00,6.340926880e-01,-4.365907312e+00,4.365907312e+00
2.175000000e-03,5.000000000e+00,6.309301310e-01,-4.369069869e+00,4.369069869e+00
2.180000000e-03,5.000000000e+00,6.277833473e-01,-4.372216653e+00,4.372216653e+00
2.185000000e-03,5.000000000e+00,6.246522582e-01,-4.375347742e+00,4.375347742e+00
2.190000000e-03,5.000000000e+00,6.215367856e-01,-4.378463214e+00,4.378463214e+00
2.195000000e-03,5.000000000e+00,6.184368515e-01,-4.381563148e+00,4.381563148e+00
2.200000000e-03,5.000000000e+00,6.153523785e-01,-4.384647622e+00,4.384647622e+00
2.205000000e-03,5.000000000e+00,6.122832893e-01,-4.387716711e+00,4.387716711e+00
2.210000000e-03,5.000000000e+00,6.092295073e-01,-4.390770493e+00,4.390770493e+00
2.215000000e-03,5.000000000e+00,6.061909561e-01,-4.393809044e+00,4.393809044e+00
2.220000000e-03,5.000000000e+00,6.031675599e-01,-4.396832440e+00,4.396832440e+00
2.225000000e-03,5.000000000e+00,6.001592429e-01,-4.399840757e+00,4.399840757e+00
2.230000000e-03,5.000000000e+00,5.971659299e-01,-4.402834070e+00,4.402834070e+00
2.235000000e-03,5.000000000e+00,5.941875462e-01,-4.405812454e+00,4.405812454e+00
2.240000000e-03,5.000000000e+00,5.912240173e-01,-4.408775983e+00,4.408775983e+00
2.245000000e-03,5.000000000e+00,5.882752691e-01,-4.411724731e+00,4.411724731e+00
2.250000000e-03,5.000000000e+00,5.853412279e-01,-4.414658772e+00,4.414658772e+00
2.255000000e-03,5.000000000e+00,5.824218202e-01,-4.417578180e+00,4.417578180e+00
2.260000000e-03,5.000000000e+00,5.795169733e-01,-4.420483027e+00,4.420483027e+00
2.265000000e-03,5.000000000e+00,5.766266143e-01,-4.423373386e+00,4.423373386e+00
2.270000000e-03,5.000000000e+00,5.737506711e-01,-4.426249329e+00,4.426249329e+00
2.275000000e-03,5.000000000e+00,5.708890717e-01,-4.429110928e+00,4.429110928e+00
2.280000000e-03,5.000000000e+00,5.680417447e-01,-4.431958255e+00,4.431958255e+00
2.285000000e-03,5.000000000e+00,5.652086188e-01,-4.434791381e+00,4.434791381e+00
2.290000000e-03,5.000000000e+00,5.623896232e-01,-4.437610377e+00,4.437610377e+00
2.295000000e-03,5.000000000e+00,5.595846874e-01,-4.440415313e+00,4.440415313e+00
2.300000000e-03,5.000000000e+00,5.567937413e-01,-4.443206259e+00,4.443206259e+00
2.305000000e-03,5.000000000e+00,5.540167152e-01,-4.445983285e+00,4.445983285e+00
2.310000000e-03,5.000000000e+00,5.512535395e-01,-4.448746460e+00,4.448746460e+00
2.315000000e-03,5.000000000e+00,5.485041453e-01,-4.451495855e+00,4.451495855e+00
2.320000000e-03,5.000000000e+00,5.457684638e-01,-4.454231536e+00,4.454231536e+00
2.325000000e-03,5.000000000e+00,5.430464266e-01,-4.456953573e+00,4.456953573e+00
2.330000000e-03,5.000000000e+00,5.403379656e-01,-4.459662034e+00,4.459662034e+00
2.335000000e-03,5.000000000e+00,5.376430131e-01,-4.462356987e+00,4.462356987e+00
2.340000000e-03,5.000000000e+00,5.349615019e-01,-4.465038498e+00,4.465038498e+00
2.345000000e-03,5.000000000e+00,5.322933647e-01,-4.467706635e+00,4.467706635e+00
2.350000000e-03,5.000000000e+00,5.296385349e-01,-4.470361465e+00,4.470361465e+00
2.355000000e-03,5.000000000e+00,5.269969462e-01,-4.473003054e+00,4.473003054e+00
2.360000000e-03,5.000000000e+00,5.243685325e-01,-4.475631467e+00,4.475631467e+00
2.365000000e-03,5.000000000e+00,5.217532281e-01,-4.478246772e+00,4.478246772e+00
2.370000000e-03,5.000000000e+00,5.191509677e-01,-4.480849032e+00,4.480849032e+00
2.375000000e-03,5.000000000e+00,5.165616860e-01,-4.483438314e+00,4.483438314e+00
2.380000000e-03,5.000000000e+00,5.139853185e-01,-4.486014681e+00,4.486014681e+00
2.385000000e-03,5.000000000e+00,5.114218007e-01,-4.488578199e+00,4.488578199e+00
2.390000000e-03,5.000000000e+00,5.088710685e-01,-4.491128931e+00,4.491128931e+00
2.395000000e-03,5.000000000e+00,5.063330582e-01,-4.493666942e+00,4.493666942e+00
2.400000000e-03,5.000000000e+00,5.038077063e-01,-4.496192294e+00,4.496192294e+00
2.405000000e-03,5.000000000e+00,5.012949497e-01,-4.498705050e+00,4.498705050e+00
2.410000000e-03,5.000000000e+00,4.987947255e-01,-4.501205275e+00,4.501205275e+00
2.415000000e-03,5.000000000e+00,4.963069712e-01,-4.503693029e+00,4.503693029e+00
2.420000000e-03,5.000000000e+00,4.938316247e-01,-4.506168375e+00,4.506168375e+00
2.425000000e-03,5.000000000e+00,4.913686241e-01,-4.508631376e+00,4.508631376e+00
2.430000000e-03,5.000000000e+00,4.889179078e-01,-4.511082092e+00,4.511082092e+00
2.435000000e-03,5.000000000e+00,4.864794145e-01,-4.513520586e+00,4.513520586e+00
2.440000000e-03,5.000000000e+00,4.840530832e-01,-4.515946917e+00,4.515946917e+00
2.445000000e-03,5.000000000e+00,4.816388534e-01,-4.518361147e+00,4.518361147e+00
2.450000000e-03,5.000000000e+00,4.792366646e-01,-4.520763335e+00,4.520763335e+00
2.455000000e-03,5.000000000e+00,4.768464568e-01,-4.523153543e+00,4.523153543e+00
2.460000000e-03,5.000000000e+00,4.744681702e-01,-4.525531830e+00,4.525531830e+00
2.465000000e-03,5.000000000e+00,4.721017455e-01,-4.527898255e+00,4.527898255e+00
2.470000000e-03,5.000000000e+00,4.697471233e-01,-4.530252877e+00,4.530252877e+00
2.475000000e-03,5.000000000e+00,4.674042449e-01,-4.532595755e+00,4.532595755e+00
2.480000000e-03,5.000000000e+00,4.650730516e-01,-4.534926948e+00,4.534926948e+00
2.485000000e-03,5.000000000e+00,4.627534853e-01,-4.537246515e+00,4.537246515e+00
2.490000000e-03,5.000000000e+00,4.604454878e-01,-4.539554512e+00,4.539554512e+00
2.495000000e-03,5.000000000e+00,4.581490016e-01,-4.541850998e+00,4.541850998e+00
2.500000000e-03,5.000000000e+00,4.558639692e-01,-4.544136031e+00,4.544136031e+00
2.505000000e-03,5.000000000e+00,4.535903334e-01,-4.546409667e+00,4.546409667e+00
2.510000000e-03,5.000000000e+00,4.513280375e-01,-4.548671962e+00,4.548671962e+00
2.515000000e-03,5.000000000e+00,4.490770249e-01,-4.550922975e+00,4.550922975e+00
2.520000000e-03,5.000000000e+00,4.468372392e-01,-4.553162761e+00,4.553162761e+00
2.525000000e-03,5.000000000e+00,4.446086245e-01,-4.555391375e+00,4.555391375e+00
2.530000000e-03,5.000000000e+00,4.423911252e-01,-4.557608875e+00,4.557608875e+00
2.535000000e-03,5.000000000e+00,4.401846856e-01,-4.559815314e+00,4.559815314e+00
2.540000000e-03,5.000000000e+00,4.379892508e-01,-4.562010749e+00,4.562010749e+00
2.545000000e-03,5.000000000e+00,4.358047657e-01,-4.564195234e+00,4.564195234e+00
2.550000000e-03,5.000000000e+00,4.336311759e-01,-4.566368824e+00,4.566368824e+00
2.555000000e-03,5.000000000e+00,4.314684269e-01,-4.568531573e+00,4.568531573e+00
2.560000000e-03,5.000000000e+00,4.293164647e-01,-4.570683535e+00,4.570683535e+00
2.565000000e-03,5.000000000e+00,4.271752354e-01,-4.572824765e+00,4.572824765e+00
2.570000000e-03,5.000000000e+00,4.250446856e-01,-4.574955314e+00,4.574955314e+00
2.575000000e-03,5.000000000e+00,4.229247620e-01,-4.577075238e+00,4.577075238e+00
2.580000000e-03,5.000000000e+00,4.208154116e-01,-4.579184588e+00,4.579184588e+00
2.585000000e-03,5.000000000e+00,4.187165816e-01,-4.581283418e+00,4.581283418e+00
2.590000000e-03,5.000000000e+00,4.166282196e-01,-4.583371780e+00,4.583371780e+00
2.595000000e-03,5.000000000e+00,4.145502733e-01,-4.585449727e+00,4.585449727e+00
2.600000000e-03,5.000000000e+00,4.124826909e-01,-4.587517309e+00,4.587517309e+00
2.605000000e-03,5.000000000e+00,4.104254206e-01,-4.589574579e+00,4.589574579e+00
2.610000000e-03,5.000000000e+00,4.083784111e-01,-4.591621589e+00,4.591621589e+00
2.615000000e-03,5.000000000e+00,4.063416110e-01,-4.593658389e+00,4.593658389e+00
2.620000000e-03,5.000000000e+00,4.043149696e-01,-4.595685030e+00,4.595685030e+00
2.625000000e-03,5.000000000e+00,4.022984360e-01,-4.597701564e+00,4.597701564e+00
2.630000000e-03,5.000000000e+00,4.002919601e-01,-4.599708040e+00,4.599708040e+00
2.635000000e-03,5.000000000e+00,3.982954914e-01,-4.601704509e+00,4.601704509e+00
2.640000000e-03,5.000000000e+00,3.963089802e-01,-4.603691020e+00,4.603691020e+00
2.645000000e-03,5.000000000e+00,3.943323769e-01,-4.605667623e+00,4.605667623e+00
2.650000000e-03,5.000000000e+00,3.923656318e-01,-4.607634368e+00,4.607634368e+00
2.655000000e-03,5.000000000e+00,3.904086960e-01,-4.609591304e+00,4.609591304e+00
2.660000000e-03,5.000000000e+00,3.884615205e-01,-4.611538480e+00,4.611538480e+00
2.665000000e-03,5.000000000e+00,3.865240565e-01,-4.613475943e+00,4.613475943e+00
2.670000000e-03,5.000000000e+00,3.845962557e-01,-4.615403744e+00,4.615403744e+00
2.675000000e-03,5.000000000e+00,3.826780699e-01,-4.617321930e+00,4.617321930e+00
2.680000000e-03,5.000000000e+00,3.807694511e-01,-4.619230549e+00,4.619230549e+00
2.685000000e-03,5.000000000e+00,3.788703516e-01,-4.621129648e+00,4.621129648e+00
2.690000000e-03,5.000000000e+00,3.769807239e-01,-4.623019276e+00,4.623019276e+00
2.695000000e-03,5.000000000e+00,3.751005208e-01,-4.624899479e+00,4.624899479e+00
2.700000000e-03,5.000000000e+00,3.732296953e-01,-4.626770305e+00,4.626770305e+00
2.705000000e-03,5.000000000e+00,3.713682005e-01,-4.628631799e+00,4.628631799e+00
2.710000000e-03,5.000000000e+00,3.695159901e-01,-4.630484010e+00,4.630484010e+00
2.715000000e-03,5.000000000e+00,3.676730175e-01,-4.632326982e+00,4.632326982e+00
2.720000000e-03,5.000000000e+00,3.658392369e-01,-4.634160763e+00,4.634160763e+00
2.725000000e-03,5.000000000e+00,3.640146023e-01,-4.635985398e+00,4.635985398e+00
2.730000000e-03,5.000000000e+00,3.621990681e-01,-4.637800932e+00,4.637800932e+00
2.735000000e-03,5.000000000e+00,3.603925890e-01,-4.639607411e+00,4.639607411e+00
2.740000000e-03,5.000000000e+00,3.585951197e-01,-4.641404880e+00,4.641404880e+00
2.745000000e-03,5.000000000e+00,3.568066154e-01,-4.643193385e+00,4.643193385e+00
2.750000000e-03,5.000000000e+00,3.550270313e-01,-4.644972969e+00,4.644972969e+00
2.755000000e-03,5.000000000e+00,3.532563229e-01,-4.646743677e+00,4.646743677e+00
2.760000000e-03,5.000000000e+00,3.514944460e-01,-4.648505554e+00,4.648505554e+00
2.765000000e-03,5.000000000e+00,3.497413565e-01,-4.650258644e+00,4.650258644e+00
2.770000000e-03,5.000000000e+00,3.479970105e-01,-4.652002989e+00,4.652002989e+00
2.775000000e-03,5.000000000e+00,3.462613646e-01,-4.653738635e+00,4.653738635e+00
2.780000000e-03,5.000000000e+00,3.445343753e-01,-4.655465625e+00,4.655465625e+00
2.785000000e-03,5.000000000e+00,3.428159993e-01,-4.657184001e+00,4.657184001e+00
2.790000000e-03,5.000000000e+00,3.411061938e-01,-4.658893806e+00,4.658893806e+00
2.795000000e-03,5.000000000e+00,3.394049161e-01,-4.660595084e+00,4.660595084e+00
2.800000000e-03,5.000000000e+00,3.377121235e-01,-4.662287877e+00,4.662287877e+00
2.805000000e-03,5.000000000e+00,3.360277737e-01,-4.663972226e+00,4.663972226e+00
2.810000000e-03,5.000000000e+00,3.343518247e-01,-4.665648175e+00,4.665648175e+00
2.815000000e-03,5.000000000e+00,3.326842346e-01,-4.667315765e+00,4.667315765e+00
2.820000000e-03,5.000000000e+00,3.310249616e-01,-4.668975038e+00,4.668975038e+00
2.825000000e-03,5.000000000e+00,3.293739643e-01,-4.670626036e+00,4.670626036e+00
2.830000000e-03,5.000000000e+00,3.277312014e-01,-4.672268799e+00,4.672268799e+00
2.835000000e-03,5.000000000e+00,3.260966318e-01,-4.673903368e+00,4.673903368e+00
2.840000000e-03,5.000000000e+00,3.244702147e-01,-4.675529785e+00,4.675529785e+00
2.845000000e-03,5.000000000e+00,3.228519093e-01,-4.677148091e+00,4.677148091e+00
2.850000000e-03,5.000000000e+00,3.212416754e-01,-4.678758325e+00,4.678758325e+00
2.855000000e-03,5.000000000e+00,3.196394725e-01,-4.680360527e+00,4.680360527e+00
2.860000000e-03,5.000000000e+00,3.180452607e-01,-4.681954739e+00,4.681954739e+00
2.865000000e-03,5.000000000e+00,3.164590000e-01,-4.683541000e+00,4.683541000e+00
2.870000000e-03,5.000000000e+00,3.148806509e-01,-4.685119349e+00,4.685119349e+00
2.875000000e-03,5.000000000e+00,3.133101738e-01,-4.686689826e+00,4.686689826e+00
2.880000000e-03,5.000000000e+00,3.117475296e-01,-4.688252470e+00,4.688252470e+00
2.885000000e-03,5.000000000e+00,3.101926791e-01,-4.689807321e+00,4.689807321e+00
2.890000000e-03,5.000000000e+00,3.086455834e-01,-4.691354417e+00,4.691354417e+00
2.895000000e-03,5.000000000e+00,3.071062039e-01,-4.692893796e+00,4.692893796e+00
2.900000000e-03,5.000000000e+00,3.055745022e-01,-4.694425498e+00,4.694425498e+00
2.905000000e-03,5.000000000e+00,3.040504398e-01,-4.695949560e+00,4.695949560e+00
2.910000000e-03,5.000000000e+00,3.025339788e-01,-4.697466021e+00,4.697466021e+00
2.915000000e-03,5.000000000e+00,3.010250811e-01,-4.698974919e+00,4.698974919e+00
2.920000000e-03,5.000000000e+00,2.995237091e-01,-4.700476291e+00,4.700476291e+00
2.925000000e-03,5.000000000e+00,2.980298253e-01,-4.701970175e+00,4.701970175e+00
2.930000000e-03,5.000000000e+00,2.965433923e-01,-4.703456608e+00,4.703456608e+00
2.935000000e-03,5.000000000e+00,2.950643728e-01,-4.704935627e+00,4.704935627e+00
2.940000000e-03,5.000000000e+00,2.935927301e-01,-4.706407270e+00,4.706407270e+00
2.945000000e-03,5.000000000e+00,2.921284272e-01,-4.707871573e+00,4.707871573e+00
2.950000000e-03,5.000000000e+00,2.906714276e-01,-4.709328572e+00,4.709328572e+00
2.955000000e-03,5.000000000e+00,2.892216948e-01,-4.710778305e+00,4.710778305e+00
2.960000000e-03,5.000000000e+00,2.877791925e-01,-4.712220807e+00,4.712220807e+00
2.965000000e-03,5.000000000e+00,2.863438848e-01,-4.713656115e+00,4.713656115e+00
2.970000000e-03,5.000000000e+00,2.849157358e-01,-4.715084264e+00,4.715084264e+00
2.975000000e-03,5.000000000e+00,2.834947097e-01,-4.716505290e+00,4.716505290e+00
2.980000000e-03,5.000000000e+00,2.820807710e-01,-4.717919229e+00,4.717919229e+00
2.985000000e-03,5.000000000e+00,2.806738843e-01,-4.719326116e+00,4.719326116e+00
2.990000000e-03,5.000000000e+00,2.792740146e-01,-4.720725985e+00,4.720725985e+00
2.995000000e-03,5.000000000e+00,2.778811267e-01,-4.722118873e+00,4.722118873e+00
3.000000000e-03,5.000000000e+00,2.764951860e-01,-4.723504814e+00,4.723504814e+00
3.005000000e-03,5.000000000e+00,2.751161576e-01,-4.724883842e+00,4.724883842e+00
3.010000000e-03,5.000000000e+00,2.737440072e-01,-4.726255993e+00,4.726255993e+00
3.015000000e-03,5.000000000e+00,2.723787004e-01,-4.727621300e+00,4.727621300e+00
3.020000000e-03,5.000000000e+00,2.710202032e-01,-4.728979797e+00,4.728979797e+00
3.025000000e-03,5.000000000e+00,2.696684814e-01,-4.730331519e+00,4.730331519e+00
3.030000000e-03,5.000000000e+00,2.683235015e-01,-4.731676499e+00,4.731676499e+00
3.035000000e-03,5.000000000e+00,2.669852297e-01,-4.733014770e+00,4.733014770e+00
3.040000000e-03,5.000000000e+00,2.656536325e-01,-4.734346367e+00,4.734346367e+00
3.045000000e-03,5.000000000e+00,2.643286767e-01,-4.735671323e+00,4.735671323e+00
3.050000000e-03,5.000000000e+00,2.630103292e-01,-4.736989671e+00,4.736989671e+00
3.055000000e-03,5.000000000e+00,2.616985570e-01,-4.738301443e+00,4.738301443e+00
3.060000000e-03,5.000000000e+00,2.603933273e-01,-4.739606673e+00,4.739606673e+00
3.065000000e-03,5.000000000e+00,2.590946075e-01,-4.740905393e+00,4.740905393e+00
3.070000000e-03,5.000000000e+00,2.578023650e-01,-4.742197635e+00,4.742197635e+00
3.075000000e-03,5.000000000e+00,2.565165677e-01,-4.743483432e+00,4.743483432e+00
3.080000000e-03,5.000000000e+00,2.552371833e-01,-4.744762817e+00,4.744762817e+00
3.085000000e-03,5.000000000e+00,2.539641799e-01,-4.746035820e+00,4.746035820e+00
3.090000000e-03,5.000000000e+00,2.526975256e-01,-4.747302474e+00,4.747302474e+00
3.095000000e-03,5.000000000e+00,2.514371889e-01,-4.748562811e+00,4.748562811e+00
3.100000000e-03,5.000000000e+00,2.501831380e-01,-4.749816862e+00,4.749816862e+00
3.105000000e-03,5.000000000e+00,2.489353418e-01,-4.751064658e+00,4.751064658e+00
3.110000000e-03,5.000000000e+00,2.476937691e-01,-4.752306231e+00,4.752306231e+00
3.115000000e-03,5.000000000e+00,2.464583887e-01,-4.753541611e+00,4.753541611e+00
3.120000000e-03,5.000000000e+00,2.452291698e-01,-4.754770830e+00,4.754770830e+00
3.125000000e-03,5.000000000e+00,2.440060816e-01,-4.755993918e+00,4.755993918e+00
3.130000000e-03,5.000000000e+00,2.427890937e-01,-4.757210906e+00,4.757210906e+00
3.135000000e-03,5.000000000e+00,2.415781755e-01,-4.758421824e+00,4.758421824e+00
3.140000000e-03,5.000000000e+00,2.403732968e-01,-4.759626703e+00,4.759626703e+00
3.145000000e-03,5.000000000e+00,2.391744275e-01,-4.760825572e+00,4.760825572e+00
3.150000000e-03,5.000000000e+00,2.379815376e-01,-4.762018462e+00,4.762018462e+00
3.155000000e-03,5.000000000e+00,2.367945973e-01,-4.763205403e+00,4.763205403e+00
3.160000000e-03,5.000000000e+00,2.356135769e-01,-4.764386423e+00,4.764386423e+00
3.165000000e-03,5.000000000e+00,2.344384468e-01,-4.765561553e+00,4.765561553e+00
3.170000000e-03,5.000000000e+00,2.332691777e-01,-4.766730822e+00,4.766730822e+00
3.175000000e-03,5.000000000e+00,2.321057404e-01,-4.767894260e+00,4.767894260e+00
3.180000000e-03,5.000000000e+00,2.309481058e-01,-4.769051894e+00,4.769051894e+00
3.185000000e-03,5.000000000e+00,2.297962449e-01,-4.770203755e+00,4.770203755e+00
3.190000000e-03,5.000000000e+00,2.286501290e-01,-4.771349871e+00,4.771349871e+00
3.195000000e-03,5.000000000e+00,2.275097294e-01,-4.772490271e+00,4.772490271e+00
3.200000000e-03,5.000000000e+00,2.263750175e-01,-4.773624983e+00,4.773624983e+00
3.205000000e-03,5.000000000e+00,2.252459650e-01,-4.774754035e+00,4.774754035e+00
3.210000000e-03,5.000000000e+00,2.241225438e-01,-4.775877456e+00,4.775877456e+00
3.215000000e-03,5.000000000e+00,2.230047256e-01,-4.776995274e+00,4.776995274e+00
3.220000000e-03,5.000000000e+00,2.218924826e-01,-4.778107517e+00,4.778107517e+00
3.225000000e-03,5.000000000e+00,2.207857869e-01,-4.779214213e+00,4.779214213e+00
3.230000000e-03,5.000000000e+00,2.196846109e-01,-4.780315389e+00,4.780315389e+00
3.235000000e-03,5.000000000e+00,2.185889271e-01,-4.781411073e+00,4.781411073e+00
3.240000000e-03,5.000000000e+00,2.174987080e-01,-4.782501292e+00,4.782501292e+00
3.245000000e-03,5.000000000e+00,2.164139264e-01,-4.783586074e+00,4.783586074e+00
3.250000000e-03,5.000000000e+00,2.153345552e-01,-4.784665445e+00,4.784665445e+00
3.255000000e-03,5.000000000e+00,2.142605674e-01,-4.785739433e+00,4.785739433e+00
3.260000000e-03,5.000000000e+00,2.131919361e-01,-4.786808064e+00,4.786808064e+00
3.265000000e-03,5.000000000e+00,2.121286347e-01,-4.787871365e+00,4.787871365e+00
3.270000000e-03,5.000000000e+00,2.110706365e-01,-4.788929363e+00,4.788929363e+00
3.275000000e-03,5.000000000e+00,2.100179151e-01,-4.789982085e+00,4.789982085e+00
3.280000000e-03,5.000000000e+00,2.089704442e-01,-4.791029556e+00,4.791029556e+00
3.285000000e-03,5.000000000e+00,2.079281976e-01,-4.792071802e+00,4.792071802e+00
3.290000000e-03,5.000000000e+00,2.068911493e-01,-4.793108851e+00,4.793108851e+00
3.295000000e-03,5.000000000e+00,2.058592732e-01,-4.794140727e+00,4.794140727e+00
3.300000000e-03,5.000000000e+00,2.048325437e-01,-4.795167456e+00,4.795167456e+00
3.305000000e-03,5.000000000e+00,2.038109350e-01,-4.796189065e+00,4.796189065e+00
3.310000000e-03,5.000000000e+00,2.027944216e-01,-4.797205578e+00,4.797205578e+00
3.315000000e-03,5.000000000e+00,2.017829781e-01,-4.798217022e+00,4.798217022e+00
3.320000000e-03,5.000000000e+00,2.007765792e-01,-4.799223421e+00,4.799223421e+00
3.325000000e-03,5.000000000e+00,1.997751997e-01,-4.800224800e+00,4.800224800e+00
3.330000000e-03,5.000000000e+00,1.987788147e-01,-4.801221185e+00,4.801221185e+00
3.335000000e-03,5.000000000e+00,1.977873992e-01,-4.802212601e+00,4.802212601e+00
3.340000000e-03,5.000000000e+00,1.968009283e-01,-4.803199072e+00,4.803199072e+00
3.345000000e-03,5.000000000e+00,1.958193776e-01,-4.804180622e+00,4.804180622e+00
3.350000000e-03,5.000000000e+00,1.948427223e-01,-4.805157278e+00,4.805157278e+00
3.355000000e-03,5.000000000e+00,1.938709382e-01,-4.806129062e+00,4.806129062e+00
3.360000000e-03,5.000000000e+00,1.929040008e-01,-4.807095999e+00,4.807095999e+00
3.365000000e-03,5.000000000e+00,1.919418861e-01,-4.808058114e+00,4.808058114e+00
3.370000000e-03,5.000000000e+00,1.909845700e-01,-4.809015430e+00,4.809015430e+00
3.375000000e-03,5.000000000e+00,1.900320285e-01,-4.809967972e+00,4.809967972e+00
3.380000000e-03,5.000000000e+00,1.890842378e-01,-4.810915762e+00,4.810915762e+00
3.385000000e-03,5.000000000e+00,1.881411743e-01,-4.811858826e+00,4.811858826e+00
3.390000000e-03,5.000000000e+00,1.872028143e-01,-4.812797186e+00,4.812797186e+00
3.395000000e-03,5.000000000e+00,1.862691344e-01,-4.813730866e+00,4.813730866e+00
3.400000000e-03,5.000000000e+00,1.853401113e-01,-4.814659889e+00,4.814659889e+00
3.405000000e-03,5.000000000e+00,1.844157217e-01,-4.815584278e+00,4.815584278e+00
3.410000000e-03,5.000000000e+00,1.834959426e-01,-4.816504057e+00,4.816504057e+00
3.415000000e-03,5.000000000e+00,1.825807509e-01,-4.817419249e+00,4.817419249e+00
3.420000000e-03,5.000000000e+00,1.816701237e-01,-4.818329876e+00,4.818329876e+00
3.425000000e-03,5.000000000e+00,1.807640383e-01,-4.819235962e+00,4.819235962e+00
3.430000000e-03,5.000000000e+00,1.798624720e-01,-4.820137528e+00,4.820137528e+00
3.435000000e-03,5.000000000e+00,1.789654023e-01,-4.821034598e+00,4.821034598e+00
3.440000000e-03,5.000000000e+00,1.780728068e-01,-4.821927193e+00,4.821927193e+00
3.445000000e-03,5.000000000e+00,1.771846631e-01,-4.822815337e+00,4.822815337e+00
3.450000000e-03,5.000000000e+00,1.763009491e-01,-4.823699051e+00,4.823699051e+00
3.455000000e-03,5.000000000e+00,1.754216426e-01,-4.824578357e+00,4.824578357e+00
3.460000000e-03,5.000000000e+00,1.745467217e-01,-4.825453278e+00,4.825453278e+00
3.465000000e-03,5.000000000e+00,1.736761645e-01,-4.826323836e+00,4.826323836e+00
3.470000000e-03,5.000000000e+00,1.728099492e-01,-4.827190051e+00,4.827190051e+00
3.475000000e-03,5.000000000e+00,1.719480542e-01,-4.828051946e+00,4.828051946e+00
3.480000000e-03,5.000000000e+00,1.710904579e-01,-4.828909542e+00,4.828909542e+00
3.485000000e-03,5.000000000e+00,1.702371389e-01,-4.829762861e+00,4.829762861e+00
3.490000000e-03,5.000000000e+00,1.693880759e-01,-4.830611924e+00,4.830611924e+00
3.495000000e-03,5.000000000e+00,1.685432476e-01,-4.831456752e+00,4.831456752e+00
3.500000000e-03,5.000000000e+00,1.677026329e-01,-4.832297367e+00,4.832297367e+00
3.505000000e-03,5.000000000e+00,1.668662107e-01,-4.833133789e+00,4.833133789e+00
3.510000000e-03,5.000000000e+00,1.660339603e-01,-4.833966040e+00,4.833966040e+00
3.515000000e-03,5.000000000e+00,1.652058608e-01,-4.834794139e+00,4.834794139e+00
3.520000000e-03,5.000000000e+00,1.643818914e-01,-4.835618109e+00,4.835618109e+00
3.525000000e-03,5.000000000e+00,1.635620316e-01,-4.836437968e+00,4.836437968e+00
3.530000000e-03,5.000000000e+00,1.627462608e-01,-4.837253739e+00,4.837253739e+00
3.535000000e-03,5.000000000e+00,1.619345588e-01,-4.838065441e+00,4.838065441e+00
3.540000000e-03,5.000000000e+00,1.611269051e-01,-4.838873095e+00,4.838873095e+00
3.545000000e-03,5.000000000e+00,1.603232797e-01,-4.839676720e+00,4.839676720e+00
3.550000000e-03,5.000000000e+00,1.595236623e-01,-4.840476338e+00,4.840476338e+00
3.555000000e-03,5.000000000e+00,1.587280331e-01,-4.841271967e+00,4.841271967e+00
3.560000000e-03,5.000000000e+00,1.579363721e-01,-4.842063628e+00,4.842063628e+00
3.565000000e-03,5.000000000e+00,1.571486595e-01,-4.842851341e+00,4.842851341e+00
3.570000000e-03,5.000000000e+00,1.563648757e-01,-4.843635124e+00,4.843635124e+00
3.575000000e-03,5.000000000e+00,1.555850010e-01,-4.844414999e+00,4.844414999e+00
3.580000000e-03,5.000000000e+00,1.548090159e-01,-4.845190984e+00,4.845190984e+00
3.585000000e-03,5.000000000e+00,1.540369011e-01,-4.845963099e+00,4.845963099e+00
3.590000000e-03,5.000000000e+00,1.532686373e-01,-4.846731363e+00,4.846731363e+00
3.595000000e-03,5.000000000e+00,1.525042052e-01,-4.847495795e+00,4.847495795e+00
3.600000000e-03,5.000000000e+00,1.517435857e-01,-4.848256414e+00,4.848256414e+00
3.605000000e-03,5.000000000e+00,1.509867598e-01,-4.849013240e+00,4.849013240e+00
3.610000000e-03,5.000000000e+00,1.502337087e-01,-4.849766291e+00,4.849766291e+00
3.615000000e-03,5.000000000e+00,1.494844134e-01,-4.850515587e+00,4.850515587e+00
3.620000000e-03,5.000000000e+00,1.487388552e-01,-4.851261145e+00,4.851261145e+00
3.625000000e-03,5.000000000e+00,1.479970155e-01,-4.852002984e+00,4.852002984e+00
3.630000000e-03,5.000000000e+00,1.472588758e-01,-4.852741124e+00,4.852741124e+00
3.635000000e-03,5.000000000e+00,1.465244175e-01,-4.853475582e+00,4.853475582e+00
3.640000000e-03,5.000000000e+00,1.457936224e-01,-4.854206378e+00,4.854206378e+00
3.645000000e-03,5.000000000e+00,1.450664722e-01,-4.854933528e+00,4.854933528e+00
3.650000000e-03,5.000000000e+00,1.443429487e-01,-4.855657051e+00,4.855657051e+00
3.655000000e-03,5.000000000e+00,1.436230337e-01,-4.856376966e+00,4.856376966e+00
3.660000000e-03,5.000000000e+00,1.429067093e-01,-4.857093291e+00,4.857093291e+00
3.665000000e-03,5.000000000e+00,1.421939577e-01,-4.857806042e+00,4.857806042e+00
3.670000000e-03,5.000000000e+00,1.414847609e-01,-4.858515239e+00,4.858515239e+00
3.675000000e-03,5.000000000e+00,1.407791012e-01,-4.859220899e+00,4.859220899e+00
3.680000000e-03,5.000000000e+00,1.400769611e-01,-4.859923039e+00,4.859923039e+00
3.685000000e-03,5.000000000e+00,1.393783229e-01,-4.860621677e+00,4.860621677e+00
3.690000000e-03,5.000000000e+00,1.386831691e-01,-4.861316831e+00,4.861316831e+00
3.695000000e-03,5.000000000e+00,1.379914825e-01,-4.862008517e+00,4.862008517e+00
3.700000000e-03,5.000000000e+00,1.373032457e-01,-4.862696754e+00,4.862696754e+00
3.705000000e-03,5.000000000e+00,1.366184415e-01,-4.863381559e+00,4.863381559e+00
3.710000000e-03,5.000000000e+00,1.359370527e-01,-4.864062947e+00,4.864062947e+00
3.715000000e-03,5.000000000e+00,1.352590624e-01,-4.864740938e+00,4.864740938e+00
3.720000000e-03,5.000000000e+00,1.345844536e-01,-4.865415546e+00,4.865415546e+00
3.725000000e-03,5.000000000e+00,1.339132095e-01,-4.866086791e+00,4.866086791e+00
3.730000000e-03,5.000000000e+00,1.332453132e-01,-4.866754687e+00,4.866754687e+00
3.735000000e-03,5.000000000e+00,1.325807480e-01,-4.867419252e+00,4.867419252e+00
3.740000000e-03,5.000000000e+00,1.319194974e-01,-4.868080503e+00,4.868080503e+00
3.745000000e-03,5.000000000e+00,1.312615448e-01,-4.868738455e+00,4.868738455e+00
3.750000000e-03,5.000000000e+00,1.306068738e-01,-4.869393126e+00,4.869393126e+00
3.755000000e-03,5.000000000e+00,1.299554679e-01,-4.870044532e+00,4.870044532e+00
3.760000000e-03,5.000000000e+00,1.293073110e-01,-4.870692689e+00,4.870692689e+00
3.765000000e-03,5.000000000e+00,1.286623867e-01,-4.871337613e+00,4.871337613e+00
3.770000000e-03,5.000000000e+00,1.280206791e-01,-4.871979321e+00,4.871979321e+00
3.775000000e-03,5.000000000e+00,1.273821719e-01,-4.872617828e+00,4.872617828e+00
3.780000000e-03,5.000000000e+00,1.267468494e-01,-4.873253151e+00,4.873253151e+00
3.785000000e-03,5.000000000e+00,1.261146955e-01,-4.873885304e+00,4.873885304e+00
3.790000000e-03,5.000000000e+00,1.254856945e-01,-4.874514305e+00,4.874514305e+00
3.795000000e-03,5.000000000e+00,1.248598307e-01,-4.875140169e+00,4.875140169e+00
3.800000000e-03,5.000000000e+00,1.242370884e-01,-4.875762912e+00,4.875762912e+00
3.805000000e-03,5.000000000e+00,1.236174521e-01,-4.876382548e+00,4.876382548e+00
3.810000000e-03,5.000000000e+00,1.230009062e-01,-4.876999094e+00,4.876999094e+00
3.815000000e-03,5.000000000e+00,1.223874353e-01,-4.877612565e+00,4.877612565e+00
3.820000000e-03,5.000000000e+00,1.217770242e-01,-4.878222976e+00,4.878222976e+00
3.825000000e-03,5.000000000e+00,1.211696575e-01,-4.878830343e+00,4.878830343e+00
3.830000000e-03,5.000000000e+00,1.205653200e-01,-4.879434680e+00,4.879434680e+00
3.835000000e-03,5.000000000e+00,1.199639967e-01,-4.880036003e+00,4.880036003e+00
3.840000000e-03,5.000000000e+00,1.193656726e-01,-4.880634327e+00,4.880634327e+00
3.845000000e-03,5.000000000e+00,1.187703326e-01,-4.881229667e+00,4.881229667e+00
3.850000000e-03,5.000000000e+00,1.181779618e-01,-4.881822038e+00,4.881822038e+00
3.855000000e-03,5.000000000e+00,1.175885455e-01,-4.882411454e+00,4.882411454e+00
3.860000000e-03,5.000000000e+00,1.170020690e-01,-4.882997931e+00,4.882997931e+00
3.865000000e-03,5.000000000e+00,1.164185175e-01,-4.883581482e+00,4.883581482e+00
3.870000000e-03,5.000000000e+00,1.158378766e-01,-4.884162123e+00,4.884162123e+00
3.875000000e-03,5.000000000e+00,1.152601315e-01,-4.884739868e+00,4.884739868e+00
3.880000000e-03,5.000000000e+00,1.146852680e-01,-4.885314732e+00,4.885314732e+00
3.885000000e-03,5.000000000e+00,1.141132717e-01,-4.885886728e+00,4.885886728e+00
3.890000000e-03,5.000000000e+00,1.135441282e-01,-4.886455872e+00,4.886455872e+00
3.895000000e-03,5.000000000e+00,1.129778233e-01,-4.887022177e+00,4.887022177e+00
3.900000000e-03,5.000000000e+00,1.124143429e-01,-4.887585657e+00,4.887585657e+00
3.905000000e-03,5.000000000e+00,1.118536729e-01,-4.888146327e+00,4.888146327e+00
3.910000000e-03,5.000000000e+00,1.112957992e-01,-4.888704201e+00,4.888704201e+00
3.915000000e-03,5.000000000e+00,1.107407079e-01,-4.889259292e+00,4.889259292e+00
3.920000000e-03,5.000000000e+00,1.101883852e-01,-4.889811615e+00,4.889811615e+00
3.925000000e-03,5.000000000e+00,1.096388172e-01,-4.890361183e+00,4.890361183e+00
3.930000000e-03,5.000000000e+00,1.090919902e-01,-4.890908010e+00,4.890908010e+00
3.935000000e-03,5.000000000e+00,1.085478905e-01,-4.891452110e+00,4.891452110e+00
3.940000000e-03,5.000000000e+00,1.080065045e-01,-4.891993496e+00,4.891993496e+00
3.945000000e-03,5.000000000e+00,1.074678187e-01,-4.892532181e+00,4.892532181e+00
3.950000000e-03,5.000000000e+00,1.069318196e-01,-4.893068180e+00,4.893068180e+00
3.955000000e-03,5.000000000e+00,1.063984938e-01,-4.893601506e+00,4.893601506e+00
3.960000000e-03,5.000000000e+00,1.058678280e-01,-4.894132172e+00,4.894132172e+00
3.965000000e-03,5.000000000e+00,1.053398089e-01,-4.894660191e+00,4.894660191e+00
3.970000000e-03,5.000000000e+00,1.048144233e-01,-4.895185577e+00,4.895185577e+00
3.975000000e-03,5.000000000e+00,1.042916581e-01,-4.895708342e+00,4.895708342e+00
3.980000000e-03,5.000000000e+00,1.037715002e-01,-4.896228500e+00,4.896228500e+00
3.985000000e-03,5.000000000e+00,1.032539366e-01,-4.896746063e+00,4.896746063e+00
3.990000000e-03,5.000000000e+00,1.027389544e-01,-4.897261046e+00,4.897261046e+00
3.995000000e-03,5.000000000e+00,1.022265406e-01,-4.897773459e+00,4.897773459e+00
4.000000000e-03,5.000000000e+00,1.017166826e-01,-4.898283317e+00,4.898283317e+00
4.005000000e-03,5.000000000e+00,1.012093675e-01,-4.898790633e+00,4.898790633e+00
4.010000000e-03,5.000000000e+00,1.007045826e-01,-4.899295417e+00,4.899295417e+00
4.015000000e-03,5.000000000e+00,1.002023153e-01,-4.899797685e+00,4.899797685e+00
4.020000000e-03,5.000000000e+00,9.970255317e-02,-4.900297447e+00,4.900297447e+00
4.025000000e-03,5.000000000e+00,9.920528358e-02,-4.900794716e+00,4.900794716e+00
4.030000000e-03,5.000000000e+00,9.871049413e-02,-4.901289506e+00,4.901289506e+00
4.035000000e-03,5.000000000e+00,9.821817247e-02,-4.901781828e+00,4.901781828e+00
4.040000000e-03,5.000000000e+00,9.772830627e-02,-4.902271694e+00,4.902271694e+00
4.045000000e-03,5.000000000e+00,9.724088330e-02,-4.902759117e+00,4.902759117e+00
4.050000000e-03,5.000000000e+00,9.675589136e-02,-4.903244109e+00,4.903244109e+00
4.055000000e-03,5.000000000e+00,9.627331833e-02,-4.903726682e+00,4.903726682e+00
4.060000000e-03,5.000000000e+00,9.579315216e-02,-4.904206848e+00,4.904206848e+00
4.065000000e-03,5.000000000e+00,9.531538083e-02,-4.904684619e+00,4.904684619e+00
4.070000000e-03,5.000000000e+00,9.483999239e-02,-4.905160008e+00,4.905160008e+00
4.075000000e-03,5.000000000e+00,9.436697497e-02,-4.905633025e+00,4.905633025e+00
4.080000000e-03,5.000000000e+00,9.389631675e-02,-4.906103683e+00,4.906103683e+00
4.085000000e-03,5.000000000e+00,9.342800594e-02,-4.906571994e+00,4.906571994e+00
4.090000000e-03,5.000000000e+00,9.296203085e-02,-4.907037969e+00,4.907037969e+00
4.095000000e-03,5.000000000e+00,9.249837982e-02,-4.907501620e+00,4.907501620e+00
4.100000000e-03,5.000000000e+00,9.203704127e-02,-4.907962959e+00,4.907962959e+00
4.105000000e-03,5.000000000e+00,9.157800365e-02,-4.908421996e+00,4.908421996e+00
4.110000000e-03,5.000000000e+00,9.112125551e-02,-4.908878744e+00,4.908878744e+00
4.115000000e-03,5.000000000e+00,9.066678540e-02,-4.909333215e+00,4.909333215e+00
4.120000000e-03,5.000000000e+00,9.021458199e-02,-4.909785418e+00,4.909785418e+00
4.125000000e-03,5.000000000e+00,8.976463395e-02,-4.910235366e+00,4.910235366e+00
4.130000000e-03,5.000000000e+00,8.931693004e-02,-4.910683070e+00,4.910683070e+00
4.135000000e-03,5.000000000e+00,8.887145906e-02,-4.911128541e+00,4.911128541e+00
4.140000000e-03,5.000000000e+00,8.842820989e-02,-4.911571790e+00,4.911571790e+00
4.145000000e-03,5.000000000e+00,8.798717144e-02,-4.912012829e+00,4.912012829e+00
4.150000000e-03,5.000000000e+00,8.754833268e-02,-4.912451667e+00,4.912451667e+00
4.155000000e-03,5.000000000e+00,8.711168264e-02,-4.912888317e+00,4.912888317e+00
4.160000000e-03,5.000000000e+00,8.667721041e-02,-4.913322790e+00,4.913322790e+00
4.165000000e-03,5.000000000e+00,8.624490512e-02,-4.913755095e+00,4.913755095e+00
4.170000000e-03,5.000000000e+00,8.581475597e-02,-4.914185244e+00,4.914185244e+00
4.175000000e-03,5.000000000e+00,8.538675219e-02,-4.914613248e+00,4.914613248e+00
4.180000000e-03,5.000000000e+00,8.496088311e-02,-4.915039117e+00,4.915039117e+00
4.185000000e-03,5.000000000e+00,8.453713805e-02,-4.915462862e+00,4.915462862e+00
4.190000000e-03,5.000000000e+00,8.411550644e-02,-4.915884494e+00,4.915884494e+00
4.195000000e-03,5.000000000e+00,8.369597773e-02,-4.916304022e+00,4.916304022e+00
4.200000000e-03,5.000000000e+00,8.327854143e-02,-4.916721459e+00,4.916721459e+00
4.205000000e-03,5.000000000e+00,8.286318711e-02,-4.917136813e+00,4.917136813e+00
4.210000000e-03,5.000000000e+00,8.244990438e-02,-4.917550096e+00,4.917550096e+00
4.215000000e-03,5.000000000e+00,8.203868292e-02,-4.917961317e+00,4.917961317e+00
4.220000000e-03,5.000000000e+00,8.162951243e-02,-4.918370488e+00,4.918370488e+00
4.225000000e-03,5.000000000e+00,8.122238269e-02,-4.918777617e+00,4.918777617e+00
4.230000000e-03,5.000000000e+00,8.081728352e-02,-4.919182716e+00,4.919182716e+00
4.235000000e-03,5.000000000e+00,8.041420480e-02,-4.919585795e+00,4.919585795e+00
4.240000000e-03,5.000000000e+00,8.001313645e-02,-4.919986864e+00,4.919986864e+00
4.245000000e-03,5.000000000e+00,7.961406844e-02,-4.920385932e+00,4.920385932e+00
4.250000000e-03,5.000000000e+00,7.921699079e-02,-4.920783009e+00,4.920783009e+00
4.255000000e-03,5.000000000e+00,7.882189358e-02,-4.921178106e+00,4.921178106e+00
4.260000000e-03,5.000000000e+00,7.842876693e-02,-4.921571233e+00,4.921571233e+00
4.265000000e-03,5.000000000e+00,7.803760101e-02,-4.921962399e+00,4.921962399e+00
4.270000000e-03,5.000000000e+00,7.764838604e-02,-4.922351614e+00,4.922351614e+00
4.275000000e-03,5.000000000e+00,7.726111229e-02,-4.922738888e+00,4.922738888e+00
4.280000000e-03,5.000000000e+00,7.687577009e-02,-4.923124230e+00,4.923124230e+00
4.285000000e-03,5.000000000e+00,7.649234979e-02,-4.923507650e+00,4.923507650e+00
4.290000000e-03,5.000000000e+00,7.611084181e-02,-4.923889158e+00,4.923889158e+00
4.295000000e-03,5.000000000e+00,7.573123661e-02,-4.924268763e+00,4.924268763e+00
4.300000000e-03,5.000000000e+00,7.535352471e-02,-4.924646475e+00,4.924646475e+00
4.305000000e-03,5.000000000e+00,7.497769666e-02,-4.925022303e+00,4.925022303e+00
4.310000000e-03,5.000000000e+00,7.460374306e-02,-4.925396257e+00,4.925396257e+00
4.315000000e-03,5.000000000e+00,7.423165456e-02,-4.925768345e+00,4.925768345e+00
4.320000000e-03,5.000000000e+00,7.386142187e-02,-4.926138578e+00,4.926138578e+00
4.325000000e-03,5.000000000e+00,7.349303573e-02,-4.926506964e+00,4.926506964e+00
4.330000000e-03,5.000000000e+00,7.312648692e-02,-4.926873513e+00,4.926873513e+00
4.335000000e-03,5.000000000e+00,7.276176629e-02,-4.927238234e+00,4.927238234e+00
4.340000000e-03,5.000000000e+00,7.239886471e-02,-4.927601135e+00,4.927601135e+00
4.345000000e-03,5.000000000e+00,7.203777312e-02,-4.927962227e+00,4.927962227e+00
4.350000000e-03,5.000000000e+00,7.167848248e-02,-4.928321518e+00,4.928321518e+00
4.355000000e-03,5.000000000e+00,7.132098381e-02,-4.928679016e+00,4.928679016e+00
4.360000000e-03,5.000000000e+00,7.096526818e-02,-4.929034732e+00,4.929034732e+00
4.365000000e-03,5.000000000e+00,7.061132669e-02,-4.929388673e+00,4.929388673e+00
4.370000000e-03,5.000000000e+00,7.025915050e-02,-4.929740849e+00,4.929740849e+00
4.375000000e-03,5.000000000e+00,6.990873080e-02,-4.930091269e+00,4.930091269e+00
4.380000000e-03,5.000000000e+00,6.956005882e-02,-4.930439941e+00,4.930439941e+00
4.385000000e-03,5.000000000e+00,6.921312586e-02,-4.930786874e+00,4.930786874e+00
4.390000000e-03,5.000000000e+00,6.886792324e-02,-4.931132077e+00,4.931132077e+00
4.395000000e-03,5.000000000e+00,6.852444233e-02,-4.931475558e+00,4.931475558e+00
4.400000000e-03,5.000000000e+00,6.818267453e-02,-4.931817325e+00,4.931817325e+00
4.405000000e-03,5.000000000e+00,6.784261132e-02,-4.932157389e+00,4.932157389e+00
4.410000000e-03,5.000000000e+00,6.750424418e-02,-4.932495756e+00,4.932495756e+00
4.415000000e-03,5.000000000e+00,6.716756466e-02,-4.932832435e+00,4.932832435e+00
4.420000000e-03,5.000000000e+00,6.683256434e-02,-4.933167436e+00,4.933167436e+00
4.425000000e-03,5.000000000e+00,6.649923484e-02,-4.933500765e+00,4.933500765e+00
4.430000000e-03,5.000000000e+00,6.616756783e-02,-4.933832432e+00,4.933832432e+00
4.435000000e-03,5.000000000e+00,6.583755502e-02,-4.934162445e+00,4.934162445e+00
4.440000000e-03,5.000000000e+00,6.550918817e-02,-4.934490812e+00,4.934490812e+00
4.445000000e-03,5.000000000e+00,6.518245905e-02,-4.934817541e+00,4.934817541e+00
4.450000000e-03,5.000000000e+00,6.485735950e-02,-4.935142640e+00,4.935142640e+00
4.455000000e-03,5.000000000e+00,6.453388140e-02,-4.935466119e+00,4.935466119e+00
4.460000000e-03,5.000000000e+00,6.421201665e-02,-4.935787983e+00,4.935787983e+00
4.465000000e-03,5.000000000e+00,6.389175722e-02,-4.936108243e+00,4.936108243e+00
4.470000000e-03,5.000000000e+00,6.357309509e-02,-4.936426905e+00,4.936426905e+00
4.475000000e-03,5.000000000e+00,6.325602230e-02,-4.936743978e+00,4.936743978e+00
4.480000000e-03,5.000000000e+00,6.294053091e-02,-4.937059469e+00,4.937059469e+00
4.485000000e-03,5.000000000e+00,6.262661305e-02,-4.937373387e+00,4.937373387e+00
4.490000000e-03,5.000000000e+00,6.231426087e-02,-4.937685739e+00,4.937685739e+00
4.495000000e-03,5.000000000e+00,6.200346655e-02,-4.937996533e+00,4.937996533e+00
4.500000000e-03,5.000000000e+00,6.169422233e-02,-4.938305778e+00,4.938305778e+00
4.505000000e-03,5.000000000e+00,6.138652047e-02,-4.938613480e+00,4.938613480e+00
4.510000000e-03,5.000000000e+00,6.108035329e-02,-4.938919647e+00,4.938919647e+00
4.515000000e-03,5.000000000e+00,6.077571312e-02,-4.939224287e+00,4.939224287e+00
4.520000000e-03,5.000000000e+00,6.047259236e-02,-4.939527408e+00,4.939527408e+00
4.525000000e-03,5.000000000e+00,6.017098342e-02,-4.939829017e+00,4.939829017e+00
4.530000000e-03,5.000000000e+00,5.987087876e-02,-4.940129121e+00,4.940129121e+00
4.535000000e-03,5.000000000e+00,5.957227089e-02,-4.940427729e+00,4.940427729e+00
4.540000000e-03,5.000000000e+00,5.927515233e-02,-4.940724848e+00,4.940724848e+00
4.545000000e-03,5.000000000e+00,5.897951566e-02,-4.941020484e+00,4.941020484e+00
4.550000000e-03,5.000000000e+00,5.868535349e-02,-4.941314647e+00,4.941314647e+00
4.555000000e-03,5.000000000e+00,5.839265846e-02,-4.941607342e+00,4.941607342e+00
4.560000000e-03,5.000000000e+00,5.810142325e-02,-4.941898577e+00,4.941898577e+00
4.565000000e-03,5.000000000e+00,5.781164059e-02,-4.942188359e+00,4.942188359e+00
4.570000000e-03,5.000000000e+00,5.752330323e-02,-4.942476697e+00,4.942476697e+00
4.575000000e-03,5.000000000e+00,5.723640396e-02,-4.942763596e+00,4.942763596e+00
4.580000000e-03,5.000000000e+00,5.695093562e-02,-4.943049064e+00,4.943049064e+00
4.585000000e-03,5.000000000e+00,5.666689105e-02,-4.943333109e+00,4.943333109e+00
4.590000000e-03,5.000000000e+00,5.638426316e-02,-4.943615737e+00,4.943615737e+00
4.595000000e-03,5.000000000e+00,5.610304489e-02,-4.943896955e+00,4.943896955e+00
4.600000000e-03,5.000000000e+00,5.582322921e-02,-4.944176771e+00,4.944176771e+00
4.605000000e-03,5.000000000e+00,5.554480911e-02,-4.944455191e+00,4.944455191e+00
4.610000000e-03,5.000000000e+00,5.526777765e-02,-4.944732222e+00,4.944732222e+00
4.615000000e-03,5.000000000e+00,5.499212788e-02,-4.945007872e+00,4.945007872e+00
4.620000000e-03,5.000000000e+00,5.471785293e-02,-4.945282147e+00,4.945282147e+00
4.625000000e-03,5.000000000e+00,5.444494593e-02,-4.945555054e+00,4.945555054e+00
4.630000000e-03,5.000000000e+00,5.417340007e-02,-4.945826600e+00,4.945826600e+00
4.635000000e-03,5.000000000e+00,5.390320855e-02,-4.946096791e+00,4.946096791e+00
4.640000000e-03,5.000000000e+00,5.363436461e-02,-4.946365635e+00,4.946365635e+00
4.645000000e-03,5.000000000e+00,5.336686155e-02,-4.946633138e+00,4.946633138e+00
4.650000000e-03,5.000000000e+00,5.310069266e-02,-4.946899307e+00,4.946899307e+00
4.655000000e-03,5.000000000e+00,5.283585130e-02,-4.947164149e+00,4.947164149e+00
4.660000000e-03,5.000000000e+00,5.257233085e-02,-4.947427669e+00,4.947427669e+00
4.665000000e-03,5.000000000e+00,5.231012471e-02,-4.947689875e+00,4.947689875e+00
4.670000000e-03,5.000000000e+00,5.204922633e-02,-4.947950774e+00,4.947950774e+00
4.675000000e-03,5.000000000e+00,5.178962919e-02,-4.948210371e+00,4.948210371e+00
4.680000000e-03,5.000000000e+00,5.153132680e-02,-4.948468673e+00,4.948468673e+00
4.685000000e-03,5.000000000e+00,5.127431270e-02,-4.948725687e+00,4.948725687e+00
4.690000000e-03,5.000000000e+00,5.101858047e-02,-4.948981420e+00,4.948981420e+00
4.695000000e-03,5.000000000e+00,5.076412371e-02,-4.949235876e+00,4.949235876e+00
4.700000000e-03,5.000000000e+00,5.051093606e-02,-4.949489064e+00,4.949489064e+00
4.705000000e-03,5.000000000e+00,5.025901119e-02,-4.949740989e+00,4.949740989e+00
4.710000000e-03,5.000000000e+00,5.000834281e-02,-4.949991657e+00,4.949991657e+00
4.715000000e-03,5.000000000e+00,4.975892464e-02,-4.950241075e+00,4.950241075e+00
4.720000000e-03,5.000000000e+00,4.951075045e-02,-4.950489250e+00,4.950489250e+00
4.725000000e-03,5.000000000e+00,4.926381404e-02,-4.950736186e+00,4.950736186e+00
4.730000000e-03,5.000000000e+00,4.901810923e-02,-4.950981891e+00,4.950981891e+00
4.735000000e-03,5.000000000e+00,4.877362988e-02,-4.951226370e+00,4.951226370e+00
4.740000000e-03,5.000000000e+00,4.853036988e-02,-4.951469630e+00,4.951469630e+00
4.745000000e-03,5.000000000e+00,4.828832315e-02,-4.951711677e+00,4.951711677e+00
4.750000000e-03,5.000000000e+00,4.804748363e-02,-4.951952516e+00,4.951952516e+00
4.755000000e-03,5.000000000e+00,4.780784531e-02,-4.952192155e+00,4.952192155e+00
4.760000000e-03,5.000000000e+00,4.756940219e-02,-4.952430598e+00,4.952430598e+00
4.765000000e-03,5.000000000e+00,4.733214832e-02,-4.952667852e+00,4.952667852e+00
4.770000000e-03,5.000000000e+00,4.709607775e-02,-4.952903922e+00,4.952903922e+00
4.775000000e-03,5.000000000e+00,4.686118460e-02,-4.953138815e+00,4.953138815e+00
4.780000000e-03,5.000000000e+00,4.662746298e-02,-4.953372537e+00,4.953372537e+00
4.785000000e-03,5.000000000e+00,4.639490705e-02,-4.953605093e+00,4.953605093e+00
4.790000000e-03,5.000000000e+00,4.616351101e-02,-4.953836489e+00,4.953836489e+00
4.795000000e-03,5.000000000e+00,4.593326906e-02,-4.954066731e+00,4.954066731e+00
4.800000000e-03,5.000000000e+00,4.570417545e-02,-4.954295825e+00,4.954295825e+00
4.805000000e-03,5.000000000e+00,4.547622445e-02,-4.954523776e+00,4.954523776e+00
4.810000000e-03,5.000000000e+00,4.524941036e-02,-4.954750590e+00,4.954750590e+00
4.815000000e-03,5.000000000e+00,4.502372751e-02,-4.954976272e+00,4.954976272e+00
4.820000000e-03,5.000000000e+00,4.479917027e-02,-4.955200830e+00,4.955200830e+00
4.825000000e-03,5.000000000e+00,4.457573301e-02,-4.955424267e+00,4.955424267e+00
4.830000000e-03,5.000000000e+00,4.435341015e-02,-4.955646590e+00,4.955646590e+00
4.835000000e-03,5.000000000e+00,4.413219614e-02,-4.955867804e+00,4.955867804e+00
4.840000000e-03,5.000000000e+00,4.391208543e-02,-4.956087915e+00,4.956087915e+00
4.845000000e-03,5.000000000e+00,4.369307254e-02,-4.956306927e+00,4.956306927e+00
4.850000000e-03,5.000000000e+00,4.347515198e-02,-4.956524848e+00,4.956524848e+00
4.855000000e-03,5.000000000e+00,4.325831830e-02,-4.956741682e+00,4.956741682e+00
4.860000000e-03,5.000000000e+00,4.304256609e-02,-4.956957434e+00,4.956957434e+00
4.865000000e-03,5.000000000e+00,4.282788995e-02,-4.957172110e+00,4.957172110e+00
4.870000000e-03,5.000000000e+00,4.261428451e-02,-4.957385715e+00,4.957385715e+00
4.875000000e-03,5.000000000e+00,4.240174444e-02,-4.957598256e+00,4.957598256e+00
4.880000000e-03,5.000000000e+00,4.219026442e-02,-4.957809736e+00,4.957809736e+00
4.885000000e-03,5.000000000e+00,4.197983916e-02,-4.958020161e+00,4.958020161e+00
4.890000000e-03,5.000000000e+00,4.177046340e-02,-4.958229537e+00,4.958229537e+00
4.895000000e-03,5.000000000e+00,4.156213192e-02,-4.958437868e+00,4.958437868e+00
4.900000000e-03,5.000000000e+00,4.135483949e-02,-4.958645161e+00,4.958645161e+00
4.905000000e-03,5.000000000e+00,4.114858094e-02,-4.958851419e+00,4.958851419e+00
4.910000000e-03,5.000000000e+00,4.094335111e-02,-4.959056649e+00,4.959056649e+00
4.915000000e-03,5.000000000e+00,4.073914487e-02,-4.959260855e+00,4.959260855e+00
4.920000000e-03,5.000000000e+00,4.053595711e-02,-4.959464043e+00,4.959464043e+00
4.925000000e-03,5.000000000e+00,4.033378276e-02,-4.959666217e+00,4.959666217e+00
4.930000000e-03,5.000000000e+00,4.013261676e-02,-4.959867383e+00,4.959867383e+00
4.935000000e-03,5.000000000e+00,3.993245409e-02,-4.960067546e+00,4.960067546e+00
4.940000000e-03,5.000000000e+00,3.973328973e-02,-4.960266710e+00,4.960266710e+00
4.945000000e-03,5.000000000e+00,3.953511871e-02,-4.960464881e+00,4.960464881e+00
4.950000000e-03,5.000000000e+00,3.933793607e-02,-4.960662064e+00,4.960662064e+00
4.955000000e-03,5.000000000e+00,3.914173689e-02,-4.960858263e+00,4.960858263e+00
4.960000000e-03,5.000000000e+00,3.894651625e-02,-4.961053484e+00,4.961053484e+00
4.965000000e-03,5.000000000e+00,3.875226929e-02,-4.961247731e+00,4.961247731e+00
4.970000000e-03,5.000000000e+00,3.855899114e-02,-4.961441009e+00,4.961441009e+00
4.975000000e-03,5.000000000e+00,3.836667697e-02,-4.961633323e+00,4.961633323e+00
4.980000000e-03,5.000000000e+00,3.817532197e-02,-4.961824678e+00,4.961824678e+00
4.985000000e-03,5.000000000e+00,3.798492136e-02,-4.962015079e+00,4.962015079e+00
4.990000000e-03,5.000000000e+00,3.779547038e-02,-4.962204530e+00,4.962204530e+00
4.995000000e-03,5.000000000e+00,3.760696430e-02,-4.962393036e+00,4.962393036e+00
5.000000000e-03,5.000000000e+00,3.741939839e-02,-4.962580602e+00,4.962580602e+00
