time,V(in),V(n1),V(out),I(Vdc),I(L1)
0.000000000e+00,5.000000000e+00,5.000000000e+00,5.000000000e+00,-5.160632333e-15,5.000000000e-15
5.000000000e-08,5.000000000e+00,5.000000000e+00,5.000000000e+00,-3.111782466e-15,3.111782466e-15
1.000000000e-07,5.000000000e+00,5.000000000e+00,5.000000000e+00,1.555447205e-15,-1.555447205e-15
1.500000000e-07,5.000000000e+00,5.000000000e+00,5.000000000e+00,3.717937433e-15,-3.717937433e-15
2.000000000e-07,5.000000000e+00,5.000000000e+00,5.000000000e+00,2.028522652e-16,-2.028522652e-16
2.500000000e-07,5.000000000e+00,5.000000000e+00,5.000000000e+00,-3.501159411e-15,3.501159411e-15
3.000000000e-07,5.000000000e+00,5.000000000e+00,5.000000000e+00,-1.791265987e-15,1.791265987e-15
3.500000000e-07,5.000000000e+00,5.000000000e+00,5.000000000e+00,2.579486984e-15,-2.579486984e-15
4.000000000e-07,5.000000000e+00,5.000000000e+00,5.000000000e+00,2.920089472e-15,-2.920089472e-15
4.500000000e-07,5.000000000e+00,5.000000000e+00,5.000000000e+00,-1.143217492e-15,1.143217492e-15
5.000000000e-07,5.000000000e+00,5.000000000e+00,5.000000000e+00,-3.338785494e-15,3.338785494e-15
5.500000000e-07,5.000000000e+00,5.000000000e+00,5.000000000e+00,-4.102135271e-16,4.102135271e-16
6.000000000e-07,5.000000000e+00,5.000000000e+00,5.000000000e+00,3.018238018e-15,-3.018238018e-15
6.500000000e-07,5.000000000e+00,5.000000000e+00,5.000000000e+00,1.778455075e-15,-1.778455075e-15
7.000000000e-07,5.000000000e+00,5.000000000e+00,5.000000000e+00,-2.132438217e-15,2.132438217e-15
7.500000000e-07,5.000000000e+00,5.000000000e+00,5.000000000e+00,-2.729684049e-15,2.729684049e-15
8.000000000e-07,5.000000000e+00,5.000000000e+00,5.000000000e+00,8.231465587e-16,-8.231465587e-16
8.500000000e-07,5.000000000e+00,5.000000000e+00,5.000000000e+00,3.028944608e-15,-3.028944608e-15
9.000000000e-07,5.000000000e+00,5.000000000e+00,5.000000000e+00,5.935568614e-16,-5.935568614e-16
9.500000000e-07,5.000000000e+00,5.000000000e+00,5.000000000e+00,-2.680240042e-15,2.680240042e-15
1.000000000e-06,5.000000000e+00,5.000000000e+00,5.000000000e+00,-1.776938435e-15,1.776938435e-15
1.050000000e-06,5.000000000e+00,5.000000000e+00,5.000000000e+00,1.808911536e-15,-1.808911536e-15
1.100000000e-06,5.000000000e+00,5.000000000e+00,5.000000000e+00,2.572086593e-15,-2.572086593e-15
1.150000000e-06,5.000000000e+00,5.000000000e+00,5.000000000e+00,-5.895883818e-16,5.895883818e-16
1.200000000e-06,5.000000000e+00,5.000000000e+00,5.000000000e+00,-2.753452519e-15,2.753452519e-15
1.250000000e-06,5.000000000e+00,5.000000000e+00,5.000000000e+00,-7.018347502e-16,7.018347502e-16
1.300000000e-06,5.000000000e+00,5.000000000e+00,5.000000000e+00,2.366709324e-15,-2.366709324e-15
1.350000000e-06,5.000000000e+00,5.000000000e+00,5.000000000e+00,1.766279712e-15,-1.766279712e-15
1.400000000e-06,5.000000000e+00,5.000000000e+00,5.000000000e+00,-1.480412035e-15,1.480412035e-15
1.450000000e-06,5.000000000e+00,5.000000000e+00,5.000000000e+00,-2.387504583e-15,2.387504583e-15
1.500000000e-06,5.000000000e+00,5.000000000e+00,5.000000000e+00,3.273868045e-16,-3.273868045e-16
1.550000000e-06,5.000000000e+00,5.000000000e+00,5.000000000e+00,2.471114268e-15,-2.471114268e-15
1.600000000e-06,5.000000000e+00,5.000000000e+00,5.000000000e+00,7.849364993e-16,-7.849364993e-16
1.650000000e-06,5.000000000e+00,5.000000000e+00,5.000000000e+00,-2.036896446e-15,2.036896446e-15
1.700000000e-06,5.000000000e+00,5.000000000e+00,5.000000000e+00,-1.666271138e-15,1.666271138e-15
1.750000000e-06,5.000000000e+00,5.000000000e+00,5.000000000e+00,1.243491932e-15,-1.243491932e-15
1.800000000e-06,5.000000000e+00,5.000000000e+00,5.000000000e+00,2.171373660e-15,-2.171373660e-15
1.850000000e-06,5.000000000e+00,5.000000000e+00,5.000000000e+00,-2.356998290e-16,2.356998290e-16
1.900000000e-06,5.000000000e+00,5.000000000e+00,5.000000000e+00,-2.239550823e-15,2.239550823e-15
1.950000000e-06,5.000000000e+00,5.000000000e+00,5.000000000e+00,-7.924144842e-16,7.924144842e-16
2.000000000e-06,5.000000000e+00,5.000000000e+00,5.000000000e+00,1.790344125e-15,-1.790344125e-15
2.050000000e-06,5.000000000e+00,5.000000000e+00,5.000000000e+00,1.558268583e-15,-1.558268583e-15
2.100000000e-06,5.000000000e+00,5.000000000e+00,5.000000000e+00,-1.048844639e-15,1.048844639e-15
2.150000000e-06,5.000000000e+00,5.000000000e+00,5.000000000e+00,-2.001889574e-15,2.001889574e-15
2.200000000e-06,5.000000000e+00,5.000000000e+00,5.000000000e+00,1.157420438e-16,-1.157420438e-16
2.250000000e-06,5.000000000e+00,5.000000000e+00,5.000000000e+00,1.980340077e-15,-1.980340077e-15
2.300000000e-06,5.000000000e+00,5.000000000e+00,5.000000000e+00,7.726230542e-16,-7.726230542e-16
2.350000000e-06,5.000000000e+00,5.000000000e+00,5.000000000e+00,-1.594802923e-15,1.594802923e-15
2.400000000e-06,5.000000000e+00,5.000000000e+00,5.000000000e+00,-1.460154906e-15,1.460154906e-15
2.450000000e-06,5.000000000e+00,5.000000000e+00,5.000000000e+00,8.721748118e-16,-8.721748118e-16
2.500000000e-06,5.000000000e+00,5.000000000e+00,5.000000000e+00,1.798303245e-15,-1.798303245e-15
2.550000000e-06,5.000000000e+00,5.000000000e+00,5.000000000e+00,-1.939605746e-17,1.939605746e-17
2.600000000e-06,5.000000000e+00,5.000000000e+00,5.000000000e+00,-1.756466464e-15,1.756466464e-15
2.650000000e-06,5.000000000e+00,5.000000000e+00,5.000000000e+00,-7.742480681e-16,7.742480681e-16
2.700000000e-06,5.000000000e+00,5.000000000e+00,5.000000000e+00,1.341284382e-15,-1.341284382e-15
2.750000000e-06,5.000000000e+00,5.000000000e+00,5.000000000e+00,1.358443875e-15,-1.358443875e-15
2.800000000e-06,5.000000000e+00,5.000000000e+00,5.000000000e+00,-6.947414256e-16,6.947414256e-16
2.850000000e-06,5.000000000e+00,5.000000000e+00,5.000000000e+00,-1.618224877e-15,1.618224877e-15
2.900000000e-06,5.000000000e+00,5.000000000e+00,5.000000000e+00,-3.568602716e-17,3.568602716e-17
2.950000000e-06,5.000000000e+00,5.000000000e+00,5.000000000e+00,1.550031574e-15,-1.550031574e-15
3.000000000e-06,5.000000000e+00,5.000000000e+00,5.000000000e+00,7.279870806e-16,-7.279870806e-16
3.050000000e-06,5.000000000e+00,5.000000000e+00,5.000000000e+00,-1.164729108e-15,1.164729108e-15
3.100000000e-06,5.000000000e+00,5.000000000e+00,5.000000000e+00,-1.250809870e-15,1.250809870e-15
3.150000000e-06,5.000000000e+00,5.000000000e+00,5.000000000e+00,5.688391689e-16,-5.688391689e-16
3.200000000e-06,5.000000000e+00,5.000000000e+00,5.000000000e+00,1.493348222e-15,-1.493348222e-15
3.250000000e-06,5.000000000e+00,5.000000000e+00,5.000000000e+00,1.242236948e-16,-1.242236948e-16
3.300000000e-06,5.000000000e+00,5.000000000e+00,5.000000000e+00,-1.402802449e-15,1.402802449e-15
3.350000000e-06,5.000000000e+00,5.000000000e+00,5.000000000e+00,-7.445228722e-16,7.445228722e-16
3.400000000e-06,5.000000000e+00,5.000000000e+00,5.000000000e+00,1.029597057e-15,-1.029597057e-15
3.450000000e-06,5.000000000e+00,5.000000000e+00,5.000000000e+00,1.192251573e-15,-1.192251573e-15
3.500000000e-06,5.000000000e+00,5.000000000e+00,5.000000000e+00,-4.371647838e-16,4.371647838e-16
3.550000000e-06,5.000000000e+00,5.000000000e+00,5.000000000e+00,-1.367917080e-15,1.367917080e-15
3.600000000e-06,5.000000000e+00,5.000000000e+00,5.000000000e+00,-1.674276345e-16,1.674276345e-16
3.650000000e-06,5.000000000e+00,5.000000000e+00,5.000000000e+00,1.251507883e-15,-1.251507883e-15
3.700000000e-06,5.000000000e+00,5.000000000e+00,5.000000000e+00,7.241105607e-16,-7.241105607e-16
3.750000000e-06,5.000000000e+00,5.000000000e+00,5.000000000e+00,-8.958308436e-16,8.958308436e-16
3.800000000e-06,5.000000000e+00,5.000000000e+00,5.000000000e+00,-1.110550332e-15,1.110550332e-15
3.850000000e-06,5.000000000e+00,5.000000000e+00,5.000000000e+00,3.540006251e-16,-3.540006251e-16
3.900000000e-06,5.000000000e+00,5.000000000e+00,5.000000000e+00,1.237401876e-15,-1.237401876e-15
3.950000000e-06,5.000000000e+00,5.000000000e+00,5.000000000e+00,2.075503239e-16,-2.075503239e-16
4.000000000e-06,5.000000000e+00,5.000000000e+00,5.000000000e+00,-1.112594217e-15,1.112594217e-15
4.050000000e-06,5.000000000e+00,5.000000000e+00,5.000000000e+00,-7.322287762e-16,7.322287762e-16
4.100000000e-06,5.000000000e+00,5.000000000e+00,5.000000000e+00,7.313161533e-16,-7.313161533e-16
4.150000000e-06,5.000000000e+00,5.000000000e+00,5.000000000e+00,1.044697851e-15,-1.044697851e-15
4.200000000e-06,5.000000000e+00,5.000000000e+00,5.000000000e+00,-2.372604333e-16,2.372604333e-16
4.250000000e-06,5.000000000e+00,5.000000000e+00,5.000000000e+00,-1.131535236e-15,1.131535236e-15
4.300000000e-06,5.000000000e+00,5.000000000e+00,5.000000000e+00,-3.076092130e-16,3.076092130e-16
4.350000000e-06,5.000000000e+00,5.000000000e+00,5.000000000e+00,9.583825333e-16,-9.583825333e-16
4.400000000e-06,5.000000000e+00,5.000000000e+00,5.000000000e+00,7.445327143e-16,-7.445327143e-16
4.450000000e-06,5.000000000e+00,5.000000000e+00,5.000000000e+00,-5.987488613e-16,5.987488613e-16
4.500000000e-06,5.000000000e+00,5.000000000e+00,5.000000000e+00,-9.771804778e-16,9.771804778e-16
4.550000000e-06,5.000000000e+00,5.000000000e+00,5.000000000e+00,1.454999911e-16,-1.454999911e-16
4.600000000e-06,5.000000000e+00,5.000000000e+00,5.000000000e+00,1.030294362e-15,-1.030294362e-15
4.650000000e-06,5.000000000e+00,5.000000000e+00,5.000000000e+00,3.309897214e-16,-3.309897214e-16
4.700000000e-06,5.000000000e+00,5.000000000e+00,5.000000000e+00,-8.430728929e-16,8.430728929e-16
4.750000000e-06,5.000000000e+00,5.000000000e+00,5.000000000e+00,-7.219587239e-16,7.219587239e-16
4.800000000e-06,5.000000000e+00,5.000000000e+00,5.000000000e+00,5.007769566e-16,-5.007769566e-16
4.850000000e-06,5.000000000e+00,5.000000000e+00,5.000000000e+00,9.411434817e-16,-9.411434817e-16
4.900000000e-06,5.000000000e+00,5.000000000e+00,5.000000000e+00,-4.517400819e-17,4.517400819e-17
4.950000000e-06,5.000000000e+00,5.000000000e+00,5.000000000e+00,-9.238622522e-16,9.238622522e-16
5.000000000e-06,5.000000000e+00,5.000000000e+00,5.000000000e+00,-3.857082256e-16,3.857082256e-16
5.050000000e-06,5.000000000e+00,5.000000000e+00,5.000000000e+00,7.192840033e-16,-7.192840033e-16
5.100000000e-06,5.000000000e+00,5.000000000e+00,5.000000000e+00,7.182165191e-16,-7.182165191e-16
5.150000000e-06,5.000000000e+00,5.000000000e+00,5.000000000e+00,-3.569076485e-16,3.569076485e-16
5.200000000e-06,5.000000000e+00,5.000000000e+00,5.000000000e+00,-8.667764019e-16,8.667764019e-16
5.250000000e-06,5.000000000e+00,5.000000000e+00,5.000000000e+00,-5.294857219e-17,5.294857219e-17
5.300000000e-06,5.000000000e+00,5.000000000e+00,5.000000000e+00,8.292790131e-16,-8.292790131e-16
5.350000000e-06,5.000000000e+00,5.000000000e+00,5.000000000e+00,4.476078638e-16,-4.476078638e-16
5.400000000e-06,5.000000000e+00,5.000000000e+00,5.000000000e+00,-6.151136356e-16,6.151136356e-16
5.450000000e-06,5.000000000e+00,5.000000000e+00,5.000000000e+00,-7.263643276e-16,7.263643276e-16
5.500000000e-06,5.000000000e+00,5.000000000e+00,5.000000000e+00,2.508299474e-16,-2.508299474e-16
5.550000000e-06,5.000000000e+00,5.000000000e+00,5.000000000e+00,8.047998507e-16,-8.047998507e-16
5.600000000e-06,5.000000000e+00,5.000000000e+00,5.000000000e+00,1.135828882e-16,-1.135828882e-16
5.650000000e-06,5.000000000e+00,5.000000000e+00,5.000000000e+00,-7.258755074e-16,7.258755074e-16
5.700000000e-06,5.000000000e+00,5.000000000e+00,5.000000000e+00,-4.562204372e-16,4.562204372e-16
5.750000000e-06,5.000000000e+00,5.000000000e+00,5.000000000e+00,5.087542588e-16,-5.087542588e-16
5.800000000e-06,5.000000000e+00,5.000000000e+00,5.000000000e+00,6.642170639e-16,-6.642170639e-16
5.850000000e-06,5.000000000e+00,5.000000000e+00,5.000000000e+00,-1.797856178e-16,1.797856178e-16
5.900000000e-06,5.000000000e+00,5.000000000e+00,5.000000000e+00,-7.161141971e-16,7.161141971e-16
5.950000000e-06,5.000000000e+00,5.000000000e+00,5.000000000e+00,-1.445726207e-16,1.445726207e-16
6.000000000e-06,5.000000000e+00,5.000000000e+00,5.000000000e+00,6.509518916e-16,-6.509518916e-16
6.050000000e-06,5.000000000e+00,5.000000000e+00,5.000000000e+00,4.610665986e-16,-4.610665986e-16
6.100000000e-06,5.000000000e+00,5.000000000e+00,5.000000000e+00,-4.181348047e-16,4.181348047e-16
6.150000000e-06,5.000000000e+00,5.000000000e+00,5.000000000e+00,-6.355798716e-16,6.355798716e-16
6.200000000e-06,5.000000000e+00,5.000000000e+00,5.000000000e+00,1.094591053e-16,-1.094591053e-16
6.250000000e-06,5.000000000e+00,5.000000000e+00,5.000000000e+00,6.758050329e-16,-6.758050329e-16
6.300000000e-06,5.000000000e+00,5.000000000e+00,5.000000000e+00,1.943679621e-16,-1.943679621e-16
6.350000000e-06,5.000000000e+00,5.000000000e+00,5.000000000e+00,-5.436039859e-16,5.436039859e-16
6.400000000e-06,5.000000000e+00,5.000000000e+00,5.000000000e+00,-4.328044264e-16,4.328044264e-16
6.450000000e-06,5.000000000e+00,5.000000000e+00,5.000000000e+00,3.341237585e-16,-3.341237585e-16
6.500000000e-06,5.000000000e+00,5.000000000e+00,5.000000000e+00,5.869770507e-16,-5.869770507e-16
6.550000000e-06,5.000000000e+00,5.000000000e+00,5.000000000e+00,-6.469022263e-17,6.469022263e-17
6.600000000e-06,5.000000000e+00,5.000000000e+00,5.000000000e+00,-5.715034658e-16,5.715034658e-16
6.650000000e-06,5.000000000e+00,5.000000000e+00,5.000000000e+00,-1.679520557e-16,1.679520557e-16
6.700000000e-06,5.000000000e+00,5.000000000e+00,5.000000000e+00,4.719312395e-16,-4.719312395e-16
6.750000000e-06,5.000000000e+00,5.000000000e+00,5.000000000e+00,3.571951629e-16,-3.571951629e-16
6.800000000e-06,5.000000000e+00,5.000000000e+00,5.000000000e+00,-2.952089411e-16,2.952089411e-16
6.850000000e-06,5.000000000e+00,5.000000000e+00,5.000000000e+00,-4.967368775e-16,4.967368775e-16
6.900000000e-06,5.000000000e+00,5.000000000e+00,5.000000000e+00,5.861334764e-17,-5.861334764e-17
6.950000000e-06,5.000000000e+00,5.000000000e+00,5.000000000e+00,5.011650759e-16,-5.011650759e-16
7.000000000e-06,5.000000000e+00,5.000000000e+00,5.000000000e+00,1.516064175e-16,-1.516064175e-16
7.050000000e-06,5.000000000e+00,5.000000000e+00,5.000000000e+00,-4.286395003e-16,4.286395003e-16
7.100000000e-06,5.000000000e+00,5.000000000e+00,5.000000000e+00,-3.706986830e-16,3.706986830e-16
7.150000000e-06,5.000000000e+00,5.000000000e+00,5.000000000e+00,2.338268029e-16,-2.338268029e-16
7.200000000e-06,5.000000000e+00,5.000000000e+00,5.000000000e+00,4.513350707e-16,-4.513350707e-16
7.250000000e-06,5.000000000e+00,5.000000000e+00,5.000000000e+00,-4.638865640e-17,4.638865640e-17
7.300000000e-06,5.000000000e+00,5.000000000e+00,5.000000000e+00,-4.300445099e-16,4.300445099e-16
7.350000000e-06,5.000000000e+00,5.000000000e+00,5.000000000e+00,-1.587574576e-16,1.587574576e-16
7.400000000e-06,5.000000000e+00,5.000000000e+00,5.000000000e+00,3.366231500e-16,-3.366231500e-16
7.450000000e-06,5.000000000e+00,5.000000000e+00,5.000000000e+00,3.277576382e-16,-3.277576382e-16
7.500000000e-06,5.000000000e+00,5.000000000e+00,5.000000000e+00,-1.721692920e-16,1.721692920e-16
7.550000000e-06,5.000000000e+00,5.000000000e+00,5.000000000e+00,-4.162798468e-16,4.162798468e-16
7.600000000e-06,5.000000000e+00,5.000000000e+00,5.000000000e+00,-9.534664385e-18,9.534664385e-18
7.650000000e-06,5.000000000e+00,5.000000000e+00,5.000000000e+00,3.984645528e-16,-3.984645528e-16
7.700000000e-06,5.000000000e+00,5.000000000e+00,5.000000000e+00,2.033297519e-16,-2.033297519e-16
7.750000000e-06,5.000000000e+00,5.000000000e+00,5.000000000e+00,-3.119226029e-16,3.119226029e-16
7.800000000e-06,5.000000000e+00,5.000000000e+00,5.000000000e+00,-3.764992719e-16,3.764992719e-16
7.850000000e-06,5.000000000e+00,5.000000000e+00,5.000000000e+00,1.344283969e-16,-1.344283969e-16
7.900000000e-06,5.000000000e+00,5.000000000e+00,5.000000000e+00,4.331475149e-16,-4.331475149e-16
7.950000000e-06,5.000000000e+00,5.000000000e+00,5.000000000e+00,7.295568013e-17,-7.295568013e-17
8.000000000e-06,5.000000000e+00,5.000000000e+00,5.000000000e+00,-3.863112626e-16,3.863112626e-16
8.050000000e-06,5.000000000e+00,5.000000000e+00,5.000000000e+00,-2.491623081e-16,2.491623081e-16
8.100000000e-06,5.000000000e+00,5.000000000e+00,5.000000000e+00,2.654313096e-16,-2.654313096e-16
8.150000000e-06,5.000000000e+00,5.000000000e+00,5.000000000e+00,3.535794683e-16,-3.535794683e-16
8.200000000e-06,5.000000000e+00,5.000000000e+00,5.000000000e+00,-1.085782492e-16,1.085782492e-16
8.250000000e-06,5.000000000e+00,5.000000000e+00,5.000000000e+00,-3.987667721e-16,3.987667721e-16
8.300000000e-06,5.000000000e+00,5.000000000e+00,5.000000000e+00,-9.185980413e-17,9.185980413e-17
8.350000000e-06,5.000000000e+00,5.000000000e+00,5.000000000e+00,3.561402312e-16,-3.561402312e-16
8.400000000e-06,5.000000000e+00,5.000000000e+00,5.000000000e+00,2.706177723e-16,-2.706177723e-16
8.450000000e-06,5.000000000e+00,5.000000000e+00,5.000000000e+00,-2.442274869e-16,2.442274869e-16
8.500000000e-06,5.000000000e+00,5.000000000e+00,5.000000000e+00,-3.699561289e-16,3.699561289e-16
8.550000000e-06,5.000000000e+00,5.000000000e+00,5.000000000e+00,7.993901375e-17,-7.993901375e-17
8.600000000e-06,5.000000000e+00,5.000000000e+00,5.000000000e+00,3.866663976e-16,-3.866663976e-16
8.650000000e-06,5.000000000e+00,5.000000000e+00,5.000000000e+00,8.978298158e-17,-8.978298158e-17
8.700000000e-06,5.000000000e+00,5.000000000e+00,5.000000000e+00,-3.281714493e-16,3.281714493e-16
8.750000000e-06,5.000000000e+00,5.000000000e+00,5.000000000e+00,-2.349530088e-16,2.349530088e-16
8.800000000e-06,5.000000000e+00,5.000000000e+00,5.000000000e+00,2.155880817e-16,-2.155880817e-16
8.850000000e-06,5.000000000e+00,5.000000000e+00,5.000000000e+00,3.549118782e-16,-3.549118782e-16
8.900000000e-06,5.000000000e+00,5.000000000e+00,5.000000000e+00,-2.534507922e-17,2.534507922e-17
8.950000000e-06,5.000000000e+00,5.000000000e+00,5.000000000e+00,-3.558921291e-16,3.558921291e-16
9.000000000e-06,5.000000000e+00,5.000000000e+00,5.000000000e+00,-1.348435720e-16,1.348435720e-16
9.050000000e-06,5.000000000e+00,5.000000000e+00,5.000000000e+00,2.926614896e-16,-2.926614896e-16
9.100000000e-06,5.000000000e+00,5.000000000e+00,5.000000000e+00,2.876569589e-16,-2.876569589e-16
9.150000000e-06,5.000000000e+00,5.000000000e+00,5.000000000e+00,-1.514750584e-16,1.514750584e-16
9.200000000e-06,5.000000000e+00,5.000000000e+00,5.000000000e+00,-3.557964383e-16,3.557964383e-16
9.250000000e-06,5.000000000e+00,5.000000000e+00,5.000000000e+00,-2.838920438e-17,2.838920438e-17
9.300000000e-06,5.000000000e+00,5.000000000e+00,5.000000000e+00,3.496095857e-16,-3.496095857e-16
9.350000000e-06,5.000000000e+00,5.000000000e+00,5.000000000e+00,1.842341565e-16,-1.842341565e-16
9.400000000e-06,5.000000000e+00,5.000000000e+00,5.000000000e+00,-2.545272910e-16,2.545272910e-16
9.450000000e-06,5.000000000e+00,5.000000000e+00,5.000000000e+00,-3.042862612e-16,3.042862612e-16
9.500000000e-06,5.000000000e+00,5.000000000e+00,5.000000000e+00,8.819850672e-17,-8.819850672e-17
9.550000000e-06,5.000000000e+00,5.000000000e+00,5.000000000e+00,3.437307021e-16,-3.437307021e-16
9.600000000e-06,5.000000000e+00,5.000000000e+00,5.000000000e+00,8.478829919e-17,-8.478829919e-17
9.650000000e-06,5.000000000e+00,5.000000000e+00,5.000000000e+00,-3.072278051e-16,3.072278051e-16
9.700000000e-06,5.000000000e+00,5.000000000e+00,5.000000000e+00,-2.327733667e-16,2.327733667e-16
9.750000000e-06,5.000000000e+00,5.000000000e+00,5.000000000e+00,1.929383525e-16,-1.929383525e-16
9.800000000e-06,5.000000000e+00,5.000000000e+00,5.000000000e+00,3.067005696e-16,-3.067005696e-16
9.850000000e-06,5.000000000e+00,5.000000000e+00,5.000000000e+00,-6.802130292e-17,6.802130292e-17
9.900000000e-06,5.000000000e+00,5.000000000e+00,5.000000000e+00,-3.367588315e-16,3.367588315e-16
9.950000000e-06,5.000000000e+00,5.000000000e+00,5.000000000e+00,-7.530618528e-17,7.530618528e-17
1.000000000e-05,5.000000000e+00,5.000000000e+00,5.000000000e+00,3.077178030e-16,-3.077178030e-16
1.005000000e-05,5.000000000e+00,5.000000000e+00,5.000000000e+00,2.383270730e-16,-2.383270730e-16
1.010000000e-05,5.000000000e+00,5.000000000e+00,5.000000000e+00,-1.948292077e-16,1.948292077e-16
1.015000000e-05,5.000000000e+00,5.000000000e+00,5.000000000e+00,-3.475874803e-16,3.475874803e-16
1.020000000e-05,5.000000000e+00,5.000000000e+00,5.000000000e+00,3.504084607e-17,-3.504084607e-17
1.025000000e-05,5.000000000e+00,5.000000000e+00,5.000000000e+00,3.565116137e-16,-3.565116137e-16
1.030000000e-05,5.000000000e+00,5.000000000e+00,5.000000000e+00,1.404757550e-16,-1.404757550e-16
1.035000000e-05,5.000000000e+00,5.000000000e+00,5.000000000e+00,-2.945047831e-16,2.945047831e-16
1.040000000e-05,5.000000000e+00,5.000000000e+00,5.000000000e+00,-2.835173687e-16,2.835173687e-16
1.045000000e-05,5.000000000e+00,5.000000000e+00,5.000000000e+00,1.487271631e-16,-1.487271631e-16
1.050000000e-05,5.000000000e+00,5.000000000e+00,5.000000000e+00,3.593877850e-16,-3.593877850e-16
1.055000000e-05,5.000000000e+00,5.000000000e+00,5.000000000e+00,2.530904035e-17,-2.530904035e-17
1.060000000e-05,5.000000000e+00,5.000000000e+00,5.000000000e+00,-3.462196140e-16,3.462196140e-16
1.065000000e-05,5.000000000e+00,5.000000000e+00,5.000000000e+00,-1.874363660e-16,1.874363660e-16
1.070000000e-05,5.000000000e+00,5.000000000e+00,5.000000000e+00,2.578432958e-16,-2.578432958e-16
1.075000000e-05,5.000000000e+00,5.000000000e+00,5.000000000e+00,3.010392233e-16,-3.010392233e-16
1.080000000e-05,5.000000000e+00,5.000000000e+00,5.000000000e+00,-1.193938707e-16,1.193938707e-16
1.085000000e-05,5.000000000e+00,5.000000000e+00,5.000000000e+00,-3.468667699e-16,3.468667699e-16
1.090000000e-05,5.000000000e+00,5.000000000e+00,5.000000000e+00,-5.746148413e-17,5.746148413e-17
1.095000000e-05,5.000000000e+00,5.000000000e+00,5.000000000e+00,3.080192978e-16,-3.080192978e-16
1.100000000e-05,5.000000000e+00,5.000000000e+00,5.000000000e+00,2.040255971e-16,-2.040255971e-16
1.105000000e-05,5.000000000e+00,5.000000000e+00,5.000000000e+00,-1.945910298e-16,1.945910298e-16
1.110000000e-05,5.000000000e+00,5.000000000e+00,5.000000000e+00,-2.889882056e-16,2.889882056e-16
1.115000000e-05,5.000000000e+00,5.000000000e+00,5.000000000e+00,3.901513116e-17,-3.901513116e-17
1.120000000e-05,5.000000000e+00,5.000000000e+00,5.000000000e+00,3.109788225e-16,-3.109788225e-16
1.125000000e-05,5.000000000e+00,5.000000000e+00,5.000000000e+00,1.339070752e-16,-1.339070752e-16
1.130000000e-05,5.000000000e+00,5.000000000e+00,5.000000000e+00,-2.400308768e-16,2.400308768e-16
1.135000000e-05,5.000000000e+00,5.000000000e+00,5.000000000e+00,-2.370456312e-16,2.370456312e-16
1.140000000e-05,5.000000000e+00,5.000000000e+00,5.000000000e+00,1.318941769e-16,-1.318941769e-16
1.145000000e-05,5.000000000e+00,5.000000000e+00,5.000000000e+00,3.012445264e-16,-3.012445264e-16
1.150000000e-05,5.000000000e+00,5.000000000e+00,5.000000000e+00,1.109765301e-17,-1.109765301e-17
1.155000000e-05,5.000000000e+00,5.000000000e+00,5.000000000e+00,-2.963776516e-16,2.963776516e-16
1.160000000e-05,5.000000000e+00,5.000000000e+00,5.000000000e+00,-1.437718673e-16,1.437718673e-16
1.165000000e-05,5.000000000e+00,5.000000000e+00,5.000000000e+00,2.393089527e-16,-2.393089527e-16
1.170000000e-05,5.000000000e+00,5.000000000e+00,5.000000000e+00,2.763490393e-16,-2.763490393e-16
1.175000000e-05,5.000000000e+00,5.000000000e+00,5.000000000e+00,-9.987341856e-17,9.987341856e-17
1.180000000e-05,5.000000000e+00,5.000000000e+00,5.000000000e+00,-3.215789440e-16,3.215789440e-16
1.185000000e-05,5.000000000e+00,5.000000000e+00,5.000000000e+00,-4.213552907e-17,4.213552907e-17
1.190000000e-05,5.000000000e+00,5.000000000e+00,5.000000000e+00,3.173077554e-16,-3.173077554e-16
1.195000000e-05,5.000000000e+00,5.000000000e+00,5.000000000e+00,2.096549653e-16,-2.096549653e-16
1.200000000e-05,5.000000000e+00,5.000000000e+00,5.000000000e+00,-2.256634914e-16,2.256634914e-16
1.205000000e-05,5.000000000e+00,5.000000000e+00,5.000000000e+00,-3.212772494e-16,3.212772494e-16
1.210000000e-05,5.000000000e+00,5.000000000e+00,5.000000000e+00,5.393021375e-17,-5.393021375e-17
1.215000000e-05,5.000000000e+00,5.000000000e+00,5.000000000e+00,3.334755153e-16,-3.334755153e-16
1.220000000e-05,5.000000000e+00,5.000000000e+00,5.000000000e+00,1.025437589e-16,-1.025437589e-16
1.225000000e-05,5.000000000e+00,5.000000000e+00,5.000000000e+00,-2.724961961e-16,2.724961961e-16
1.230000000e-05,5.000000000e+00,5.000000000e+00,5.000000000e+00,-2.222373823e-16,2.222373823e-16
1.235000000e-05,5.000000000e+00,5.000000000e+00,5.000000000e+00,1.648395976e-16,-1.648395976e-16
1.240000000e-05,5.000000000e+00,5.000000000e+00,5.000000000e+00,3.106979724e-16,-3.106979724e-16
1.245000000e-05,5.000000000e+00,5.000000000e+00,5.000000000e+00,-7.143710158e-18,7.143710158e-18
1.250000000e-05,5.000000000e+00,5.000000000e+00,5.000000000e+00,-2.969195476e-16,2.969195476e-16
1.255000000e-05,5.000000000e+00,5.000000000e+00,5.000000000e+00,-1.201295647e-16,1.201295647e-16
1.260000000e-05,5.000000000e+00,5.000000000e+00,5.000000000e+00,2.431241453e-16,-2.431241453e-16
1.265000000e-05,5.000000000e+00,5.000000000e+00,5.000000000e+00,2.441770773e-16,-2.441770773e-16
1.270000000e-05,5.000000000e+00,5.000000000e+00,5.000000000e+00,-1.328288262e-16,1.328288262e-16
1.275000000e-05,5.000000000e+00,5.000000000e+00,5.000000000e+00,-2.965542427e-16,2.965542427e-16
1.280000000e-05,5.000000000e+00,5.000000000e+00,5.000000000e+00,-1.351179465e-17,1.351179465e-17
1.285000000e-05,5.000000000e+00,5.000000000e+00,5.000000000e+00,3.001712732e-16,-3.001712732e-16
1.290000000e-05,5.000000000e+00,5.000000000e+00,5.000000000e+00,1.408142941e-16,-1.408142941e-16
1.295000000e-05,5.000000000e+00,5.000000000e+00,5.000000000e+00,-2.358446835e-16,2.358446835e-16
1.300000000e-05,5.000000000e+00,5.000000000e+00,5.000000000e+00,-2.345085444e-16,2.345085444e-16
1.305000000e-05,5.000000000e+00,5.000000000e+00,5.000000000e+00,1.334318052e-16,-1.334318052e-16
1.310000000e-05,5.000000000e+00,5.000000000e+00,5.000000000e+00,3.021764224e-16,-3.021764224e-16
1.315000000e-05,5.000000000e+00,5.000000000e+00,5.000000000e+00,1.166243846e-17,-1.166243846e-17
1.320000000e-05,5.000000000e+00,5.000000000e+00,5.000000000e+00,-2.960353574e-16,2.960353574e-16
1.325000000e-05,5.000000000e+00,5.000000000e+00,5.000000000e+00,-1.435644163e-16,1.435644163e-16
1.330000000e-05,5.000000000e+00,5.000000000e+00,5.000000000e+00,2.394346806e-16,-2.394346806e-16
1.335000000e-05,5.000000000e+00,5.000000000e+00,5.000000000e+00,2.764252380e-16,-2.764252380e-16
1.340000000e-05,5.000000000e+00,5.000000000e+00,5.000000000e+00,-9.982723751e-17,9.982723751e-17
1.345000000e-05,5.000000000e+00,5.000000000e+00,5.000000000e+00,-3.215509555e-16,3.215509555e-16
1.350000000e-05,5.000000000e+00,5.000000000e+00,5.000000000e+00,-4.211856634e-17,4.211856634e-17
1.355000000e-05,5.000000000e+00,5.000000000e+00,5.000000000e+00,3.173180359e-16,-3.173180359e-16
1.360000000e-05,5.000000000e+00,5.000000000e+00,5.000000000e+00,2.096611959e-16,-2.096611959e-16
1.365000000e-05,5.000000000e+00,5.000000000e+00,5.000000000e+00,-2.256597153e-16,2.256597153e-16
1.370000000e-05,5.000000000e+00,5.000000000e+00,5.000000000e+00,-3.212749608e-16,3.212749608e-16
1.375000000e-05,5.000000000e+00,5.000000000e+00,5.000000000e+00,5.393160075e-17,-5.393160075e-17
1.380000000e-05,5.000000000e+00,5.000000000e+00,5.000000000e+00,3.334763559e-16,-3.334763559e-16
1.385000000e-05,5.000000000e+00,5.000000000e+00,5.000000000e+00,1.025442683e-16,-1.025442683e-16
1.390000000e-05,5.000000000e+00,5.000000000e+00,5.000000000e+00,-2.724958873e-16,2.724958873e-16
1.395000000e-05,5.000000000e+00,5.000000000e+00,5.000000000e+00,-2.222371952e-16,2.222371952e-16
1.400000000e-05,5.000000000e+00,5.000000000e+00,5.000000000e+00,1.648397110e-16,-1.648397110e-16
1.405000000e-05,5.000000000e+00,5.000000000e+00,5.000000000e+00,3.106980412e-16,-3.106980412e-16
1.410000000e-05,5.000000000e+00,5.000000000e+00,5.000000000e+00,-7.143668501e-18,7.143668501e-18
1.415000000e-05,5.000000000e+00,5.000000000e+00,5.000000000e+00,-2.969195223e-16,2.969195223e-16
1.420000000e-05,5.000000000e+00,5.000000000e+00,5.000000000e+00,-1.201295494e-16,1.201295494e-16
1.425000000e-05,5.000000000e+00,5.000000000e+00,5.000000000e+00,2.431241546e-16,-2.431241546e-16
1.430000000e-05,5.000000000e+00,5.000000000e+00,5.000000000e+00,2.441770829e-16,-2.441770829e-16
1.435000000e-05,5.000000000e+00,5.000000000e+00,5.000000000e+00,-1.328288228e-16,1.328288228e-16
1.440000000e-05,5.000000000e+00,5.000000000e+00,5.000000000e+00,-2.965542407e-16,2.965542407e-16
1.445000000e-05,5.000000000e+00,5.000000000e+00,5.000000000e+00,-1.351179339e-17,1.351179339e-17
1.450000000e-05,5.000000000e+00,5.000000000e+00,5.000000000e+00,3.001712740e-16,-3.001712740e-16
1.455000000e-05,5.000000000e+00,5.000000000e+00,5.000000000e+00,1.408142946e-16,-1.408142946e-16
1.460000000e-05,5.000000000e+00,5.000000000e+00,5.000000000e+00,-2.358446832e-16,2.358446832e-16
1.465000000e-05,5.000000000e+00,5.000000000e+00,5.000000000e+00,-2.345085442e-16,2.345085442e-16
1.470000000e-05,5.000000000e+00,5.000000000e+00,5.000000000e+00,1.334318053e-16,-1.334318053e-16
1.475000000e-05,5.000000000e+00,5.000000000e+00,5.000000000e+00,3.021764225e-16,-3.021764225e-16
1.480000000e-05,5.000000000e+00,5.000000000e+00,5.000000000e+00,1.166243850e-17,-1.166243850e-17
1.485000000e-05,5.000000000e+00,5.000000000e+00,5.000000000e+00,-2.960353574e-16,2.960353574e-16
1.490000000e-05,5.000000000e+00,5.000000000e+00,5.000000000e+00,-1.435644163e-16,1.435644163e-16
1.495000000e-05,5.000000000e+00,5.000000000e+00,5.000000000e+00,2.394346806e-16,-2.394346806e-16
1.500000000e-05,5.000000000e+00,5.000000000e+00,5.000000000e+00,2.764252380e-16,-2.764252380e-16
1.505000000e-05,5.000000000e+00,5.000000000e+00,5.000000000e+00,-9.982723751e-17,9.982723751e-17
1.510000000e-05,5.000000000e+00,5.000000000e+00,5.000000000e+00,-3.215509555e-16,3.215509555e-16
1.515000000e-05,5.000000000e+00,5.000000000e+00,5.000000000e+00,-4.211856634e-17,4.211856634e-17
1.520000000e-05,5.000000000e+00,5.000000000e+00,5.000000000e+00,3.173180359e-16,-3.173180359e-16
1.525000000e-05,5.000000000e+00,5.000000000e+00,5.000000000e+00,2.096611959e-16,-2.096611959e-16
1.530000000e-05,5.000000000e+00,5.000000000e+00,5.000000000e+00,-2.256597153e-16,2.256597153e-16
1.535000000e-05,5.000000000e+00,5.000000000e+00,5.000000000e+00,-3.212749608e-16,3.212749608e-16
1.540000000e-05,5.000000000e+00,5.000000000e+00,5.000000000e+00,5.393160075e-17,-5.393160075e-17
1.545000000e-05,5.000000000e+00,5.000000000e+00,5.000000000e+00,3.334763559e-16,-3.334763559e-16
1.550000000e-05,5.000000000e+00,5.000000000e+00,5.000000000e+00,1.025442683e-16,-1.025442683e-16
1.555000000e-05,5.000000000e+00,5.000000000e+00,5.000000000e+00,-2.724958873e-16,2.724958873e-16
1.560000000e-05,5.000000000e+00,5.000000000e+00,5.000000000e+00,-2.222371952e-16,2.222371952e-16
1.565000000e-05,5.000000000e+00,5.000000000e+00,5.000000000e+00,1.648397110e-16,-1.648397110e-16
1.570000000e-05,5.000000000e+00,5.000000000e+00,5.000000000e+00,3.106980412e-16,-3.106980412e-16
1.575000000e-05,5.000000000e+00,5.000000000e+00,5.000000000e+00,-7.143668501e-18,7.143668501e-18
1.580000000e-05,5.000000000e+00,5.000000000e+00,5.000000000e+00,-2.969195223e-16,2.969195223e-16
1.585000000e-05,5.000000000e+00,5.000000000e+00,5.000000000e+00,-1.201295494e-16,1.201295494e-16
1.590000000e-05,5.000000000e+00,5.000000000e+00,5.000000000e+00,2.431241546e-16,-2.431241546e-16
1.595000000e-05,5.000000000e+00,5.000000000e+00,5.000000000e+00,2.441770829e-16,-2.441770829e-16
1.600000000e-05,5.000000000e+00,5.000000000e+00,5.000000000e+00,-1.328288228e-16,1.328288228e-16
1.605000000e-05,5.000000000e+00,5.000000000e+00,5.000000000e+00,-2.965542407e-16,2.965542407e-16
1.610000000e-05,5.000000000e+00,5.000000000e+00,5.000000000e+00,-1.351179339e-17,1.351179339e-17
1.615000000e-05,5.000000000e+00,5.000000000e+00,5.000000000e+00,3.001712740e-16,-3.001712740e-16
1.620000000e-05,5.000000000e+00,5.000000000e+00,5.000000000e+00,1.408142946e-16,-1.408142946e-16
1.625000000e-05,5.000000000e+00,5.000000000e+00,5.000000000e+00,-2.358446832e-16,2.358446832e-16
1.630000000e-05,5.000000000e+00,5.000000000e+00,5.000000000e+00,-2.345085442e-16,2.345085442e-16
1.635000000e-05,5.000000000e+00,5.000000000e+00,5.000000000e+00,1.334318053e-16,-1.334318053e-16
1.640000000e-05,5.000000000e+00,5.000000000e+00,5.000000000e+00,3.021764225e-16,-3.021764225e-16
1.645000000e-05,5.000000000e+00,5.000000000e+00,5.000000000e+00,1.166243850e-17,-1.166243850e-17
1.650000000e-05,5.000000000e+00,5.000000000e+00,5.000000000e+00,-2.960353574e-16,2.960353574e-16
1.655000000e-05,5.000000000e+00,5.000000000e+00,5.000000000e+00,-1.435644163e-16,1.435644163e-16
1.660000000e-05,5.000000000e+00,5.000000000e+00,5.000000000e+00,2.394346806e-16,-2.394346806e-16
1.665000000e-05,5.000000000e+00,5.000000000e+00,5.000000000e+00,2.764252380e-16,-2.764252380e-16
1.670000000e-05,5.000000000e+00,5.000000000e+00,5.000000000e+00,-9.982723751e-17,9.982723751e-17
1.675000000e-05,5.000000000e+00,5.000000000e+00,5.000000000e+00,-3.215509555e-16,3.215509555e-16
1.680000000e-05,5.000000000e+00,5.000000000e+00,5.000000000e+00,-4.211856634e-17,4.211856634e-17
1.685000000e-05,5.000000000e+00,5.000000000e+00,5.000000000e+00,3.173180359e-16,-3.173180359e-16
1.690000000e-05,5.000000000e+00,5.000000000e+00,5.000000000e+00,2.096611959e-16,-2.096611959e-16
1.695000000e-05,5.000000000e+00,5.000000000e+00,5.000000000e+00,-2.256597153e-16,2.256597153e-16
1.700000000e-05,5.000000000e+00,5.000000000e+00,5.000000000e+00,-3.212749608e-16,3.212749608e-16
1.705000000e-05,5.000000000e+00,5.000000000e+00,5.000000000e+00,5.393160075e-17,-5.393160075e-17
1.710000000e-05,5.000000000e+00,5.000000000e+00,5.000000000e+00,3.334763559e-16,-3.334763559e-16
1.715000000e-05,5.000000000e+00,5.000000000e+00,5.000000000e+00,1.025442683e-16,-1.025442683e-16
1.720000000e-05,5.000000000e+00,5.000000000e+00,5.000000000e+00,-2.724958873e-16,2.724958873e-16
1.725000000e-05,5.000000000e+00,5.000000000e+00,5.000000000e+00,-2.222371952e-16,2.222371952e-16
1.730000000e-05,5.000000000e+00,5.000000000e+00,5.000000000e+00,1.648397110e-16,-1.648397110e-16
1.735000000e-05,5.000000000e+00,5.000000000e+00,5.000000000e+00,3.106980412e-16,-3.106980412e-16
1.740000000e-05,5.000000000e+00,5.000000000e+00,5.000000000e+00,-7.143668501e-18,7.143668501e-18
1.745000000e-05,5.000000000e+00,5.000000000e+00,5.000000000e+00,-2.969195223e-16,2.969195223e-16
1.750000000e-05,5.000000000e+00,5.000000000e+00,5.000000000e+00,-1.201295494e-16,1.201295494e-16
1.755000000e-05,5.000000000e+00,5.000000000e+00,5.000000000e+00,2.431241546e-16,-2.431241546e-16
1.760000000e-05,5.000000000e+00,5.000000000e+00,5.000000000e+00,2.441770829e-16,-2.441770829e-16
1.765000000e-05,5.000000000e+00,5.000000000e+00,5.000000000e+00,-1.328288228e-16,1.328288228e-16
1.770000000e-05,5.000000000e+00,5.000000000e+00,5.000000000e+00,-2.965542407e-16,2.965542407e-16
1.775000000e-05,5.000000000e+00,5.000000000e+00,5.000000000e+00,-1.351179339e-17,1.351179339e-17
1.780000000e-05,5.000000000e+00,5.000000000e+00,5.000000000e+00,3.001712740e-16,-3.001712740e-16
1.785000000e-05,5.000000000e+00,5.000000000e+00,5.000000000e+00,1.408142946e-16,-1.408142946e-16
1.790000000e-05,5.000000000e+00,5.000000000e+00,5.000000000e+00,-2.358446832e-16,2.358446832e-16
1.795000000e-05,5.000000000e+00,5.000000000e+00,5.000000000e+00,-2.345085442e-16,2.345085442e-16
1.800000000e-05,5.000000000e+00,5.000000000e+00,5.000000000e+00,1.334318053e-16,-1.334318053e-16
1.805000000e-05,5.000000000e+00,5.000000000e+00,5.000000000e+00,3.021764225e-16,-3.021764225e-16
1.810000000e-05,5.000000000e+00,5.000000000e+00,5.000000000e+00,1.166243850e-17,-1.166243850e-17
1.815000000e-05,5.000000000e+00,5.000000000e+00,5.000000000e+00,-2.960353574e-16,2.960353574e-16
1.820000000e-05,5.000000000e+00,5.000000000e+00,5.000000000e+00,-1.435644163e-16,1.435644163e-16
1.825000000e-05,5.000000000e+00,5.000000000e+00,5.000000000e+00,2.394346806e-16,-2.394346806e-16
1.830000000e-05,5.000000000e+00,5.000000000e+00,5.000000000e+00,2.764252380e-16,-2.764252380e-16
1.835000000e-05,5.000000000e+00,5.000000000e+00,5.000000000e+00,-9.982723751e-17,9.982723751e-17
1.840000000e-05,5.000000000e+00,5.000000000e+00,5.000000000e+00,-3.215509555e-16,3.215509555e-16
1.845000000e-05,5.000000000e+00,5.000000000e+00,5.000000000e+00,-4.211856634e-17,4.211856634e-17
1.850000000e-05,5.000000000e+00,5.000000000e+00,5.000000000e+00,3.173180359e-16,-3.173180359e-16
1.855000000e-05,5.000000000e+00,5.000000000e+00,5.000000000e+00,2.096611959e-16,-2.096611959e-16
1.860000000e-05,5.000000000e+00,5.000000000e+00,5.000000000e+00,-2.256597153e-16,2.256597153e-16
1.865000000e-05,5.000000000e+00,5.000000000e+00,5.000000000e+00,-3.212749608e-16,3.212749608e-16
1.870000000e-05,5.000000000e+00,5.000000000e+00,5.000000000e+00,5.393160075e-17,-5.393160075e-17
1.875000000e-05,5.000000000e+00,5.000000000e+00,5.000000000e+00,3.334763559e-16,-3.334763559e-16
1.880000000e-05,5.000000000e+00,5.000000000e+00,5.000000000e+00,1.025442683e-16,-1.025442683e-16
1.885000000e-05,5.000000000e+00,5.000000000e+00,5.000000000e+00,-2.724958873e-16,2.724958873e-16
1.890000000e-05,5.000000000e+00,5.000000000e+00,5.000000000e+00,-2.222371952e-16,2.222371952e-16
1.895000000e-05,5.000000000e+00,5.000000000e+00,5.000000000e+00,1.648397110e-16,-1.648397110e-16
1.900000000e-05,5.000000000e+00,5.000000000e+00,5.000000000e+00,3.106980412e-16,-3.106980412e-16
1.905000000e-05,5.000000000e+00,5.000000000e+00,5.000000000e+00,-7.143668501e-18,7.143668501e-18
1.910000000e-05,5.000000000e+00,5.000000000e+00,5.000000000e+00,-2.969195223e-16,2.969195223e-16
1.915000000e-05,5.000000000e+00,5.000000000e+00,5.000000000e+00,-1.201295494e-16,1.201295494e-16
1.920000000e-05,5.000000000e+00,5.000000000e+00,5.000000000e+00,2.431241546e-16,-2.431241546e-16
1.925000000e-05,5.000000000e+00,5.000000000e+00,5.000000000e+00,2.441770829e-16,-2.441770829e-16
1.930000000e-05,5.000000000e+00,5.000000000e+00,5.000000000e+00,-1.328288228e-16,1.328288228e-16
1.935000000e-05,5.000000000e+00,5.000000000e+00,5.000000000e+00,-2.965542407e-16,2.965542407e-16
1.940000000e-05,5.000000000e+00,5.000000000e+00,5.000000000e+00,-1.351179339e-17,1.351179339e-17
1.945000000e-05,5.000000000e+00,5.000000000e+00,5.000000000e+00,3.001712740e-16,-3.001712740e-16
1.950000000e-05,5.000000000e+00,5.000000000e+00,5.000000000e+00,1.408142946e-16,-1.408142946e-16
1.955000000e-05,5.000000000e+00,5.000000000e+00,5.000000000e+00,-2.358446832e-16,2.358446832e-16
1.960000000e-05,5.000000000e+00,5.000000000e+00,5.000000000e+00,-2.345085442e-16,2.345085442e-16
1.965000000e-05,5.000000000e+00,5.000000000e+00,5.000000000e+00,1.334318053e-16,-1.334318053e-16
1.970000000e-05,5.000000000e+00,5.000000000e+00,5.000000000e+00,3.021764225e-16,-3.021764225e-16
1.975000000e-05,5.000000000e+00,5.000000000e+00,5.000000000e+00,1.166243850e-17,-1.166243850e-17
1.980000000e-05,5.000000000e+00,5.000000000e+00,5.000000000e+00,-2.960353574e-16,2.960353574e-16
1.985000000e-05,5.000000000e+00,5.000000000e+00,5.000000000e+00,-1.435644163e-16,1.435644163e-16
1.990000000e-05,5.000000000e+00,5.000000000e+00,5.000000000e+00,2.394346806e-16,-2.394346806e-16
1.995000000e-05,5.000000000e+00,5.000000000e+00,5.000000000e+00,2.764252380e-16,-2.764252380e-16
2.000000000e-05,5.000000000e+00,5.000000000e+00,5.000000000e+00,-9.982723751e-17,9.982723751e-17
2.005000000e-05,5.000000000e+00,5.000000000e+00,5.000000000e+00,-3.215509555e-16,3.215509555e-16
2.010000000e-05,5.000000000e+00,5.000000000e+00,5.000000000e+00,-4.211856634e-17,4.211856634e-17
2.015000000e-05,5.000000000e+00,5.000000000e+00,5.000000000e+00,3.173180359e-16,-3.173180359e-16
2.020000000e-05,5.000000000e+00,5.000000000e+00,5.000000000e+00,2.096611959e-16,-2.096611959e-16
2.025000000e-05,5.000000000e+00,5.000000000e+00,5.000000000e+00,-2.256597153e-16,2.256597153e-16
2.030000000e-05,5.000000000e+00,5.000000000e+00,5.000000000e+00,-3.212749608e-16,3.212749608e-16
2.035000000e-05,5.000000000e+00,5.000000000e+00,5.000000000e+00,5.393160075e-17,-5.393160075e-17
2.040000000e-05,5.000000000e+00,5.000000000e+00,5.000000000e+00,3.334763559e-16,-3.334763559e-16
2.045000000e-05,5.000000000e+00,5.000000000e+00,5.000000000e+00,1.025442683e-16,-1.025442683e-16
2.050000000e-05,5.000000000e+00,5.000000000e+00,5.000000000e+00,-2.724958873e-16,2.724958873e-16
2.055000000e-05,5.000000000e+00,5.000000000e+00,5.000000000e+00,-2.222371952e-16,2.222371952e-16
2.060000000e-05,5.000000000e+00,5.000000000e+00,5.000000000e+00,1.648397110e-16,-1.648397110e-16
2.065000000e-05,5.000000000e+00,5.000000000e+00,5.000000000e+00,3.106980412e-16,-3.106980412e-16
2.070000000e-05,5.000000000e+00,5.000000000e+00,5.000000000e+00,-7.143668501e-18,7.143668501e-18
2.075000000e-05,5.000000000e+00,5.000000000e+00,5.000000000e+00,-2.969195223e-16,2.969195223e-16
2.080000000e-05,5.000000000e+00,5.000000000e+00,5.000000000e+00,-1.201295494e-16,1.201295494e-16
2.085000000e-05,5.000000000e+00,5.000000000e+00,5.000000000e+00,2.431241546e-16,-2.431241546e-16
2.090000000e-05,5.000000000e+00,5.000000000e+00,5.000000000e+00,2.441770829e-16,-2.441770829e-16
2.095000000e-05,5.000000000e+00,5.000000000e+00,5.000000000e+00,-1.328288228e-16,1.328288228e-16
2.100000000e-05,5.000000000e+00,5.000000000e+00,5.000000000e+00,-2.965542407e-16,2.965542407e-16
2.105000000e-05,5.000000000e+00,5.000000000e+00,5.000000000e+00,-1.351179339e-17,1.351179339e-17
2.110000000e-05,5.000000000e+00,5.000000000e+00,5.000000000e+00,3.001712740e-16,-3.001712740e-16
2.115000000e-05,5.000000000e+00,5.000000000e+00,5.000000000e+00,1.408142946e-16,-1.408142946e-16
2.120000000e-05,5.000000000e+00,5.000000000e+00,5.000000000e+00,-2.358446832e-16,2.358446832e-16
2.125000000e-05,5.000000000e+00,5.000000000e+00,5.000000000e+00,-2.345085442e-16,2.345085442e-16
2.130000000e-05,5.000000000e+00,5.000000000e+00,5.000000000e+00,1.334318053e-16,-1.334318053e-16
2.135000000e-05,5.000000000e+00,5.000000000e+00,5.000000000e+00,3.021764225e-16,-3.021764225e-16
2.140000000e-05,5.000000000e+00,5.000000000e+00,5.000000000e+00,1.166243850e-17,-1.166243850e-17
2.145000000e-05,5.000000000e+00,5.000000000e+00,5.000000000e+00,-2.960353574e-16,2.960353574e-16
2.150000000e-05,5.000000000e+00,5.000000000e+00,5.000000000e+00,-1.435644163e-16,1.435644163e-16
2.155000000e-05,5.000000000e+00,5.000000000e+00,5.000000000e+00,2.394346806e-16,-2.394346806e-16
2.160000000e-05,5.000000000e+00,5.000000000e+00,5.000000000e+00,2.764252380e-16,-2.764252380e-16
2.165000000e-05,5.000000000e+00,5.000000000e+00,5.000000000e+00,-9.982723751e-17,9.982723751e-17
2.170000000e-05,5.000000000e+00,5.000000000e+00,5.000000000e+00,-3.215509555e-16,3.215509555e-16
2.175000000e-05,5.000000000e+00,5.000000000e+00,5.000000000e+00,-4.211856634e-17,4.211856634e-17
2.180000000e-05,5.000000000e+00,5.000000000e+00,5.000000000e+00,3.173180359e-16,-3.173180359e-16
2.185000000e-05,5.000000000e+00,5.000000000e+00,5.000000000e+00,2.096611959e-16,-2.096611959e-16
2.190000000e-05,5.000000000e+00,5.000000000e+00,5.000000000e+00,-2.256597153e-16,2.256597153e-16
2.195000000e-05,5.000000000e+00,5.000000000e+00,5.000000000e+00,-3.212749608e-16,3.212749608e-16
2.200000000e-05,5.000000000e+00,5.000000000e+00,5.000000000e+00,5.393160075e-17,-5.393160075e-17
2.205000000e-05,5.000000000e+00,5.000000000e+00,5.000000000e+00,3.334763559e-16,-3.334763559e-16
2.210000000e-05,5.000000000e+00,5.000000000e+00,5.000000000e+00,1.025442683e-16,-1.025442683e-16
2.215000000e-05,5.000000000e+00,5.000000000e+00,5.000000000e+00,-2.724958873e-16,2.724958873e-16
2.220000000e-05,5.000000000e+00,5.000000000e+00,5.000000000e+00,-2.222371952e-16,2.222371952e-16
2.225000000e-05,5.000000000e+00,5.000000000e+00,5.000000000e+00,1.648397110e-16,-1.648397110e-16
2.230000000e-05,5.000000000e+00,5.000000000e+00,5.000000000e+00,3.106980412e-16,-3.106980412e-16
2.235000000e-05,5.000000000e+00,5.000000000e+00,5.000000000e+00,-7.143668501e-18,7.143668501e-18
2.240000000e-05,5.000000000e+00,5.000000000e+00,5.000000000e+00,-2.969195223e-16,2.969195223e-16
2.245000000e-05,5.000000000e+00,5.000000000e+00,5.000000000e+00,-1.201295494e-16,1.201295494e-16
2.250000000e-05,5.000000000e+00,5.000000000e+00,5.000000000e+00,2.431241546e-16,-2.431241546e-16
2.255000000e-05,5.000000000e+00,5.000000000e+00,5.000000000e+00,2.441770829e-16,-2.441770829e-16
2.260000000e-05,5.000000000e+00,5.000000000e+00,5.000000000e+00,-1.328288228e-16,1.328288228e-16
2.265000000e-05,5.000000000e+00,5.000000000e+00,5.000000000e+00,-2.965542407e-16,2.965542407e-16
2.270000000e-05,5.000000000e+00,5.000000000e+00,5.000000000e+00,-1.351179339e-17,1.351179339e-17
2.275000000e-05,5.000000000e+00,5.000000000e+00,5.000000000e+00,3.001712740e-16,-3.001712740e-16
2.280000000e-05,5.000000000e+00,5.000000000e+00,5.000000000e+00,1.408142946e-16,-1.408142946e-16
2.285000000e-05,5.000000000e+00,5.000000000e+00,5.000000000e+00,-2.358446832e-16,2.358446832e-16
2.290000000e-05,5.000000000e+00,5.000000000e+00,5.000000000e+00,-2.345085442e-16,2.345085442e-16
2.295000000e-05,5.000000000e+00,5.000000000e+00,5.000000000e+00,1.334318053e-16,-1.334318053e-16
2.300000000e-05,5.000000000e+00,5.000000000e+00,5.000000000e+00,3.021764225e-16,-3.021764225e-16
2.305000000e-05,5.000000000e+00,5.000000000e+00,5.000000000e+00,1.166243850e-17,-1.166243850e-17
2.310000000e-05,5.000000000e+00,5.000000000e+00,5.000000000e+00,-2.960353574e-16,2.960353574e-16
2.315000000e-05,5.000000000e+00,5.000000000e+00,5.000000000e+00,-1.435644163e-16,1.435644163e-16
2.320000000e-05,5.000000000e+00,5.000000000e+00,5.000000000e+00,2.394346806e-16,-2.394346806e-16
2.325000000e-05,5.000000000e+00,5.000000000e+00,5.000000000e+00,2.764252380e-16,-2.764252380e-16
2.330000000e-05,5.000000000e+00,5.000000000e+00,5.000000000e+00,-9.982723751e-17,9.982723751e-17
2.335000000e-05,5.000000000e+00,5.000000000e+00,5.000000000e+00,-3.215509555e-16,3.215509555e-16
2.340000000e-05,5.000000000e+00,5.000000000e+00,5.000000000e+00,-4.211856634e-17,4.211856634e-17
2.345000000e-05,5.000000000e+00,5.000000000e+00,5.000000000e+00,3.173180359e-16,-3.173180359e-16
2.350000000e-05,5.000000000e+00,5.000000000e+00,5.000000000e+00,2.096611959e-16,-2.096611959e-16
2.355000000e-05,5.000000000e+00,5.000000000e+00,5.000000000e+00,-2.256597153e-16,2.256597153e-16
2.360000000e-05,5.000000000e+00,5.000000000e+00,5.000000000e+00,-3.212749608e-16,3.212749608e-16
2.365000000e-05,5.000000000e+00,5.000000000e+00,5.000000000e+00,5.393160075e-17,-5.393160075e-17
2.370000000e-05,5.000000000e+00,5.000000000e+00,5.000000000e+00,3.334763559e-16,-3.334763559e-16
2.375000000e-05,5.000000000e+00,5.000000000e+00,5.000000000e+00,1.025442683e-16,-1.025442683e-16
2.380000000e-05,5.000000000e+00,5.000000000e+00,5.000000000e+00,-2.724958873e-16,2.724958873e-16
2.385000000e-05,5.000000000e+00,5.000000000e+00,5.000000000e+00,-2.222371952e-16,2.222371952e-16
2.390000000e-05,5.000000000e+00,5.000000000e+00,5.000000000e+00,1.648397110e-16,-1.648397110e-16
2.395000000e-05,5.000000000e+00,5.000000000e+00,5.000000000e+00,3.106980412e-16,-3.106980412e-16
2.400000000e-05,5.000000000e+00,5.000000000e+00,5.000000000e+00,-7.143668501e-18,7.143668501e-18
2.405000000e-05,5.000000000e+00,5.000000000e+00,5.000000000e+00,-2.969195223e-16,2.969195223e-16
2.410000000e-05,5.000000000e+00,5.000000000e+00,5.000000000e+00,-1.201295494e-16,1.201295494e-16
2.415000000e-05,5.000000000e+00,5.000000000e+00,5.000000000e+00,2.431241546e-16,-2.431241546e-16
2.420000000e-05,5.000000000e+00,5.000000000e+00,5.000000000e+00,2.441770829e-16,-2.441770829e-16
2.425000000e-05,5.000000000e+00,5.000000000e+00,5.000000000e+00,-1.328288228e-16,1.328288228e-16
2.430000000e-05,5.000000000e+00,5.000000000e+00,5.000000000e+00,-2.965542407e-16,2.965542407e-16
2.435000000e-05,5.000000000e+00,5.000000000e+00,5.000000000e+00,-1.351179339e-17,1.351179339e-17
2.440000000e-05,5.000000000e+00,5.000000000e+00,5.000000000e+00,3.001712740e-16,-3.001712740e-16
2.445000000e-05,5.000000000e+00,5.000000000e+00,5.000000000e+00,1.408142946e-16,-1.408142946e-16
2.450000000e-05,5.000000000e+00,5.000000000e+00,5.000000000e+00,-2.358446832e-16,2.358446832e-16
2.455000000e-05,5.000000000e+00,5.000000000e+00,5.000000000e+00,-2.345085442e-16,2.345085442e-16
2.460000000e-05,5.000000000e+00,5.000000000e+00,5.000000000e+00,1.334318053e-16,-1.334318053e-16
2.465000000e-05,5.000000000e+00,5.000000000e+00,5.000000000e+00,3.021764225e-16,-3.021764225e-16
2.470000000e-05,5.000000000e+00,5.000000000e+00,5.000000000e+00,1.166243850e-17,-1.166243850e-17
2.475000000e-05,5.000000000e+00,5.000000000e+00,5.000000000e+00,-2.960353574e-16,2.960353574e-16
2.480000000e-05,5.000000000e+00,5.000000000e+00,5.000000000e+00,-1.435644163e-16,1.435644163e-16
2.485000000e-05,5.000000000e+00,5.000000000e+00,5.000000000e+00,2.394346806e-16,-2.394346806e-16
2.490000000e-05,5.000000000e+00,5.000000000e+00,5.000000000e+00,2.764252380e-16,-2.764252380e-16
2.495000000e-05,5.000000000e+00,5.000000000e+00,5.000000000e+00,-9.982723751e-17,9.982723751e-17
2.500000000e-05,5.000000000e+00,5.000000000e+00,5.000000000e+00,-3.215509555e-16,3.215509555e-16
2.505000000e-05,5.000000000e+00,5.000000000e+00,5.000000000e+00,-4.211856634e-17,4.211856634e-17
2.510000000e-05,5.000000000e+00,5.000000000e+00,5.000000000e+00,3.173180359e-16,-3.173180359e-16
2.515000000e-05,5.000000000e+00,5.000000000e+00,5.000000000e+00,2.096611959e-16,-2.096611959e-16
2.520000000e-05,5.000000000e+00,5.000000000e+00,5.000000000e+00,-2.256597153e-16,2.256597153e-16
2.525000000e-05,5.000000000e+00,5.000000000e+00,5.000000000e+00,-3.212749608e-16,3.212749608e-16
2.530000000e-05,5.000000000e+00,5.000000000e+00,5.000000000e+00,5.393160075e-17,-5.393160075e-17
2.535000000e-05,5.000000000e+00,5.000000000e+00,5.000000000e+00,3.334763559e-16,-3.334763559e-16
2.540000000e-05,5.000000000e+00,5.000000000e+00,5.000000000e+00,1.025442683e-16,-1.025442683e-16
2.545000000e-05,5.000000000e+00,5.000000000e+00,5.000000000e+00,-2.724958873e-16,2.724958873e-16
2.550000000e-05,5.000000000e+00,5.000000000e+00,5.000000000e+00,-2.222371952e-16,2.222371952e-16
2.555000000e-05,5.000000000e+00,5.000000000e+00,5.000000000e+00,1.648397110e-16,-1.648397110e-16
2.560000000e-05,5.000000000e+00,5.000000000e+00,5.000000000e+00,3.106980412e-16,-3.106980412e-16
2.565000000e-05,5.000000000e+00,5.000000000e+00,5.000000000e+00,-7.143668501e-18,7.143668501e-18
2.570000000e-05,5.000000000e+00,5.000000000e+00,5.000000000e+00,-2.969195223e-16,2.969195223e-16
2.575000000e-05,5.000000000e+00,5.000000000e+00,5.000000000e+00,-1.201295494e-16,1.201295494e-16
2.580000000e-05,5.000000000e+00,5.000000000e+00,5.000000000e+00,2.431241546e-16,-2.431241546e-16
2.585000000e-05,5.000000000e+00,5.000000000e+00,5.000000000e+00,2.441770829e-16,-2.441770829e-16
2.590000000e-05,5.000000000e+00,5.000000000e+00,5.000000000e+00,-1.328288228e-16,1.328288228e-16
2.595000000e-05,5.000000000e+00,5.000000000e+00,5.000000000e+00,-2.965542407e-16,2.965542407e-16
2.600000000e-05,5.000000000e+00,5.000000000e+00,5.000000000e+00,-1.351179339e-17,1.351179339e-17
2.605000000e-05,5.000000000e+00,5.000000000e+00,5.000000000e+00,3.001712740e-16,-3.001712740e-16
2.610000000e-05,5.000000000e+00,5.000000000e+00,5.000000000e+00,1.408142946e-16,-1.408142946e-16
2.615000000e-05,5.000000000e+00,5.000000000e+00,5.000000000e+00,-2.358446832e-16,2.358446832e-16
2.620000000e-05,5.000000000e+00,5.000000000e+00,5.000000000e+00,-2.345085442e-16,2.345085442e-16
2.625000000e-05,5.000000000e+00,5.000000000e+00,5.000000000e+00,1.334318053e-16,-1.334318053e-16
2.630000000e-05,5.000000000e+00,5.000000000e+00,5.000000000e+00,3.021764225e-16,-3.021764225e-16
2.635000000e-05,5.000000000e+00,5.000000000e+00,5.000000000e+00,1.166243850e-17,-1.166243850e-17
2.640000000e-05,5.000000000e+00,5.000000000e+00,5.000000000e+00,-2.960353574e-16,2.960353574e-16
2.645000000e-05,5.000000000e+00,5.000000000e+00,5.000000000e+00,-1.435644163e-16,1.435644163e-16
2.650000000e-05,5.000000000e+00,5.000000000e+00,5.000000000e+00,2.394346806e-16,-2.394346806e-16
2.655000000e-05,5.000000000e+00,5.000000000e+00,5.000000000e+00,2.764252380e-16,-2.764252380e-16
2.660000000e-05,5.000000000e+00,5.000000000e+00,5.000000000e+00,-9.982723751e-17,9.982723751e-17
2.665000000e-05,5.000000000e+00,5.000000000e+00,5.000000000e+00,-3.215509555e-16,3.215509555e-16
2.670000000e-05,5.000000000e+00,5.000000000e+00,5.000000000e+00,-4.211856634e-17,4.211856634e-17
2.675000000e-05,5.000000000e+00,5.000000000e+00,5.000000000e+00,3.173180359e-16,-3.173180359e-16
2.680000000e-05,5.000000000e+00,5.000000000e+00,5.000000000e+00,2.096611959e-16,-2.096611959e-16
2.685000000e-05,5.000000000e+00,5.000000000e+00,5.000000000e+00,-2.256597153e-16,2.256597153e-16
2.690000000e-05,5.000000000e+00,5.000000000e+00,5.000000000e+00,-3.212749608e-16,3.212749608e-16
2.695000000e-05,5.000000000e+00,5.000000000e+00,5.000000000e+00,5.393160075e-17,-5.393160075e-17
2.700000000e-05,5.000000000e+00,5.000000000e+00,5.000000000e+00,3.334763559e-16,-3.334763559e-16
2.705000000e-05,5.000000000e+00,5.000000000e+00,5.000000000e+00,1.025442683e-16,-1.025442683e-16
2.710000000e-05,5.000000000e+00,5.000000000e+00,5.000000000e+00,-2.724958873e-16,2.724958873e-16
2.715000000e-05,5.000000000e+00,5.000000000e+00,5.000000000e+00,-2.222371952e-16,2.222371952e-16
2.720000000e-05,5.000000000e+00,5.000000000e+00,5.000000000e+00,1.648397110e-16,-1.648397110e-16
2.725000000e-05,5.000000000e+00,5.000000000e+00,5.000000000e+00,3.106980412e-16,-3.106980412e-16
2.730000000e-05,5.000000000e+00,5.000000000e+00,5.000000000e+00,-7.143668501e-18,7.143668501e-18
2.735000000e-05,5.000000000e+00,5.000000000e+00,5.000000000e+00,-2.969195223e-16,2.969195223e-16
2.740000000e-05,5.000000000e+00,5.000000000e+00,5.000000000e+00,-1.201295494e-16,1.201295494e-16
2.745000000e-05,5.000000000e+00,5.000000000e+00,5.000000000e+00,2.431241546e-16,-2.431241546e-16
2.750000000e-05,5.000000000e+00,5.000000000e+00,5.000000000e+00,2.441770829e-16,-2.441770829e-16
2.755000000e-05,5.000000000e+00,5.000000000e+00,5.000000000e+00,-1.328288228e-16,1.328288228e-16
2.760000000e-05,5.000000000e+00,5.000000000e+00,5.000000000e+00,-2.965542407e-16,2.965542407e-16
2.765000000e-05,5.000000000e+00,5.000000000e+00,5.000000000e+00,-1.351179339e-17,1.351179339e-17
2.770000000e-05,5.000000000e+00,5.000000000e+00,5.000000000e+00,3.001712740e-16,-3.001712740e-16
2.775000000e-05,5.000000000e+00,5.000000000e+00,5.000000000e+00,1.408142946e-16,-1.408142946e-16
2.780000000e-05,5.000000000e+00,5.000000000e+00,5.000000000e+00,-2.358446832e-16,2.358446832e-16
2.785000000e-05,5.000000000e+00,5.000000000e+00,5.000000000e+00,-2.345085442e-16,2.345085442e-16
2.790000000e-05,5.000000000e+00,5.000000000e+00,5.000000000e+00,1.334318053e-16,-1.334318053e-16
2.795000000e-05,5.000000000e+00,5.000000000e+00,5.000000000e+00,3.021764225e-16,-3.021764225e-16
2.800000000e-05,5.000000000e+00,5.000000000e+00,5.000000000e+00,1.166243850e-17,-1.166243850e-17
2.805000000e-05,5.000000000e+00,5.000000000e+00,5.000000000e+00,-2.960353574e-16,2.960353574e-16
2.810000000e-05,5.000000000e+00,5.000000000e+00,5.000000000e+00,-1.435644163e-16,1.435644163e-16
2.815000000e-05,5.000000000e+00,5.000000000e+00,5.000000000e+00,2.394346806e-16,-2.394346806e-16
2.820000000e-05,5.000000000e+00,5.000000000e+00,5.000000000e+00,2.764252380e-16,-2.764252380e-16
2.825000000e-05,5.000000000e+00,5.000000000e+00,5.000000000e+00,-9.982723751e-17,9.982723751e-17
2.830000000e-05,5.000000000e+00,5.000000000e+00,5.000000000e+00,-3.215509555e-16,3.215509555e-16
2.835000000e-05,5.000000000e+00,5.000000000e+00,5.000000000e+00,-4.211856634e-17,4.211856634e-17
2.840000000e-05,5.000000000e+00,5.000000000e+00,5.000000000e+00,3.173180359e-16,-3.173180359e-16
2.845000000e-05,5.000000000e+00,5.000000000e+00,5.000000000e+00,2.096611959e-16,-2.096611959e-16
2.850000000e-05,5.000000000e+00,5.000000000e+00,5.000000000e+00,-2.256597153e-16,2.256597153e-16
2.855000000e-05,5.000000000e+00,5.000000000e+00,5.000000000e+00,-3.212749608e-16,3.212749608e-16
2.860000000e-05,5.000000000e+00,5.000000000e+00,5.000000000e+00,5.393160075e-17,-5.393160075e-17
2.865000000e-05,5.000000000e+00,5.000000000e+00,5.000000000e+00,3.334763559e-16,-3.334763559e-16
2.870000000e-05,5.000000000e+00,5.000000000e+00,5.000000000e+00,1.025442683e-16,-1.025442683e-16
2.875000000e-05,5.000000000e+00,5.000000000e+00,5.000000000e+00,-2.724958873e-16,2.724958873e-16
2.880000000e-05,5.000000000e+00,5.000000000e+00,5.000000000e+00,-2.222371952e-16,2.222371952e-16
2.885000000e-05,5.000000000e+00,5.000000000e+00,5.000000000e+00,1.648397110e-16,-1.648397110e-16
2.890000000e-05,5.000000000e+00,5.000000000e+00,5.000000000e+00,3.106980412e-16,-3.106980412e-16
2.895000000e-05,5.000000000e+00,5.000000000e+00,5.000000000e+00,-7.143668501e-18,7.143668501e-18
2.900000000e-05,5.000000000e+00,5.000000000e+00,5.000000000e+00,-2.969195223e-16,2.969195223e-16
2.905000000e-05,5.000000000e+00,5.000000000e+00,5.000000000e+00,-1.201295494e-16,1.201295494e-16
2.910000000e-05,5.000000000e+00,5.000000000e+00,5.000000000e+00,2.431241546e-16,-2.431241546e-16
2.915000000e-05,5.000000000e+00,5.000000000e+00,5.000000000e+00,2.441770829e-16,-2.441770829e-16
2.920000000e-05,5.000000000e+00,5.000000000e+00,5.000000000e+00,-1.328288228e-16,1.328288228e-16
2.925000000e-05,5.000000000e+00,5.000000000e+00,5.000000000e+00,-2.965542407e-16,2.965542407e-16
2.930000000e-05,5.000000000e+00,5.000000000e+00,5.000000000e+00,-1.351179339e-17,1.351179339e-17
2.935000000e-05,5.000000000e+00,5.000000000e+00,5.000000000e+00,3.001712740e-16,-3.001712740e-16
2.940000000e-05,5.000000000e+00,5.000000000e+00,5.000000000e+00,1.408142946e-16,-1.408142946e-16
2.945000000e-05,5.000000000e+00,5.000000000e+00,5.000000000e+00,-2.358446832e-16,2.358446832e-16
2.950000000e-05,5.000000000e+00,5.000000000e+00,5.000000000e+00,-2.345085442e-16,2.345085442e-16
2.955000000e-05,5.000000000e+00,5.000000000e+00,5.000000000e+00,1.334318053e-16,-1.334318053e-16
2.960000000e-05,5.000000000e+00,5.000000000e+00,5.000000000e+00,3.021764225e-16,-3.021764225e-16
2.965000000e-05,5.000000000e+00,5.000000000e+00,5.000000000e+00,1.166243850e-17,-1.166243850e-17
2.970000000e-05,5.000000000e+00,5.000000000e+00,5.000000000e+00,-2.960353574e-16,2.960353574e-16
2.975000000e-05,5.000000000e+00,5.000000000e+00,5.000000000e+00,-1.435644163e-16,1.435644163e-16
2.980000000e-05,5.000000000e+00,5.000000000e+00,5.000000000e+00,2.394346806e-16,-2.394346806e-16
2.985000000e-05,5.000000000e+00,5.000000000e+00,5.000000000e+00,2.764252380e-16,-2.764252380e-16
2.990000000e-05,5.000000000e+00,5.000000000e+00,5.000000000e+00,-9.982723751e-17,9.982723751e-17
2.995000000e-05,5.000000000e+00,5.000000000e+00,5.000000000e+00,-3.215509555e-16,3.215509555e-16
3.000000000e-05,5.000000000e+00,5.000000000e+00,5.000000000e+00,-4.211856634e-17,4.211856634e-17
3.005000000e-05,5.000000000e+00,5.000000000e+00,5.000000000e+00,3.173180359e-16,-3.173180359e-16
3.010000000e-05,5.000000000e+00,5.000000000e+00,5.000000000e+00,2.096611959e-16,-2.096611959e-16
3.015000000e-05,5.000000000e+00,5.000000000e+00,5.000000000e+00,-2.256597153e-16,2.256597153e-16
3.020000000e-05,5.000000000e+00,5.000000000e+00,5.000000000e+00,-3.212749608e-16,3.212749608e-16
3.025000000e-05,5.000000000e+00,5.000000000e+00,5.000000000e+00,5.393160075e-17,-5.393160075e-17
3.030000000e-05,5.000000000e+00,5.000000000e+00,5.000000000e+00,3.334763559e-16,-3.334763559e-16
3.035000000e-05,5.000000000e+00,5.000000000e+00,5.000000000e+00,1.025442683e-16,-1.025442683e-16
3.040000000e-05,5.000000000e+00,5.000000000e+00,5.000000000e+00,-2.724958873e-16,2.724958873e-16
3.045000000e-05,5.000000000e+00,5.000000000e+00,5.000000000e+00,-2.222371952e-16,2.222371952e-16
3.050000000e-05,5.000000000e+00,5.000000000e+00,5.000000000e+00,1.648397110e-16,-1.648397110e-16
3.055000000e-05,5.000000000e+00,5.000000000e+00,5.000000000e+00,3.106980412e-16,-3.106980412e-16
3.060000000e-05,5.000000000e+00,5.000000000e+00,5.000000000e+00,-7.143668501e-18,7.143668501e-18
3.065000000e-05,5.000000000e+00,5.000000000e+00,5.000000000e+00,-2.969195223e-16,2.969195223e-16
3.070000000e-05,5.000000000e+00,5.000000000e+00,5.000000000e+00,-1.201295494e-16,1.201295494e-16
3.075000000e-05,5.000000000e+00,5.000000000e+00,5.000000000e+00,2.431241546e-16,-2.431241546e-16
3.080000000e-05,5.000000000e+00,5.000000000e+00,5.000000000e+00,2.441770829e-16,-2.441770829e-16
3.085000000e-05,5.000000000e+00,5.000000000e+00,5.000000000e+00,-1.328288228e-16,1.328288228e-16
3.090000000e-05,5.000000000e+00,5.000000000e+00,5.000000000e+00,-2.965542407e-16,2.965542407e-16
3.095000000e-05,5.000000000e+00,5.000000000e+00,5.000000000e+00,-1.351179339e-17,1.351179339e-17
3.100000000e-05,5.000000000e+00,5.000000000e+00,5.000000000e+00,3.001712740e-16,-3.001712740e-16
3.105000000e-05,5.000000000e+00,5.000000000e+00,5.000000000e+00,1.408142946e-16,-1.408142946e-16
3.110000000e-05,5.000000000e+00,5.000000000e+00,5.000000000e+00,-2.358446832e-16,2.358446832e-16
3.115000000e-05,5.000000000e+00,5.000000000e+00,5.000000000e+00,-2.345085442e-16,2.345085442e-16
3.120000000e-05,5.000000000e+00,5.000000000e+00,5.000000000e+00,1.334318053e-16,-1.334318053e-16
3.125000000e-05,5.000000000e+00,5.000000000e+00,5.000000000e+00,3.021764225e-16,-3.021764225e-16
3.130000000e-05,5.000000000e+00,5.000000000e+00,5.000000000e+00,1.166243850e-17,-1.166243850e-17
3.135000000e-05,5.000000000e+00,5.000000000e+00,5.000000000e+00,-2.960353574e-16,2.960353574e-16
3.140000000e-05,5.000000000e+00,5.000000000e+00,5.000000000e+00,-1.435644163e-16,1.435644163e-16
3.145000000e-05,5.000000000e+00,5.000000000e+00,5.000000000e+00,2.394346806e-16,-2.394346806e-16
3.150000000e-05,5.000000000e+00,5.000000000e+00,5.000000000e+00,2.764252380e-16,-2.764252380e-16
3.155000000e-05,5.000000000e+00,5.000000000e+00,5.000000000e+00,-9.982723751e-17,9.982723751e-17
3.160000000e-05,5.000000000e+00,5.000000000e+00,5.000000000e+00,-3.215509555e-16,3.215509555e-16
3.165000000e-05,5.000000000e+00,5.000000000e+00,5.000000000e+00,-4.211856634e-17,4.211856634e-17
3.170000000e-05,5.000000000e+00,5.000000000e+00,5.000000000e+00,3.173180359e-16,-3.173180359e-16
3.175000000e-05,5.000000000e+00,5.000000000e+00,5.000000000e+00,2.096611959e-16,-2.096611959e-16
3.180000000e-05,5.000000000e+00,5.000000000e+00,5.000000000e+00,-2.256597153e-16,2.256597153e-16
3.185000000e-05,5.000000000e+00,5.000000000e+00,5.000000000e+00,-3.212749608e-16,3.212749608e-16
3.190000000e-05,5.000000000e+00,5.000000000e+00,5.000000000e+00,5.393160075e-17,-5.393160075e-17
3.195000000e-05,5.000000000e+00,5.000000000e+00,5.000000000e+00,3.334763559e-16,-3.334763559e-16
3.200000000e-05,5.000000000e+00,5.000000000e+00,5.000000000e+00,1.025442683e-16,-1.025442683e-16
3.205000000e-05,5.000000000e+00,5.000000000e+00,5.000000000e+00,-2.724958873e-16,2.724958873e-16
3.210000000e-05,5.000000000e+00,5.000000000e+00,5.000000000e+00,-2.222371952e-16,2.222371952e-16
3.215000000e-05,5.000000000e+00,5.000000000e+00,5.000000000e+00,1.648397110e-16,-1.648397110e-16
3.220000000e-05,5.000000000e+00,5.000000000e+00,5.000000000e+00,3.106980412e-16,-3.106980412e-16
3.225000000e-05,5.000000000e+00,5.000000000e+00,5.000000000e+00,-7.143668501e-18,7.143668501e-18
3.230000000e-05,5.000000000e+00,5.000000000e+00,5.000000000e+00,-2.969195223e-16,2.969195223e-16
3.235000000e-05,5.000000000e+00,5.000000000e+00,5.000000000e+00,-1.201295494e-16,1.201295494e-16
3.240000000e-05,5.000000000e+00,5.000000000e+00,5.000000000e+00,2.431241546e-16,-2.431241546e-16
3.245000000e-05,5.000000000e+00,5.000000000e+00,5.000000000e+00,2.441770829e-16,-2.441770829e-16
3.250000000e-05,5.000000000e+00,5.000000000e+00,5.000000000e+00,-1.328288228e-16,1.328288228e-16
3.255000000e-05,5.000000000e+00,5.000000000e+00,5.000000000e+00,-2.965542407e-16,2.965542407e-16
3.260000000e-05,5.000000000e+00,5.000000000e+00,5.000000000e+00,-1.351179339e-17,1.351179339e-17
3.265000000e-05,5.000000000e+00,5.000000000e+00,5.000000000e+00,3.001712740e-16,-3.001712740e-16
3.270000000e-05,5.000000000e+00,5.000000000e+00,5.000000000e+00,1.408142946e-16,-1.408142946e-16
3.275000000e-05,5.000000000e+00,5.000000000e+00,5.000000000e+00,-2.358446832e-16,2.358446832e-16
3.280000000e-05,5.000000000e+00,5.000000000e+00,5.000000000e+00,-2.345085442e-16,2.345085442e-16
3.285000000e-05,5.000000000e+00,5.000000000e+00,5.000000000e+00,1.334318053e-16,-1.334318053e-16
3.290000000e-05,5.000000000e+00,5.000000000e+00,5.000000000e+00,3.021764225e-16,-3.021764225e-16
3.295000000e-05,5.000000000e+00,5.000000000e+00,5.000000000e+00,1.166243850e-17,-1.166243850e-17
3.300000000e-05,5.000000000e+00,5.000000000e+00,5.000000000e+00,-2.960353574e-16,2.960353574e-16
3.305000000e-05,5.000000000e+00,5.000000000e+00,5.000000000e+00,-1.435644163e-16,1.435644163e-16
3.310000000e-05,5.000000000e+00,5.000000000e+00,5.000000000e+00,2.394346806e-16,-2.394346806e-16
3.315000000e-05,5.000000000e+00,5.000000000e+00,5.000000000e+00,2.764252380e-16,-2.764252380e-16
3.320000000e-05,5.000000000e+00,5.000000000e+00,5.000000000e+00,-9.982723751e-17,9.982723751e-17
3.325000000e-05,5.000000000e+00,5.000000000e+00,5.000000000e+00,-3.215509555e-16,3.215509555e-16
3.330000000e-05,5.000000000e+00,5.000000000e+00,5.000000000e+00,-4.211856634e-17,4.211856634e-17
3.335000000e-05,5.000000000e+00,5.000000000e+00,5.000000000e+00,3.173180359e-16,-3.173180359e-16
3.340000000e-05,5.000000000e+00,5.000000000e+00,5.000000000e+00,2.096611959e-16,-2.096611959e-16
3.345000000e-05,5.000000000e+00,5.000000000e+00,5.000000000e+00,-2.256597153e-16,2.256597153e-16
3.350000000e-05,5.000000000e+00,5.000000000e+00,5.000000000e+00,-3.212749608e-16,3.212749608e-16
3.355000000e-05,5.000000000e+00,5.000000000e+00,5.000000000e+00,5.393160075e-17,-5.393160075e-17
3.360000000e-05,5.000000000e+00,5.000000000e+00,5.000000000e+00,3.334763559e-16,-3.334763559e-16
3.365000000e-05,5.000000000e+00,5.000000000e+00,5.000000000e+00,1.025442683e-16,-1.025442683e-16
3.370000000e-05,5.000000000e+00,5.000000000e+00,5.000000000e+00,-2.724958873e-16,2.724958873e-16
3.375000000e-05,5.000000000e+00,5.000000000e+00,5.000000000e+00,-2.222371952e-16,2.222371952e-16
3.380000000e-05,5.000000000e+00,5.000000000e+00,5.000000000e+00,1.648397110e-16,-1.648397110e-16
3.385000000e-05,5.000000000e+00,5.000000000e+00,5.000000000e+00,3.106980412e-16,-3.106980412e-16
3.390000000e-05,5.000000000e+00,5.000000000e+00,5.000000000e+00,-7.143668501e-18,7.143668501e-18
3.395000000e-05,5.000000000e+00,5.000000000e+00,5.000000000e+00,-2.969195223e-16,2.969195223e-16
3.400000000e-05,5.000000000e+00,5.000000000e+00,5.000000000e+00,-1.201295494e-16,1.201295494e-16
3.405000000e-05,5.000000000e+00,5.000000000e+00,5.000000000e+00,2.431241546e-16,-2.431241546e-16
3.410000000e-05,5.000000000e+00,5.000000000e+00,5.000000000e+00,2.441770829e-16,-2.441770829e-16
3.415000000e-05,5.000000000e+00,5.000000000e+00,5.000000000e+00,-1.328288228e-16,1.328288228e-16
3.420000000e-05,5.000000000e+00,5.000000000e+00,5.000000000e+00,-2.965542407e-16,2.965542407e-16
3.425000000e-05,5.000000000e+00,5.000000000e+00,5.000000000e+00,-1.351179339e-17,1.351179339e-17
3.430000000e-05,5.000000000e+00,5.000000000e+00,5.000000000e+00,3.001712740e-16,-3.001712740e-16
3.435000000e-05,5.000000000e+00,5.000000000e+00,5.000000000e+00,1.408142946e-16,-1.408142946e-16
3.440000000e-05,5.000000000e+00,5.000000000e+00,5.000000000e+00,-2.358446832e-16,2.358446832e-16
3.445000000e-05,5.000000000e+00,5.000000000e+00,5.000000000e+00,-2.345085442e-16,2.345085442e-16
3.450000000e-05,5.000000000e+00,5.000000000e+00,5.000000000e+00,1.334318053e-16,-1.334318053e-16
3.455000000e-05,5.000000000e+00,5.000000000e+00,5.000000000e+00,3.021764225e-16,-3.021764225e-16
3.460000000e-05,5.000000000e+00,5.000000000e+00,5.000000000e+00,1.166243850e-17,-1.166243850e-17
3.465000000e-05,5.000000000e+00,5.000000000e+00,5.000000000e+00,-2.960353574e-16,2.960353574e-16
3.470000000e-05,5.000000000e+00,5.000000000e+00,5.000000000e+00,-1.435644163e-16,1.435644163e-16
3.475000000e-05,5.000000000e+00,5.000000000e+00,5.000000000e+00,2.394346806e-16,-2.394346806e-16
3.480000000e-05,5.000000000e+00,5.000000000e+00,5.000000000e+00,2.764252380e-16,-2.764252380e-16
3.485000000e-05,5.000000000e+00,5.000000000e+00,5.000000000e+00,-9.982723751e-17,9.982723751e-17
3.490000000e-05,5.000000000e+00,5.000000000e+00,5.000000000e+00,-3.215509555e-16,3.215509555e-16
3.495000000e-05,5.000000000e+00,5.000000000e+00,5.000000000e+00,-4.211856634e-17,4.211856634e-17
3.500000000e-05,5.000000000e+00,5.000000000e+00,5.000000000e+00,3.173180359e-16,-3.173180359e-16
3.505000000e-05,5.000000000e+00,5.000000000e+00,5.000000000e+00,2.096611959e-16,-2.096611959e-16
3.510000000e-05,5.000000000e+00,5.000000000e+00,5.000000000e+00,-2.256597153e-16,2.256597153e-16
3.515000000e-05,5.000000000e+00,5.000000000e+00,5.000000000e+00,-3.212749608e-16,3.212749608e-16
3.520000000e-05,5.000000000e+00,5.000000000e+00,5.000000000e+00,5.393160075e-17,-5.393160075e-17
3.525000000e-05,5.000000000e+00,5.000000000e+00,5.000000000e+00,3.334763559e-16,-3.334763559e-16
3.530000000e-05,5.000000000e+00,5.000000000e+00,5.000000000e+00,1.025442683e-16,-1.025442683e-16
3.535000000e-05,5.000000000e+00,5.000000000e+00,5.000000000e+00,-2.724958873e-16,2.724958873e-16
3.540000000e-05,5.000000000e+00,5.000000000e+00,5.000000000e+00,-2.222371952e-16,2.222371952e-16
3.545000000e-05,5.000000000e+00,5.000000000e+00,5.000000000e+00,1.648397110e-16,-1.648397110e-16
3.550000000e-05,5.000000000e+00,5.000000000e+00,5.000000000e+00,3.106980412e-16,-3.106980412e-16
3.555000000e-05,5.000000000e+00,5.000000000e+00,5.000000000e+00,-7.143668501e-18,7.143668501e-18
3.560000000e-05,5.000000000e+00,5.000000000e+00,5.000000000e+00,-2.969195223e-16,2.969195223e-16
3.565000000e-05,5.000000000e+00,5.000000000e+00,5.000000000e+00,-1.201295494e-16,1.201295494e-16
3.570000000e-05,5.000000000e+00,5.000000000e+00,5.000000000e+00,2.431241546e-16,-2.431241546e-16
3.575000000e-05,5.000000000e+00,5.000000000e+00,5.000000000e+00,2.441770829e-16,-2.441770829e-16
3.580000000e-05,5.000000000e+00,5.000000000e+00,5.000000000e+00,-1.328288228e-16,1.328288228e-16
3.585000000e-05,5.000000000e+00,5.000000000e+00,5.000000000e+00,-2.965542407e-16,2.965542407e-16
3.590000000e-05,5.000000000e+00,5.000000000e+00,5.000000000e+00,-1.351179339e-17,1.351179339e-17
3.595000000e-05,5.000000000e+00,5.000000000e+00,5.000000000e+00,3.001712740e-16,-3.001712740e-16
3.600000000e-05,5.000000000e+00,5.000000000e+00,5.000000000e+00,1.408142946e-16,-1.408142946e-16
3.605000000e-05,5.000000000e+00,5.000000000e+00,5.000000000e+00,-2.358446832e-16,2.358446832e-16
3.610000000e-05,5.000000000e+00,5.000000000e+00,5.000000000e+00,-2.345085442e-16,2.345085442e-16
3.615000000e-05,5.000000000e+00,5.000000000e+00,5.000000000e+00,1.334318053e-16,-1.334318053e-16
3.620000000e-05,5.000000000e+00,5.000000000e+00,5.000000000e+00,3.021764225e-16,-3.021764225e-16
3.625000000e-05,5.000000000e+00,5.000000000e+00,5.000000000e+00,1.166243850e-17,-1.166243850e-17
3.630000000e-05,5.000000000e+00,5.000000000e+00,5.000000000e+00,-2.960353574e-16,2.960353574e-16
3.635000000e-05,5.000000000e+00,5.000000000e+00,5.000000000e+00,-1.435644163e-16,1.435644163e-16
3.640000000e-05,5.000000000e+00,5.000000000e+00,5.000000000e+00,2.394346806e-16,-2.394346806e-16
3.645000000e-05,5.000000000e+00,5.000000000e+00,5.000000000e+00,2.764252380e-16,-2.764252380e-16
3.650000000e-05,5.000000000e+00,5.000000000e+00,5.000000000e+00,-9.982723751e-17,9.982723751e-17
3.655000000e-05,5.000000000e+00,5.000000000e+00,5.000000000e+00,-3.215509555e-16,3.215509555e-16
3.660000000e-05,5.000000000e+00,5.000000000e+00,5.000000000e+00,-4.211856634e-17,4.211856634e-17
3.665000000e-05,5.000000000e+00,5.000000000e+00,5.000000000e+00,3.173180359e-16,-3.173180359e-16
3.670000000e-05,5.000000000e+00,5.000000000e+00,5.000000000e+00,2.096611959e-16,-2.096611959e-16
3.675000000e-05,5.000000000e+00,5.000000000e+00,5.000000000e+00,-2.256597153e-16,2.256597153e-16
3.680000000e-05,5.000000000e+00,5.000000000e+00,5.000000000e+00,-3.212749608e-16,3.212749608e-16
3.685000000e-05,5.000000000e+00,5.000000000e+00,5.000000000e+00,5.393160075e-17,-5.393160075e-17
3.690000000e-05,5.000000000e+00,5.000000000e+00,5.000000000e+00,3.334763559e-16,-3.334763559e-16
3.695000000e-05,5.000000000e+00,5.000000000e+00,5.000000000e+00,1.025442683e-16,-1.025442683e-16
3.700000000e-05,5.000000000e+00,5.000000000e+00,5.000000000e+00,-2.724958873e-16,2.724958873e-16
3.705000000e-05,5.000000000e+00,5.000000000e+00,5.000000000e+00,-2.222371952e-16,2.222371952e-16
3.710000000e-05,5.000000000e+00,5.000000000e+00,5.000000000e+00,1.648397110e-16,-1.648397110e-16
3.715000000e-05,5.000000000e+00,5.000000000e+00,5.000000000e+00,3.106980412e-16,-3.106980412e-16
3.720000000e-05,5.000000000e+00,5.000000000e+00,5.000000000e+00,-7.143668501e-18,7.143668501e-18
3.725000000e-05,5.000000000e+00,5.000000000e+00,5.000000000e+00,-2.969195223e-16,2.969195223e-16
3.730000000e-05,5.000000000e+00,5.000000000e+00,5.000000000e+00,-1.201295494e-16,1.201295494e-16
3.735000000e-05,5.000000000e+00,5.000000000e+00,5.000000000e+00,2.431241546e-16,-2.431241546e-16
3.740000000e-05,5.000000000e+00,5.000000000e+00,5.000000000e+00,2.441770829e-16,-2.441770829e-16
3.745000000e-05,5.000000000e+00,5.000000000e+00,5.000000000e+00,-1.328288228e-16,1.328288228e-16
3.750000000e-05,5.000000000e+00,5.000000000e+00,5.000000000e+00,-2.965542407e-16,2.965542407e-16
3.755000000e-05,5.000000000e+00,5.000000000e+00,5.000000000e+00,-1.351179339e-17,1.351179339e-17
3.760000000e-05,5.000000000e+00,5.000000000e+00,5.000000000e+00,3.001712740e-16,-3.001712740e-16
3.765000000e-05,5.000000000e+00,5.000000000e+00,5.000000000e+00,1.408142946e-16,-1.408142946e-16
3.770000000e-05,5.000000000e+00,5.000000000e+00,5.000000000e+00,-2.358446832e-16,2.358446832e-16
3.775000000e-05,5.000000000e+00,5.000000000e+00,5.000000000e+00,-2.345085442e-16,2.345085442e-16
3.780000000e-05,5.000000000e+00,5.000000000e+00,5.000000000e+00,1.334318053e-16,-1.334318053e-16
3.785000000e-05,5.000000000e+00,5.000000000e+00,5.000000000e+00,3.021764225e-16,-3.021764225e-16
3.790000000e-05,5.000000000e+00,5.000000000e+00,5.000000000e+00,1.166243850e-17,-1.166243850e-17
3.795000000e-05,5.000000000e+00,5.000000000e+00,5.000000000e+00,-2.960353574e-16,2.960353574e-16
3.800000000e-05,5.000000000e+00,5.000000000e+00,5.000000000e+00,-1.435644163e-16,1.435644163e-16
3.805000000e-05,5.000000000e+00,5.000000000e+00,5.000000000e+00,2.394346806e-16,-2.394346806e-16
3.810000000e-05,5.000000000e+00,5.000000000e+00,5.000000000e+00,2.764252380e-16,-2.764252380e-16
3.815000000e-05,5.000000000e+00,5.000000000e+00,5.000000000e+00,-9.982723751e-17,9.982723751e-17
3.820000000e-05,5.000000000e+00,5.000000000e+00,5.000000000e+00,-3.215509555e-16,3.215509555e-16
3.825000000e-05,5.000000000e+00,5.000000000e+00,5.000000000e+00,-4.211856634e-17,4.211856634e-17
3.830000000e-05,5.000000000e+00,5.000000000e+00,5.000000000e+00,3.173180359e-16,-3.173180359e-16
3.835000000e-05,5.000000000e+00,5.000000000e+00,5.000000000e+00,2.096611959e-16,-2.096611959e-16
3.840000000e-05,5.000000000e+00,5.000000000e+00,5.000000000e+00,-2.256597153e-16,2.256597153e-16
3.845000000e-05,5.000000000e+00,5.000000000e+00,5.000000000e+00,-3.212749608e-16,3.212749608e-16
3.850000000e-05,5.000000000e+00,5.000000000e+00,5.000000000e+00,5.393160075e-17,-5.393160075e-17
3.855000000e-05,5.000000000e+00,5.000000000e+00,5.000000000e+00,3.334763559e-16,-3.334763559e-16
3.860000000e-05,5.000000000e+00,5.000000000e+00,5.000000000e+00,1.025442683e-16,-1.025442683e-16
3.865000000e-05,5.000000000e+00,5.000000000e+00,5.000000000e+00,-2.724958873e-16,2.724958873e-16
3.870000000e-05,5.000000000e+00,5.000000000e+00,5.000000000e+00,-2.222371952e-16,2.222371952e-16
3.875000000e-05,5.000000000e+00,5.000000000e+00,5.000000000e+00,1.648397110e-16,-1.648397110e-16
3.880000000e-05,5.000000000e+00,5.000000000e+00,5.000000000e+00,3.106980412e-16,-3.106980412e-16
3.885000000e-05,5.000000000e+00,5.000000000e+00,5.000000000e+00,-7.143668501e-18,7.143668501e-18
3.890000000e-05,5.000000000e+00,5.000000000e+00,5.000000000e+00,-2.969195223e-16,2.969195223e-16
3.895000000e-05,5.000000000e+00,5.000000000e+00,5.000000000e+00,-1.201295494e-16,1.201295494e-16
3.900000000e-05,5.000000000e+00,5.000000000e+00,5.000000000e+00,2.431241546e-16,-2.431241546e-16
3.905000000e-05,5.000000000e+00,5.000000000e+00,5.000000000e+00,2.441770829e-16,-2.441770829e-16
3.910000000e-05,5.000000000e+00,5.000000000e+00,5.000000000e+00,-1.328288228e-16,1.328288228e-16
3.915000000e-05,5.000000000e+00,5.000000000e+00,5.000000000e+00,-2.965542407e-16,2.965542407e-16
3.920000000e-05,5.000000000e+00,5.000000000e+00,5.000000000e+00,-1.351179339e-17,1.351179339e-17
3.925000000e-05,5.000000000e+00,5.000000000e+00,5.000000000e+00,3.001712740e-16,-3.001712740e-16
3.930000000e-05,5.000000000e+00,5.000000000e+00,5.000000000e+00,1.408142946e-16,-1.408142946e-16
3.935000000e-05,5.000000000e+00,5.000000000e+00,5.000000000e+00,-2.358446832e-16,2.358446832e-16
3.940000000e-05,5.000000000e+00,5.000000000e+00,5.000000000e+00,-2.345085442e-16,2.345085442e-16
3.945000000e-05,5.000000000e+00,5.000000000e+00,5.000000000e+00,1.334318053e-16,-1.334318053e-16
3.950000000e-05,5.000000000e+00,5.000000000e+00,5.000000000e+00,3.021764225e-16,-3.021764225e-16
3.955000000e-05,5.000000000e+00,5.000000000e+00,5.000000000e+00,1.166243850e-17,-1.166243850e-17
3.960000000e-05,5.000000000e+00,5.000000000e+00,5.000000000e+00,-2.960353574e-16,2.960353574e-16
3.965000000e-05,5.000000000e+00,5.000000000e+00,5.000000000e+00,-1.435644163e-16,1.435644163e-16
3.970000000e-05,5.000000000e+00,5.000000000e+00,5.000000000e+00,2.394346806e-16,-2.394346806e-16
3.975000000e-05,5.000000000e+00,5.000000000e+00,5.000000000e+00,2.764252380e-16,-2.764252380e-16
3.980000000e-05,5.000000000e+00,5.000000000e+00,5.000000000e+00,-9.982723751e-17,9.982723751e-17
3.985000000e-05,5.000000000e+00,5.000000000e+00,5.000000000e+00,-3.215509555e-16,3.215509555e-16
3.990000000e-05,5.000000000e+00,5.000000000e+00,5.000000000e+00,-4.211856634e-17,4.211856634e-17
3.995000000e-05,5.000000000e+00,5.000000000e+00,5.000000000e+00,3.173180359e-16,-3.173180359e-16
4.000000000e-05,5.000000000e+00,5.000000000e+00,5.000000000e+00,2.096611959e-16,-2.096611959e-16
4.005000000e-05,5.000000000e+00,5.000000000e+00,5.000000000e+00,-2.256597153e-16,2.256597153e-16
4.010000000e-05,5.000000000e+00,5.000000000e+00,5.000000000e+00,-3.212749608e-16,3.212749608e-16
4.015000000e-05,5.000000000e+00,5.000000000e+00,5.000000000e+00,5.393160075e-17,-5.393160075e-17
4.020000000e-05,5.000000000e+00,5.000000000e+00,5.000000000e+00,3.334763559e-16,-3.334763559e-16
4.025000000e-05,5.000000000e+00,5.000000000e+00,5.000000000e+00,1.025442683e-16,-1.025442683e-16
4.030000000e-05,5.000000000e+00,5.000000000e+00,5.000000000e+00,-2.724958873e-16,2.724958873e-16
4.035000000e-05,5.000000000e+00,5.000000000e+00,5.000000000e+00,-2.222371952e-16,2.222371952e-16
4.040000000e-05,5.000000000e+00,5.000000000e+00,5.000000000e+00,1.648397110e-16,-1.648397110e-16
4.045000000e-05,5.000000000e+00,5.000000000e+00,5.000000000e+00,3.106980412e-16,-3.106980412e-16
4.050000000e-05,5.000000000e+00,5.000000000e+00,5.000000000e+00,-7.143668501e-18,7.143668501e-18
4.055000000e-05,5.000000000e+00,5.000000000e+00,5.000000000e+00,-2.969195223e-16,2.969195223e-16
4.060000000e-05,5.000000000e+00,5.000000000e+00,5.000000000e+00,-1.201295494e-16,1.201295494e-16
4.065000000e-05,5.000000000e+00,5.000000000e+00,5.000000000e+00,2.431241546e-16,-2.431241546e-16
4.070000000e-05,5.000000000e+00,5.000000000e+00,5.000000000e+00,2.441770829e-16,-2.441770829e-16
4.075000000e-05,5.000000000e+00,5.000000000e+00,5.000000000e+00,-1.328288228e-16,1.328288228e-16
4.080000000e-05,5.000000000e+00,5.000000000e+00,5.000000000e+00,-2.965542407e-16,2.965542407e-16
4.085000000e-05,5.000000000e+00,5.000000000e+00,5.000000000e+00,-1.351179339e-17,1.351179339e-17
4.090000000e-05,5.000000000e+00,5.000000000e+00,5.000000000e+00,3.001712740e-16,-3.001712740e-16
4.095000000e-05,5.000000000e+00,5.000000000e+00,5.000000000e+00,1.408142946e-16,-1.408142946e-16
4.100000000e-05,5.000000000e+00,5.000000000e+00,5.000000000e+00,-2.358446832e-16,2.358446832e-16
4.105000000e-05,5.000000000e+00,5.000000000e+00,5.000000000e+00,-2.345085442e-16,2.345085442e-16
4.110000000e-05,5.000000000e+00,5.000000000e+00,5.000000000e+00,1.334318053e-16,-1.334318053e-16
4.115000000e-05,5.000000000e+00,5.000000000e+00,5.000000000e+00,3.021764225e-16,-3.021764225e-16
4.120000000e-05,5.000000000e+00,5.000000000e+00,5.000000000e+00,1.166243850e-17,-1.166243850e-17
4.125000000e-05,5.000000000e+00,5.000000000e+00,5.000000000e+00,-2.960353574e-16,2.960353574e-16
4.130000000e-05,5.000000000e+00,5.000000000e+00,5.000000000e+00,-1.435644163e-16,1.435644163e-16
4.135000000e-05,5.000000000e+00,5.000000000e+00,5.000000000e+00,2.394346806e-16,-2.394346806e-16
4.140000000e-05,5.000000000e+00,5.000000000e+00,5.000000000e+00,2.764252380e-16,-2.764252380e-16
4.145000000e-05,5.000000000e+00,5.000000000e+00,5.000000000e+00,-9.982723751e-17,9.982723751e-17
4.150000000e-05,5.000000000e+00,5.000000000e+00,5.000000000e+00,-3.215509555e-16,3.215509555e-16
4.155000000e-05,5.000000000e+00,5.000000000e+00,5.000000000e+00,-4.211856634e-17,4.211856634e-17
4.160000000e-05,5.000000000e+00,5.000000000e+00,5.000000000e+00,3.173180359e-16,-3.173180359e-16
4.165000000e-05,5.000000000e+00,5.000000000e+00,5.000000000e+00,2.096611959e-16,-2.096611959e-16
4.170000000e-05,5.000000000e+00,5.000000000e+00,5.000000000e+00,-2.256597153e-16,2.256597153e-16
4.175000000e-05,5.000000000e+00,5.000000000e+00,5.000000000e+00,-3.212749608e-16,3.212749608e-16
4.180000000e-05,5.000000000e+00,5.000000000e+00,5.000000000e+00,5.393160075e-17,-5.393160075e-17
4.185000000e-05,5.000000000e+00,5.000000000e+00,5.000000000e+00,3.334763559e-16,-3.334763559e-16
4.190000000e-05,5.000000000e+00,5.000000000e+00,5.000000000e+00,1.025442683e-16,-1.025442683e-16
4.195000000e-05,5.000000000e+00,5.000000000e+00,5.000000000e+00,-2.724958873e-16,2.724958873e-16
4.200000000e-05,5.000000000e+00,5.000000000e+00,5.000000000e+00,-2.222371952e-16,2.222371952e-16
4.205000000e-05,5.000000000e+00,5.000000000e+00,5.000000000e+00,1.648397110e-16,-1.648397110e-16
4.210000000e-05,5.000000000e+00,5.000000000e+00,5.000000000e+00,3.106980412e-16,-3.106980412e-16
4.215000000e-05,5.000000000e+00,5.000000000e+00,5.000000000e+00,-7.143668501e-18,7.143668501e-18
4.220000000e-05,5.000000000e+00,5.000000000e+00,5.000000000e+00,-2.969195223e-16,2.969195223e-16
4.225000000e-05,5.000000000e+00,5.000000000e+00,5.000000000e+00,-1.201295494e-16,1.201295494e-16
4.230000000e-05,5.000000000e+00,5.000000000e+00,5.000000000e+00,2.431241546e-16,-2.431241546e-16
4.235000000e-05,5.000000000e+00,5.000000000e+00,5.000000000e+00,2.441770829e-16,-2.441770829e-16
4.240000000e-05,5.000000000e+00,5.000000000e+00,5.000000000e+00,-1.328288228e-16,1.328288228e-16
4.245000000e-05,5.000000000e+00,5.000000000e+00,5.000000000e+00,-2.965542407e-16,2.965542407e-16
4.250000000e-05,5.000000000e+00,5.000000000e+00,5.000000000e+00,-1.351179339e-17,1.351179339e-17
4.255000000e-05,5.000000000e+00,5.000000000e+00,5.000000000e+00,3.001712740e-16,-3.001712740e-16
4.260000000e-05,5.000000000e+00,5.000000000e+00,5.000000000e+00,1.408142946e-16,-1.408142946e-16
4.265000000e-05,5.000000000e+00,5.000000000e+00,5.000000000e+00,-2.358446832e-16,2.358446832e-16
4.270000000e-05,5.000000000e+00,5.000000000e+00,5.000000000e+00,-2.345085442e-16,2.345085442e-16
4.275000000e-05,5.000000000e+00,5.000000000e+00,5.000000000e+00,1.334318053e-16,-1.334318053e-16
4.280000000e-05,5.000000000e+00,5.000000000e+00,5.000000000e+00,3.021764225e-16,-3.021764225e-16
4.285000000e-05,5.000000000e+00,5.000000000e+00,5.000000000e+00,1.166243850e-17,-1.166243850e-17
4.290000000e-05,5.000000000e+00,5.000000000e+00,5.000000000e+00,-2.960353574e-16,2.960353574e-16
4.295000000e-05,5.000000000e+00,5.000000000e+00,5.000000000e+00,-1.435644163e-16,1.435644163e-16
4.300000000e-05,5.000000000e+00,5.000000000e+00,5.000000000e+00,2.394346806e-16,-2.394346806e-16
4.305000000e-05,5.000000000e+00,5.000000000e+00,5.000000000e+00,2.764252380e-16,-2.764252380e-16
4.310000000e-05,5.000000000e+00,5.000000000e+00,5.000000000e+00,-9.982723751e-17,9.982723751e-17
4.315000000e-05,5.000000000e+00,5.000000000e+00,5.000000000e+00,-3.215509555e-16,3.215509555e-16
4.320000000e-05,5.000000000e+00,5.000000000e+00,5.000000000e+00,-4.211856634e-17,4.211856634e-17
4.325000000e-05,5.000000000e+00,5.000000000e+00,5.000000000e+00,3.173180359e-16,-3.173180359e-16
4.330000000e-05,5.000000000e+00,5.000000000e+00,5.000000000e+00,2.096611959e-16,-2.096611959e-16
4.335000000e-05,5.000000000e+00,5.000000000e+00,5.000000000e+00,-2.256597153e-16,2.256597153e-16
4.340000000e-05,5.000000000e+00,5.000000000e+00,5.000000000e+00,-3.212749608e-16,3.212749608e-16
4.345000000e-05,5.000000000e+00,5.000000000e+00,5.000000000e+00,5.393160075e-17,-5.393160075e-17
4.350000000e-05,5.000000000e+00,5.000000000e+00,5.000000000e+00,3.334763559e-16,-3.334763559e-16
4.355000000e-05,5.000000000e+00,5.000000000e+00,5.000000000e+00,1.025442683e-16,-1.025442683e-16
4.360000000e-05,5.000000000e+00,5.000000000e+00,5.000000000e+00,-2.724958873e-16,2.724958873e-16
4.365000000e-05,5.000000000e+00,5.000000000e+00,5.000000000e+00,-2.222371952e-16,2.222371952e-16
4.370000000e-05,5.000000000e+00,5.000000000e+00,5.000000000e+00,1.648397110e-16,-1.648397110e-16
4.375000000e-05,5.000000000e+00,5.000000000e+00,5.000000000e+00,3.106980412e-16,-3.106980412e-16
4.380000000e-05,5.000000000e+00,5.000000000e+00,5.000000000e+00,-7.143668501e-18,7.143668501e-18
4.385000000e-05,5.000000000e+00,5.000000000e+00,5.000000000e+00,-2.969195223e-16,2.969195223e-16
4.390000000e-05,5.000000000e+00,5.000000000e+00,5.000000000e+00,-1.201295494e-16,1.201295494e-16
4.395000000e-05,5.000000000e+00,5.000000000e+00,5.000000000e+00,2.431241546e-16,-2.431241546e-16
4.400000000e-05,5.000000000e+00,5.000000000e+00,5.000000000e+00,2.441770829e-16,-2.441770829e-16
4.405000000e-05,5.000000000e+00,5.000000000e+00,5.000000000e+00,-1.328288228e-16,1.328288228e-16
4.410000000e-05,5.000000000e+00,5.000000000e+00,5.000000000e+00,-2.965542407e-16,2.965542407e-16
4.415000000e-05,5.000000000e+00,5.000000000e+00,5.000000000e+00,-1.351179339e-17,1.351179339e-17
4.420000000e-05,5.000000000e+00,5.000000000e+00,5.000000000e+00,3.001712740e-16,-3.001712740e-16
4.425000000e-05,5.000000000e+00,5.000000000e+00,5.000000000e+00,1.408142946e-16,-1.408142946e-16
4.430000000e-05,5.000000000e+00,5.000000000e+00,5.000000000e+00,-2.358446832e-16,2.358446832e-16
4.435000000e-05,5.000000000e+00,5.000000000e+00,5.000000000e+00,-2.345085442e-16,2.345085442e-16
4.440000000e-05,5.000000000e+00,5.000000000e+00,5.000000000e+00,1.334318053e-16,-1.334318053e-16
4.445000000e-05,5.000000000e+00,5.000000000e+00,5.000000000e+00,3.021764225e-16,-3.021764225e-16
4.450000000e-05,5.000000000e+00,5.000000000e+00,5.000000000e+00,1.166243850e-17,-1.166243850e-17
4.455000000e-05,5.000000000e+00,5.000000000e+00,5.000000000e+00,-2.960353574e-16,2.960353574e-16
4.460000000e-05,5.000000000e+00,5.000000000e+00,5.000000000e+00,-1.435644163e-16,1.435644163e-16
4.465000000e-05,5.000000000e+00,5.000000000e+00,5.000000000e+00,2.394346806e-16,-2.394346806e-16
4.470000000e-05,5.000000000e+00,5.000000000e+00,5.000000000e+00,2.764252380e-16,-2.764252380e-16
4.475000000e-05,5.000000000e+00,5.000000000e+00,5.000000000e+00,-9.982723751e-17,9.982723751e-17
4.480000000e-05,5.000000000e+00,5.000000000e+00,5.000000000e+00,-3.215509555e-16,3.215509555e-16
4.485000000e-05,5.000000000e+00,5.000000000e+00,5.000000000e+00,-4.211856634e-17,4.211856634e-17
4.490000000e-05,5.000000000e+00,5.000000000e+00,5.000000000e+00,3.173180359e-16,-3.173180359e-16
4.495000000e-05,5.000000000e+00,5.000000000e+00,5.000000000e+00,2.096611959e-16,-2.096611959e-16
4.500000000e-05,5.000000000e+00,5.000000000e+00,5.000000000e+00,-2.256597153e-16,2.256597153e-16
4.505000000e-05,5.000000000e+00,5.000000000e+00,5.000000000e+00,-3.212749608e-16,3.212749608e-16
4.510000000e-05,5.000000000e+00,5.000000000e+00,5.000000000e+00,5.393160075e-17,-5.393160075e-17
4.515000000e-05,5.000000000e+00,5.000000000e+00,5.000000000e+00,3.334763559e-16,-3.334763559e-16
4.520000000e-05,5.000000000e+00,5.000000000e+00,5.000000000e+00,1.025442683e-16,-1.025442683e-16
4.525000000e-05,5.000000000e+00,5.000000000e+00,5.000000000e+00,-2.724958873e-16,2.724958873e-16
4.530000000e-05,5.000000000e+00,5.000000000e+00,5.000000000e+00,-2.222371952e-16,2.222371952e-16
4.535000000e-05,5.000000000e+00,5.000000000e+00,5.000000000e+00,1.648397110e-16,-1.648397110e-16
4.540000000e-05,5.000000000e+00,5.000000000e+00,5.000000000e+00,3.106980412e-16,-3.106980412e-16
4.545000000e-05,5.000000000e+00,5.000000000e+00,5.000000000e+00,-7.143668501e-18,7.143668501e-18
4.550000000e-05,5.000000000e+00,5.000000000e+00,5.000000000e+00,-2.969195223e-16,2.969195223e-16
4.555000000e-05,5.000000000e+00,5.000000000e+00,5.000000000e+00,-1.201295494e-16,1.201295494e-16
4.560000000e-05,5.000000000e+00,5.000000000e+00,5.000000000e+00,2.431241546e-16,-2.431241546e-16
4.565000000e-05,5.000000000e+00,5.000000000e+00,5.000000000e+00,2.441770829e-16,-2.441770829e-16
4.570000000e-05,5.000000000e+00,5.000000000e+00,5.000000000e+00,-1.328288228e-16,1.328288228e-16
4.575000000e-05,5.000000000e+00,5.000000000e+00,5.000000000e+00,-2.965542407e-16,2.965542407e-16
4.580000000e-05,5.000000000e+00,5.000000000e+00,5.000000000e+00,-1.351179339e-17,1.351179339e-17
4.585000000e-05,5.000000000e+00,5.000000000e+00,5.000000000e+00,3.001712740e-16,-3.001712740e-16
4.590000000e-05,5.000000000e+00,5.000000000e+00,5.000000000e+00,1.408142946e-16,-1.408142946e-16
4.595000000e-05,5.000000000e+00,5.000000000e+00,5.000000000e+00,-2.358446832e-16,2.358446832e-16
4.600000000e-05,5.000000000e+00,5.000000000e+00,5.000000000e+00,-2.345085442e-16,2.345085442e-16
4.605000000e-05,5.000000000e+00,5.000000000e+00,5.000000000e+00,1.334318053e-16,-1.334318053e-16
4.610000000e-05,5.000000000e+00,5.000000000e+00,5.000000000e+00,3.021764225e-16,-3.021764225e-16
4.615000000e-05,5.000000000e+00,5.000000000e+00,5.000000000e+00,1.166243850e-17,-1.166243850e-17
4.620000000e-05,5.000000000e+00,5.000000000e+00,5.000000000e+00,-2.960353574e-16,2.960353574e-16
4.625000000e-05,5.000000000e+00,5.000000000e+00,5.000000000e+00,-1.435644163e-16,1.435644163e-16
4.630000000e-05,5.000000000e+00,5.000000000e+00,5.000000000e+00,2.394346806e-16,-2.394346806e-16
4.635000000e-05,5.000000000e+00,5.000000000e+00,5.000000000e+00,2.764252380e-16,-2.764252380e-16
4.640000000e-05,5.000000000e+00,5.000000000e+00,5.000000000e+00,-9.982723751e-17,9.982723751e-17
4.645000000e-05,5.000000000e+00,5.000000000e+00,5.000000000e+00,-3.215509555e-16,3.215509555e-16
4.650000000e-05,5.000000000e+00,5.000000000e+00,5.000000000e+00,-4.211856634e-17,4.211856634e-17
4.655000000e-05,5.000000000e+00,5.000000000e+00,5.000000000e+00,3.173180359e-16,-3.173180359e-16
4.660000000e-05,5.000000000e+00,5.000000000e+00,5.000000000e+00,2.096611959e-16,-2.096611959e-16
4.665000000e-05,5.000000000e+00,5.000000000e+00,5.000000000e+00,-2.256597153e-16,2.256597153e-16
4.670000000e-05,5.000000000e+00,5.000000000e+00,5.000000000e+00,-3.212749608e-16,3.212749608e-16
4.675000000e-05,5.000000000e+00,5.000000000e+00,5.000000000e+00,5.393160075e-17,-5.393160075e-17
4.680000000e-05,5.000000000e+00,5.000000000e+00,5.000000000e+00,3.334763559e-16,-3.334763559e-16
4.685000000e-05,5.000000000e+00,5.000000000e+00,5.000000000e+00,1.025442683e-16,-1.025442683e-16
4.690000000e-05,5.000000000e+00,5.000000000e+00,5.000000000e+00,-2.724958873e-16,2.724958873e-16
4.695000000e-05,5.000000000e+00,5.000000000e+00,5.000000000e+00,-2.222371952e-16,2.222371952e-16
4.700000000e-05,5.000000000e+00,5.000000000e+00,5.000000000e+00,1.648397110e-16,-1.648397110e-16
4.705000000e-05,5.000000000e+00,5.000000000e+00,5.000000000e+00,3.106980412e-16,-3.106980412e-16
4.710000000e-05,5.000000000e+00,5.000000000e+00,5.000000000e+00,-7.143668501e-18,7.143668501e-18
4.715000000e-05,5.000000000e+00,5.000000000e+00,5.000000000e+00,-2.969195223e-16,2.969195223e-16
4.720000000e-05,5.000000000e+00,5.000000000e+00,5.000000000e+00,-1.201295494e-16,1.201295494e-16
4.725000000e-05,5.000000000e+00,5.000000000e+00,5.000000000e+00,2.431241546e-16,-2.431241546e-16
4.730000000e-05,5.000000000e+00,5.000000000e+00,5.000000000e+00,2.441770829e-16,-2.441770829e-16
4.735000000e-05,5.000000000e+00,5.000000000e+00,5.000000000e+00,-1.328288228e-16,1.328288228e-16
4.740000000e-05,5.000000000e+00,5.000000000e+00,5.000000000e+00,-2.965542407e-16,2.965542407e-16
4.745000000e-05,5.000000000e+00,5.000000000e+00,5.000000000e+00,-1.351179339e-17,1.351179339e-17
4.750000000e-05,5.000000000e+00,5.000000000e+00,5.000000000e+00,3.001712740e-16,-3.001712740e-16
4.755000000e-05,5.000000000e+00,5.000000000e+00,5.000000000e+00,1.408142946e-16,-1.408142946e-16
4.760000000e-05,5.000000000e+00,5.000000000e+00,5.000000000e+00,-2.358446832e-16,2.358446832e-16
4.765000000e-05,5.000000000e+00,5.000000000e+00,5.000000000e+00,-2.345085442e-16,2.345085442e-16
4.770000000e-05,5.000000000e+00,5.000000000e+00,5.000000000e+00,1.334318053e-16,-1.334318053e-16
4.775000000e-05,5.000000000e+00,5.000000000e+00,5.000000000e+00,3.021764225e-16,-3.021764225e-16
4.780000000e-05,5.000000000e+00,5.000000000e+00,5.000000000e+00,1.166243850e-17,-1.166243850e-17
4.785000000e-05,5.000000000e+00,5.000000000e+00,5.000000000e+00,-2.960353574e-16,2.960353574e-16
4.790000000e-05,5.000000000e+00,5.000000000e+00,5.000000000e+00,-1.435644163e-16,1.435644163e-16
4.795000000e-05,5.000000000e+00,5.000000000e+00,5.000000000e+00,2.394346806e-16,-2.394346806e-16
4.800000000e-05,5.000000000e+00,5.000000000e+00,5.000000000e+00,2.764252380e-16,-2.764252380e-16
4.805000000e-05,5.000000000e+00,5.000000000e+00,5.000000000e+00,-9.982723751e-17,9.982723751e-17
4.810000000e-05,5.000000000e+00,5.000000000e+00,5.000000000e+00,-3.215509555e-16,3.215509555e-16
4.815000000e-05,5.000000000e+00,5.000000000e+00,5.000000000e+00,-4.211856634e-17,4.211856634e-17
4.820000000e-05,5.000000000e+00,5.000000000e+00,5.000000000e+00,3.173180359e-16,-3.173180359e-16
4.825000000e-05,5.000000000e+00,5.000000000e+00,5.000000000e+00,2.096611959e-16,-2.096611959e-16
4.830000000e-05,5.000000000e+00,5.000000000e+00,5.000000000e+00,-2.256597153e-16,2.256597153e-16
4.835000000e-05,5.000000000e+00,5.000000000e+00,5.000000000e+00,-3.212749608e-16,3.212749608e-16
4.840000000e-05,5.000000000e+00,5.000000000e+00,5.000000000e+00,5.393160075e-17,-5.393160075e-17
4.845000000e-05,5.000000000e+00,5.000000000e+00,5.000000000e+00,3.334763559e-16,-3.334763559e-16
4.850000000e-05,5.000000000e+00,5.000000000e+00,5.000000000e+00,1.025442683e-16,-1.025442683e-16
4.855000000e-05,5.000000000e+00,5.000000000e+00,5.000000000e+00,-2.724958873e-16,2.724958873e-16
4.860000000e-05,5.000000000e+00,5.000000000e+00,5.000000000e+00,-2.222371952e-16,2.222371952e-16
4.865000000e-05,5.000000000e+00,5.000000000e+00,5.000000000e+00,1.648397110e-16,-1.648397110e-16
4.870000000e-05,5.000000000e+00,5.000000000e+00,5.000000000e+00,3.106980412e-16,-3.106980412e-16
4.875000000e-05,5.000000000e+00,5.000000000e+00,5.000000000e+00,-7.143668501e-18,7.143668501e-18
4.880000000e-05,5.000000000e+00,5.000000000e+00,5.000000000e+00,-2.969195223e-16,2.969195223e-16
4.885000000e-05,5.000000000e+00,5.000000000e+00,5.000000000e+00,-1.201295494e-16,1.201295494e-16
4.890000000e-05,5.000000000e+00,5.000000000e+00,5.000000000e+00,2.431241546e-16,-2.431241546e-16
4.895000000e-05,5.000000000e+00,5.000000000e+00,5.000000000e+00,2.441770829e-16,-2.441770829e-16
4.900000000e-05,5.000000000e+00,5.000000000e+00,5.000000000e+00,-1.328288228e-16,1.328288228e-16
4.905000000e-05,5.000000000e+00,5.000000000e+00,5.000000000e+00,-2.965542407e-16,2.965542407e-16
4.910000000e-05,5.000000000e+00,5.000000000e+00,5.000000000e+00,-1.351179339e-17,1.351179339e-17
4.915000000e-05,5.000000000e+00,5.000000000e+00,5.000000000e+00,3.001712740e-16,-3.001712740e-16
4.920000000e-05,5.000000000e+00,5.000000000e+00,5.000000000e+00,1.408142946e-16,-1.408142946e-16
4.925000000e-05,5.000000000e+00,5.000000000e+00,5.000000000e+00,-2.358446832e-16,2.358446832e-16
4.930000000e-05,5.000000000e+00,5.000000000e+00,5.000000000e+00,-2.345085442e-16,2.345085442e-16
4.935000000e-05,5.000000000e+00,5.000000000e+00,5.000000000e+00,1.334318053e-16,-1.334318053e-16
4.940000000e-05,5.000000000e+00,5.000000000e+00,5.000000000e+00,3.021764225e-16,-3.021764225e-16
4.945000000e-05,5.000000000e+00,5.000000000e+00,5.000000000e+00,1.166243850e-17,-1.166243850e-17
4.950000000e-05,5.000000000e+00,5.000000000e+00,5.000000000e+00,-2.960353574e-16,2.960353574e-16
4.955000000e-05,5.000000000e+00,5.000000000e+00,5.000000000e+00,-1.435644163e-16,1.435644163e-16
4.960000000e-05,5.000000000e+00,5.000000000e+00,5.000000000e+00,2.394346806e-16,-2.394346806e-16
4.965000000e-05,5.000000000e+00,5.000000000e+00,5.000000000e+00,2.764252380e-16,-2.764252380e-16
4.970000000e-05,5.000000000e+00,5.000000000e+00,5.000000000e+00,-9.982723751e-17,9.982723751e-17
4.975000000e-05,5.000000000e+00,5.000000000e+00,5.000000000e+00,-3.215509555e-16,3.215509555e-16
4.980000000e-05,5.000000000e+00,5.000000000e+00,5.000000000e+00,-4.211856634e-17,4.211856634e-17
4.985000000e-05,5.000000000e+00,5.000000000e+00,5.000000000e+00,3.173180359e-16,-3.173180359e-16
4.990000000e-05,5.000000000e+00,5.000000000e+00,5.000000000e+00,2.096611959e-16,-2.096611959e-16
4.995000000e-05,5.000000000e+00,5.000000000e+00,5.000000000e+00,-2.256597153e-16,2.256597153e-16
5.000000000e-05,5.000000000e+00,5.000000000e+00,5.000000000e+00,-3.265316986e-16,3.265316986e-16
