time,V(in),V(mid),V(out),I(Vp)
0.000000000e+00,0.000000000e+00,0.000000000e+00,0.000000000e+00,-0.000000000e+00
5.000000000e-06,5.000000000e+00,1.191167926e-01,2.905287623e-03,-4.880883207e-03
1.000000000e-05,5.000000000e+00,3.462728080e-01,1.411453214e-02,-4.653727192e-03
1.500000000e-05,5.000000000e+00,5.525673854e-01,3.534894993e-02,-4.447432615e-03
2.000000000e-05,5.000000000e+00,7.404302556e-01,6.516113874e-02,-4.259569744e-03
2.500000000e-05,5.000000000e+00,9.119951537e-01,1.022856054e-01,-4.088004846e-03
3.000000000e-05,5.000000000e+00,1.069136138e+00,1.456163390e-01,-3.930863862e-03
3.500000000e-05,5.000000000e+00,1.213499446e+00,1.941871416e-01,-3.786500554e-03
4.000000000e-05,5.000000000e+00,1.346531439e+00,2.471543758e-01,-3.653468561e-03
4.500000000e-05,5.000000000e+00,1.469503117e+00,3.037818344e-01,-3.530496883e-03
5.000000000e-05,5.000000000e+00,1.583531613e+00,3.634274701e-01,-3.416468387e-03
5.500000000e-05,5.000000000e+00,1.689599060e+00,4.255317562e-01,-3.310400940e-03
6.000000000e-05,5.000000000e+00,1.788569131e+00,4.896074801e-01,-3.211430869e-03
6.500000000e-05,5.000000000e+00,1.881201554e+00,5.552307905e-01,-3.118798446e-03
7.000000000e-05,5.000000000e+00,1.968164838e+00,6.220333468e-01,-3.031835162e-03
7.500000000e-05,5.000000000e+00,2.050047443e+00,6.896954343e-01,-2.949952557e-03
8.000000000e-05,5.000000000e+00,2.127367576e+00,7.579399258e-01,-2.872632424e-03
8.500000000e-05,5.000000000e+00,2.200581781e+00,8.265269869e-01,-2.799418219e-03
9.000000000e-05,5.000000000e+00,2.270092479e+00,8.952494329e-01,-2.729907521e-03
9.500000000e-05,5.000000000e+00,2.336254578e+00,9.639286571e-01,-2.663745422e-03
1.000000000e-04,5.000000000e+00,2.399381278e+00,1.032411061e+00,-2.600618722e-03
1.050000000e-04,5.000000000e+00,2.459749156e+00,1.100564922e+00,-2.540250844e-03
1.100000000e-04,5.000000000e+00,2.517602631e+00,1.168277652e+00,-2.482397369e-03
1.150000000e-04,5.000000000e+00,2.573157881e+00,1.235453389e+00,-2.426842119e-03
1.200000000e-04,5.000000000e+00,2.626606280e+00,1.302010886e+00,-2.373393720e-03
1.250000000e-04,5.000000000e+00,2.678117409e+00,1.367881665e+00,-2.321882591e-03
1.300000000e-04,5.000000000e+00,2.727841705e+00,1.433008391e+00,-2.272158295e-03
1.350000000e-04,5.000000000e+00,2.775912777e+00,1.497343457e+00,-2.224087223e-03
1.400000000e-04,5.000000000e+00,2.822449446e+00,1.560847733e+00,-2.177550554e-03
1.450000000e-04,5.000000000e+00,2.867557527e+00,1.623489477e+00,-2.132442473e-03
1.500000000e-04,5.000000000e+00,2.911331402e+00,1.685243379e+00,-2.088668598e-03
1.550000000e-04,5.000000000e+00,2.953855390e+00,1.746089721e+00,-2.046144610e-03
1.600000000e-04,5.000000000e+00,2.995204957e+00,1.806013646e+00,-2.004795043e-03
1.650000000e-04,5.000000000e+00,3.035447774e+00,1.865004510e+00,-1.964552226e-03
1.700000000e-04,5.000000000e+00,3.074644649e+00,1.923055325e+00,-1.925355351e-03
1.750000000e-04,5.000000000e+00,3.112850339e+00,1.980162260e+00,-1.887149661e-03
1.800000000e-04,5.000000000e+00,3.150114271e+00,2.036324213e+00,-1.849885729e-03
1.850000000e-04,5.000000000e+00,3.186481165e+00,2.091542433e+00,-1.813518835e-03
1.900000000e-04,5.000000000e+00,3.221991593e+00,2.145820186e+00,-1.778008407e-03
1.950000000e-04,5.000000000e+00,3.256682457e+00,2.199162471e+00,-1.743317543e-03
2.000000000e-04,5.000000000e+00,3.290587419e+00,2.251575762e+00,-1.709412581e-03
2.050000000e-04,5.000000000e+00,3.323737273e+00,2.303067791e+00,-1.676262727e-03
2.100000000e-04,5.000000000e+00,3.356160274e+00,2.353647351e+00,-1.643839726e-03
2.150000000e-04,5.000000000e+00,3.387882426e+00,2.403324131e+00,-1.612117574e-03
2.200000000e-04,5.000000000e+00,3.418927735e+00,2.452108568e+00,-1.581072265e-03
2.250000000e-04,5.000000000e+00,3.449318434e+00,2.500011715e+00,-1.550681566e-03
2.300000000e-04,5.000000000e+00,3.479075175e+00,2.547045134e+00,-1.520924825e-03
2.350000000e-04,5.000000000e+00,3.508217204e+00,2.593220795e+00,-1.491782796e-03
2.400000000e-04,5.000000000e+00,3.536762513e+00,2.638550993e+00,-1.463237487e-03
2.450000000e-04,5.000000000e+00,3.564727970e+00,2.683048274e+00,-1.435272030e-03
2.500000000e-04,5.000000000e+00,3.592129441e+00,2.726725368e+00,-1.407870559e-03
2.550000000e-04,5.000000000e+00,3.618981887e+00,2.769595139e+00,-1.381018113e-03
2.600000000e-04,5.000000000e+00,3.645299462e+00,2.811670531e+00,-1.354700538e-03
2.650000000e-04,5.000000000e+00,3.671095586e+00,2.852964530e+00,-1.328904414e-03
2.700000000e-04,5.000000000e+00,3.696383022e+00,2.893490129e+00,-1.303616978e-03
2.750000000e-04,5.000000000e+00,3.721173935e+00,2.933260292e+00,-1.278826065e-03
2.800000000e-04,5.000000000e+00,3.745479946e+00,2.972287934e+00,-1.254520054e-03
2.850000000e-04,5.000000000e+00,3.769312185e+00,3.010585891e+00,-1.230687815e-03
2.900000000e-04,5.000000000e+00,3.792681329e+00,3.048166909e+00,-1.207318671e-03
2.950000000e-04,5.000000000e+00,3.815597644e+00,3.085043620e+00,-1.184402356e-03
3.000000000e-04,5.000000000e+00,3.838071015e+00,3.121228533e+00,-1.161928985e-03
3.050000000e-04,5.000000000e+00,3.860110979e+00,3.156734019e+00,-1.139889021e-03
3.100000000e-04,5.000000000e+00,3.881726751e+00,3.191572304e+00,-1.118273249e-03
3.150000000e-04,5.000000000e+00,3.902927245e+00,3.225755460e+00,-1.097072755e-03
3.200000000e-04,5.000000000e+00,3.923721099e+00,3.259295397e+00,-1.076278901e-03
3.250000000e-04,5.000000000e+00,3.944116691e+00,3.292203860e+00,-1.055883309e-03
3.300000000e-04,5.000000000e+00,3.964122156e+00,3.324492424e+00,-1.035877844e-03
3.350000000e-04,5.000000000e+00,3.983745401e+00,3.356172491e+00,-1.016254599e-03
3.400000000e-04,5.000000000e+00,4.002994119e+00,3.387255284e+00,-9.970058807e-04
3.450000000e-04,5.000000000e+00,4.021875802e+00,3.417751854e+00,-9.781241983e-04
3.500000000e-04,5.000000000e+00,4.040397747e+00,3.447673069e+00,-9.596022527e-04
3.550000000e-04,5.000000000e+00,4.058567074e+00,3.477029623e+00,-9.414329265e-04
3.600000000e-04,5.000000000e+00,4.076390725e+00,3.505832026e+00,-9.236092751e-04
3.650000000e-04,5.000000000e+00,4.093875481e+00,3.534090615e+00,-9.061245194e-04
3.700000000e-04,5.000000000e+00,4.111027963e+00,3.561815547e+00,-8.889720375e-04
3.750000000e-04,5.000000000e+00,4.127854641e+00,3.589016804e+00,-8.721453589e-04
3.800000000e-04,5.000000000e+00,4.144361842e+00,3.615704191e+00,-8.556381581e-04
3.850000000e-04,5.000000000e+00,4.160555751e+00,3.641887342e+00,-8.394442494e-04
3.900000000e-04,5.000000000e+00,4.176442419e+00,3.667575720e+00,-8.235575813e-04
3.950000000e-04,5.000000000e+00,4.192027768e+00,3.692778616e+00,-8.079722322e-04
4.000000000e-04,5.000000000e+00,4.207317594e+00,3.717505156e+00,-7.926824060e-04
4.050000000e-04,5.000000000e+00,4.222317572e+00,3.741764299e+00,-7.776824279e-04
4.100000000e-04,5.000000000e+00,4.237033259e+00,3.765564841e+00,-7.629667410e-04
4.150000000e-04,5.000000000e+00,4.251470098e+00,3.788915419e+00,-7.485299023e-04
4.200000000e-04,5.000000000e+00,4.265633420e+00,3.811824508e+00,-7.343665800e-04
4.250000000e-04,5.000000000e+00,4.279528450e+00,3.834300432e+00,-7.204715500e-04
4.300000000e-04,5.000000000e+00,4.293160307e+00,3.856351356e+00,-7.068396932e-04
4.350000000e-04,5.000000000e+00,4.306534007e+00,3.877985297e+00,-6.934659926e-04
4.400000000e-04,5.000000000e+00,4.319654469e+00,3.899210124e+00,-6.803455309e-04
4.450000000e-04,5.000000000e+00,4.332526512e+00,3.920033556e+00,-6.674734879e-04
4.500000000e-04,5.000000000e+00,4.345154862e+00,3.940463172e+00,-6.548451384e-04
4.550000000e-04,5.000000000e+00,4.357544151e+00,3.960506408e+00,-6.424558495e-04
4.600000000e-04,5.000000000e+00,4.369698921e+00,3.980170561e+00,-6.303010789e-04
4.650000000e-04,5.000000000e+00,4.381623627e+00,3.999462791e+00,-6.183763725e-04
4.700000000e-04,5.000000000e+00,4.393322637e+00,4.018390124e+00,-6.066773629e-04
4.750000000e-04,5.000000000e+00,4.404800233e+00,4.036959457e+00,-5.951997668e-04
4.800000000e-04,5.000000000e+00,4.416060616e+00,4.055177553e+00,-5.839393841e-04
4.850000000e-04,5.000000000e+00,4.427107905e+00,4.073051051e+00,-5.728920950e-04
4.900000000e-04,5.000000000e+00,4.437946141e+00,4.090586464e+00,-5.620538594e-04
4.950000000e-04,5.000000000e+00,4.448579285e+00,4.107790183e+00,-5.514207146e-04
5.000000000e-04,5.000000000e+00,4.459011226e+00,4.124668480e+00,-5.409887736e-04
5.050000000e-04,5.000000000e+00,4.469245776e+00,4.141227505e+00,-5.307542241e-04
5.100000000e-04,5.000000000e+00,4.479286673e+00,4.157473296e+00,-5.207133265e-04
5.150000000e-04,5.000000000e+00,4.489137587e+00,4.173411776e+00,-5.108624128e-04
5.200000000e-04,5.000000000e+00,4.498802115e+00,4.189048755e+00,-5.011978846e-04
5.250000000e-04,5.000000000e+00,4.508283788e+00,4.204389936e+00,-4.917162125e-04
5.300000000e-04,5.000000000e+00,4.517586066e+00,4.219440911e+00,-4.824139340e-04
5.350000000e-04,5.000000000e+00,4.526712347e+00,4.234207169e+00,-4.732876527e-04
5.400000000e-04,5.000000000e+00,4.535665963e+00,4.248694095e+00,-4.643340366e-04
5.450000000e-04,5.000000000e+00,4.544450183e+00,4.262906972e+00,-4.555498172e-04
5.500000000e-04,5.000000000e+00,4.553068212e+00,4.276850983e+00,-4.469317881e-04
5.550000000e-04,5.000000000e+00,4.561523196e+00,4.290531213e+00,-4.384768036e-04
5.600000000e-04,5.000000000e+00,4.569818222e+00,4.303952652e+00,-4.301817779e-04
5.650000000e-04,5.000000000e+00,4.577956316e+00,4.317120195e+00,-4.220436836e-04
5.700000000e-04,5.000000000e+00,4.585940449e+00,4.330038643e+00,-4.140595510e-04
5.750000000e-04,5.000000000e+00,4.593773534e+00,4.342712709e+00,-4.062264663e-04
5.800000000e-04,5.000000000e+00,4.601458429e+00,4.355147015e+00,-3.985415714e-04
5.850000000e-04,5.000000000e+00,4.608997938e+00,4.367346096e+00,-3.910020619e-04
5.900000000e-04,5.000000000e+00,4.616394813e+00,4.379314402e+00,-3.836051870e-04
5.950000000e-04,5.000000000e+00,4.623651752e+00,4.391056299e+00,-3.763482478e-04
6.000000000e-04,5.000000000e+00,4.630771404e+00,4.402576069e+00,-3.692285964e-04
6.050000000e-04,5.000000000e+00,4.637756365e+00,4.413877913e+00,-3.622436352e-04
6.100000000e-04,5.000000000e+00,4.644609184e+00,4.424965955e+00,-3.553908160e-04
6.150000000e-04,5.000000000e+00,4.651332362e+00,4.435844239e+00,-3.486676384e-04
6.200000000e-04,5.000000000e+00,4.657928350e+00,4.446516733e+00,-3.420716497e-04
6.250000000e-04,5.000000000e+00,4.664399556e+00,4.456987329e+00,-3.356004435e-04
6.300000000e-04,5.000000000e+00,4.670748341e+00,4.467259847e+00,-3.292516590e-04
6.350000000e-04,5.000000000e+00,4.676977020e+00,4.477338034e+00,-3.230229800e-04
6.400000000e-04,5.000000000e+00,4.683087866e+00,4.487225566e+00,-3.169121343e-04
6.450000000e-04,5.000000000e+00,4.689083107e+00,4.496926050e+00,-3.109168926e-04
6.500000000e-04,5.000000000e+00,4.694964932e+00,4.506443024e+00,-3.050350677e-04
6.550000000e-04,5.000000000e+00,4.700735486e+00,4.515779960e+00,-2.992645140e-04
6.600000000e-04,5.000000000e+00,4.706396874e+00,4.524940263e+00,-2.936031264e-04
6.650000000e-04,5.000000000e+00,4.711951160e+00,4.533927276e+00,-2.880488397e-04
6.700000000e-04,5.000000000e+00,4.717400372e+00,4.542744275e+00,-2.825996275e-04
6.750000000e-04,5.000000000e+00,4.722746498e+00,4.551394478e+00,-2.772535022e-04
6.800000000e-04,5.000000000e+00,4.727991487e+00,4.559881040e+00,-2.720085135e-04
6.850000000e-04,5.000000000e+00,4.733137252e+00,4.568207056e+00,-2.668627480e-04
6.900000000e-04,5.000000000e+00,4.738185671e+00,4.576375563e+00,-2.618143287e-04
6.950000000e-04,5.000000000e+00,4.743138586e+00,4.584389542e+00,-2.568614139e-04
7.000000000e-04,5.000000000e+00,4.747997803e+00,4.592251916e+00,-2.520021969e-04
7.050000000e-04,5.000000000e+00,4.752765095e+00,4.599965551e+00,-2.472349052e-04
7.100000000e-04,5.000000000e+00,4.757442200e+00,4.607533263e+00,-2.425577996e-04
7.150000000e-04,5.000000000e+00,4.762030826e+00,4.614957812e+00,-2.379691740e-04
7.200000000e-04,5.000000000e+00,4.766532645e+00,4.622241906e+00,-2.334673546e-04
7.250000000e-04,5.000000000e+00,4.770949301e+00,4.629388202e+00,-2.290506992e-04
7.300000000e-04,5.000000000e+00,4.775282403e+00,4.636399307e+00,-2.247175967e-04
7.350000000e-04,5.000000000e+00,4.779533534e+00,4.643277778e+00,-2.204664664e-04
7.400000000e-04,5.000000000e+00,4.783704242e+00,4.650026125e+00,-2.162957577e-04
7.450000000e-04,5.000000000e+00,4.787796051e+00,4.656646809e+00,-2.122039490e-04
7.500000000e-04,5.000000000e+00,4.791810452e+00,4.663142245e+00,-2.081895478e-04
7.550000000e-04,5.000000000e+00,4.795748910e+00,4.669514803e+00,-2.042510897e-04
7.600000000e-04,5.000000000e+00,4.799612862e+00,4.675766807e+00,-2.003871381e-04
7.650000000e-04,5.000000000e+00,4.803403717e+00,4.681900538e+00,-1.965962834e-04
7.700000000e-04,5.000000000e+00,4.807122857e+00,4.687918233e+00,-1.928771428e-04
7.750000000e-04,5.000000000e+00,4.810771640e+00,4.693822087e+00,-1.892283597e-04
7.800000000e-04,5.000000000e+00,4.814351397e+00,4.699614255e+00,-1.856486030e-04
7.850000000e-04,5.000000000e+00,4.817863433e+00,4.705296848e+00,-1.821365669e-04
7.900000000e-04,5.000000000e+00,4.821309030e+00,4.710871940e+00,-1.786909704e-04
7.950000000e-04,5.000000000e+00,4.824689444e+00,4.716341564e+00,-1.753105564e-04
8.000000000e-04,5.000000000e+00,4.828005908e+00,4.721707716e+00,-1.719940920e-04
8.050000000e-04,5.000000000e+00,4.831259633e+00,4.726972353e+00,-1.687403673e-04
8.100000000e-04,5.000000000e+00,4.834451804e+00,4.732137395e+00,-1.655481955e-04
8.150000000e-04,5.000000000e+00,4.837583588e+00,4.737204727e+00,-1.624164121e-04
8.200000000e-04,5.000000000e+00,4.840656125e+00,4.742176196e+00,-1.593438747e-04
8.250000000e-04,5.000000000e+00,4.843670538e+00,4.747053618e+00,-1.563294625e-04
8.300000000e-04,5.000000000e+00,4.846627924e+00,4.751838769e+00,-1.533720759e-04
8.350000000e-04,5.000000000e+00,4.849529364e+00,4.756533398e+00,-1.504706361e-04
8.400000000e-04,5.000000000e+00,4.852375915e+00,4.761139214e+00,-1.476240848e-04
8.450000000e-04,5.000000000e+00,4.855168616e+00,4.765657900e+00,-1.448313835e-04
8.500000000e-04,5.000000000e+00,4.857908486e+00,4.770091102e+00,-1.420915136e-04
8.550000000e-04,5.000000000e+00,4.860596524e+00,4.774440439e+00,-1.394034756e-04
8.600000000e-04,5.000000000e+00,4.863233711e+00,4.778707496e+00,-1.367662890e-04
8.650000000e-04,5.000000000e+00,4.865821008e+00,4.782893831e+00,-1.341789918e-04
8.700000000e-04,5.000000000e+00,4.868359360e+00,4.787000970e+00,-1.316406401e-04
8.750000000e-04,5.000000000e+00,4.870849692e+00,4.791030412e+00,-1.291503082e-04
8.800000000e-04,5.000000000e+00,4.873292913e+00,4.794983626e+00,-1.267070874e-04
8.850000000e-04,5.000000000e+00,4.875689913e+00,4.798862055e+00,-1.243100867e-04
8.900000000e-04,5.000000000e+00,4.878041568e+00,4.802667113e+00,-1.219584316e-04
8.950000000e-04,5.000000000e+00,4.880348736e+00,4.806400188e+00,-1.196512643e-04
9.000000000e-04,5.000000000e+00,4.882612257e+00,4.810062642e+00,-1.173877432e-04
9.050000000e-04,5.000000000e+00,4.884832957e+00,4.813655811e+00,-1.151670426e-04
9.100000000e-04,5.000000000e+00,4.887011648e+00,4.817181006e+00,-1.129883524e-04
9.150000000e-04,5.000000000e+00,4.889149122e+00,4.820639512e+00,-1.108508779e-04
9.200000000e-04,5.000000000e+00,4.891246161e+00,4.824032591e+00,-1.087538395e-04
9.250000000e-04,5.000000000e+00,4.893303528e+00,4.827361482e+00,-1.066964721e-04
9.300000000e-04,5.000000000e+00,4.895321975e+00,4.830627397e+00,-1.046780252e-04
9.350000000e-04,5.000000000e+00,4.897302237e+00,4.833831530e+00,-1.026977627e-04
9.400000000e-04,5.000000000e+00,4.899245038e+00,4.836975047e+00,-1.007549620e-04
9.450000000e-04,5.000000000e+00,4.901151085e+00,4.840059096e+00,-9.884891460e-05
9.500000000e-04,5.000000000e+00,4.903021075e+00,4.843084803e+00,-9.697892513e-05
9.550000000e-04,5.000000000e+00,4.904855689e+00,4.846053270e+00,-9.514431147e-05
9.600000000e-04,5.000000000e+00,4.906655596e+00,4.848965581e+00,-9.334440439e-05
9.650000000e-04,5.000000000e+00,4.908421453e+00,4.851822798e+00,-9.157854733e-05
9.700000000e-04,5.000000000e+00,4.910153904e+00,4.854625963e+00,-8.984609614e-05
9.750000000e-04,5.000000000e+00,4.911853581e+00,4.857376098e+00,-8.814641887e-05
9.800000000e-04,5.000000000e+00,4.913521105e+00,4.860074208e+00,-8.647889550e-05
9.850000000e-04,5.000000000e+00,4.915157082e+00,4.862721275e+00,-8.484291776e-05
9.900000000e-04,5.000000000e+00,4.916762111e+00,4.865318267e+00,-8.323788887e-05
9.950000000e-04,5.000000000e+00,4.918336777e+00,4.867866129e+00,-8.166322337e-05
1.000000000e-03,5.000000000e+00,4.919881653e+00,4.870365792e+00,-8.011834684e-05
1.005000000e-03,5.000000000e+00,4.921397304e+00,4.872818167e+00,-7.860269575e-05
1.010000000e-03,5.000000000e+00,4.922884283e+00,4.875224148e+00,-7.711571722e-05
1.015000000e-03,5.000000000e+00,4.924343131e+00,4.877584615e+00,-7.565686884e-05
1.020000000e-03,5.000000000e+00,4.925774382e+00,4.879900427e+00,-7.422561845e-05
1.025000000e-03,5.000000000e+00,4.927178556e+00,4.882172429e+00,-7.282144395e-05
1.030000000e-03,5.000000000e+00,4.928556167e+00,4.884401450e+00,-7.144383314e-05
1.035000000e-03,5.000000000e+00,4.929907717e+00,4.886588303e+00,-7.009228349e-05
1.040000000e-03,5.000000000e+00,4.931233698e+00,4.888733786e+00,-6.876630199e-05
1.045000000e-03,5.000000000e+00,4.932534595e+00,4.890838682e+00,-6.746540494e-05
1.050000000e-03,5.000000000e+00,4.933810882e+00,4.892903758e+00,-6.618911782e-05
1.055000000e-03,5.000000000e+00,4.935063025e+00,4.894929767e+00,-6.493697505e-05
1.060000000e-03,5.000000000e+00,4.936291480e+00,4.896917449e+00,-6.370851989e-05
1.065000000e-03,5.000000000e+00,4.937496696e+00,4.898867529e+00,-6.250330421e-05
1.070000000e-03,5.000000000e+00,4.938679112e+00,4.900780718e+00,-6.132088839e-05
1.075000000e-03,5.000000000e+00,4.939839159e+00,4.902657714e+00,-6.016084110e-05
1.080000000e-03,5.000000000e+00,4.940977261e+00,4.904499202e+00,-5.902273918e-05
1.085000000e-03,5.000000000e+00,4.942093833e+00,4.906305853e+00,-5.790616748e-05
1.090000000e-03,5.000000000e+00,4.943189281e+00,4.908078326e+00,-5.681071869e-05
1.095000000e-03,5.000000000e+00,4.944264007e+00,4.909817269e+00,-5.573599323e-05
1.100000000e-03,5.000000000e+00,4.945318401e+00,4.911523314e+00,-5.468159904e-05
1.105000000e-03,5.000000000e+00,4.946352848e+00,4.913197085e+00,-5.364715152e-05
1.110000000e-03,5.000000000e+00,4.947367727e+00,4.914839193e+00,-5.263227332e-05
1.115000000e-03,5.000000000e+00,4.948363406e+00,4.916450235e+00,-5.163659424e-05
1.120000000e-03,5.000000000e+00,4.949340249e+00,4.918030801e+00,-5.065975106e-05
1.125000000e-03,5.000000000e+00,4.950298613e+00,4.919581466e+00,-4.970138747e-05
1.130000000e-03,5.000000000e+00,4.951238846e+00,4.921102796e+00,-4.876115387e-05
1.135000000e-03,5.000000000e+00,4.952161293e+00,4.922595346e+00,-4.783870727e-05
1.140000000e-03,5.000000000e+00,4.953066289e+00,4.924059660e+00,-4.693371121e-05
1.145000000e-03,5.000000000e+00,4.953954164e+00,4.925496273e+00,-4.604583554e-05
1.150000000e-03,5.000000000e+00,4.954825244e+00,4.926905709e+00,-4.517475640e-05
1.155000000e-03,5.000000000e+00,4.955679844e+00,4.928288481e+00,-4.432015603e-05
1.160000000e-03,5.000000000e+00,4.956518277e+00,4.929645095e+00,-4.348172270e-05
1.165000000e-03,5.000000000e+00,4.957340849e+00,4.930976044e+00,-4.265915055e-05
1.170000000e-03,5.000000000e+00,4.958147860e+00,4.932281816e+00,-4.185213954e-05
1.175000000e-03,5.000000000e+00,4.958939605e+00,4.933562885e+00,-4.106039529e-05
1.180000000e-03,5.000000000e+00,4.959716371e+00,4.934819719e+00,-4.028362898e-05
1.185000000e-03,5.000000000e+00,4.960478443e+00,4.936052777e+00,-3.952155726e-05
1.190000000e-03,5.000000000e+00,4.961226098e+00,4.937262508e+00,-3.877390215e-05
1.195000000e-03,5.000000000e+00,4.961959609e+00,4.938449355e+00,-3.804039092e-05
1.200000000e-03,5.000000000e+00,4.962679244e+00,4.939613748e+00,-3.732075601e-05
1.205000000e-03,5.000000000e+00,4.963385265e+00,4.940756114e+00,-3.661473489e-05
1.210000000e-03,5.000000000e+00,4.964077930e+00,4.941876870e+00,-3.592207004e-05
1.215000000e-03,5.000000000e+00,4.964757491e+00,4.942976423e+00,-3.524250878e-05
1.220000000e-03,5.000000000e+00,4.965424197e+00,4.944055175e+00,-3.457580323e-05
1.225000000e-03,5.000000000e+00,4.966078290e+00,4.945113520e+00,-3.392171018e-05
1.230000000e-03,5.000000000e+00,4.966720009e+00,4.946151843e+00,-3.327999104e-05
1.235000000e-03,5.000000000e+00,4.967349588e+00,4.947170524e+00,-3.265041171e-05
1.240000000e-03,5.000000000e+00,4.967967257e+00,4.948169934e+00,-3.203274255e-05
1.245000000e-03,5.000000000e+00,4.968573242e+00,4.949150437e+00,-3.142675824e-05
1.250000000e-03,5.000000000e+00,4.969167762e+00,4.950112391e+00,-3.083223773e-05
1.255000000e-03,5.000000000e+00,4.969751036e+00,4.951056148e+00,-3.024896416e-05
1.260000000e-03,5.000000000e+00,4.970323275e+00,4.951982051e+00,-2.967672475e-05
1.265000000e-03,5.000000000e+00,4.970884689e+00,4.952890438e+00,-2.911531076e-05
1.270000000e-03,5.000000000e+00,4.971435483e+00,4.953781640e+00,-2.856451742e-05
1.275000000e-03,5.000000000e+00,4.971975856e+00,4.954655983e+00,-2.802414379e-05
1.280000000e-03,5.000000000e+00,4.972506007e+00,4.955513785e+00,-2.749399276e-05
1.285000000e-03,5.000000000e+00,4.973026129e+00,4.956355360e+00,-2.697387094e-05
1.290000000e-03,5.000000000e+00,4.973536411e+00,4.957181014e+00,-2.646358861e-05
1.295000000e-03,5.000000000e+00,4.974037040e+00,4.957991049e+00,-2.596295962e-05
1.300000000e-03,5.000000000e+00,4.974528199e+00,4.958785760e+00,-2.547180136e-05
1.305000000e-03,5.000000000e+00,4.975010065e+00,4.959565436e+00,-2.498993466e-05
1.310000000e-03,5.000000000e+00,4.975482816e+00,4.960330363e+00,-2.451718375e-05
1.315000000e-03,5.000000000e+00,4.975946624e+00,4.961080820e+00,-2.405337617e-05
1.320000000e-03,5.000000000e+00,4.976401657e+00,4.961817079e+00,-2.359834274e-05
1.325000000e-03,5.000000000e+00,4.976848083e+00,4.962539411e+00,-2.315191748e-05
1.330000000e-03,5.000000000e+00,4.977286062e+00,4.963248077e+00,-2.271393754e-05
1.335000000e-03,5.000000000e+00,4.977715757e+00,4.963943337e+00,-2.228424315e-05
1.340000000e-03,5.000000000e+00,4.978137322e+00,4.964625445e+00,-2.186267757e-05
1.345000000e-03,5.000000000e+00,4.978550913e+00,4.965294648e+00,-2.144908702e-05
1.350000000e-03,5.000000000e+00,4.978956679e+00,4.965951192e+00,-2.104332064e-05
1.355000000e-03,5.000000000e+00,4.979354770e+00,4.966595316e+00,-2.064523040e-05
1.360000000e-03,5.000000000e+00,4.979745329e+00,4.967227254e+00,-2.025467109e-05
1.365000000e-03,5.000000000e+00,4.980128500e+00,4.967847237e+00,-1.987150025e-05
1.370000000e-03,5.000000000e+00,4.980504422e+00,4.968455492e+00,-1.949557810e-05
1.375000000e-03,5.000000000e+00,4.980873232e+00,4.969052240e+00,-1.912676752e-05
1.380000000e-03,5.000000000e+00,4.981235066e+00,4.969637699e+00,-1.876493397e-05
1.385000000e-03,5.000000000e+00,4.981590055e+00,4.970212083e+00,-1.840994546e-05
1.390000000e-03,5.000000000e+00,4.981938328e+00,4.970775600e+00,-1.806167250e-05
1.395000000e-03,5.000000000e+00,4.982280012e+00,4.971328457e+00,-1.771998804e-05
1.400000000e-03,5.000000000e+00,4.982615233e+00,4.971870855e+00,-1.738476746e-05
1.405000000e-03,5.000000000e+00,4.982944112e+00,4.972402993e+00,-1.705588846e-05
1.410000000e-03,5.000000000e+00,4.983266769e+00,4.972925063e+00,-1.673323108e-05
1.415000000e-03,5.000000000e+00,4.983583322e+00,4.973437258e+00,-1.641667762e-05
1.420000000e-03,5.000000000e+00,4.983893887e+00,4.973939762e+00,-1.610611261e-05
1.425000000e-03,5.000000000e+00,4.984198577e+00,4.974432761e+00,-1.580142276e-05
1.430000000e-03,5.000000000e+00,4.984497503e+00,4.974916433e+00,-1.550249692e-05
1.435000000e-03,5.000000000e+00,4.984790774e+00,4.975390955e+00,-1.520922607e-05
1.440000000e-03,5.000000000e+00,4.985078497e+00,4.975856501e+00,-1.492150320e-05
1.445000000e-03,5.000000000e+00,4.985360777e+00,4.976313239e+00,-1.463922338e-05
1.450000000e-03,5.000000000e+00,4.985637716e+00,4.976761337e+00,-1.436228363e-05
1.455000000e-03,5.000000000e+00,4.985909417e+00,4.977200958e+00,-1.409058294e-05
1.460000000e-03,5.000000000e+00,4.986175978e+00,4.977632262e+00,-1.382402218e-05
1.465000000e-03,5.000000000e+00,4.986437496e+00,4.978055407e+00,-1.356250412e-05
1.470000000e-03,5.000000000e+00,4.986694067e+00,4.978470548e+00,-1.330593337e-05
1.475000000e-03,5.000000000e+00,4.986945784e+00,4.978877834e+00,-1.305421634e-05
1.480000000e-03,5.000000000e+00,4.987192739e+00,4.979277416e+00,-1.280726121e-05
1.485000000e-03,5.000000000e+00,4.987435022e+00,4.979669439e+00,-1.256497788e-05
1.490000000e-03,5.000000000e+00,4.987672722e+00,4.980054045e+00,-1.232727799e-05
1.495000000e-03,5.000000000e+00,4.987905925e+00,4.980431376e+00,-1.209407482e-05
1.500000000e-03,5.000000000e+00,4.988134717e+00,4.980801568e+00,-1.186528331e-05
1.505000000e-03,5.000000000e+00,4.988359180e+00,4.981164758e+00,-1.164082000e-05
1.510000000e-03,5.000000000e+00,4.988579397e+00,4.981521076e+00,-1.142060300e-05
1.515000000e-03,5.000000000e+00,4.988795448e+00,4.981870654e+00,-1.120455200e-05
1.520000000e-03,5.000000000e+00,4.989007412e+00,4.982213619e+00,-1.099258817e-05
1.525000000e-03,5.000000000e+00,4.989215366e+00,4.982550095e+00,-1.078463420e-05
1.530000000e-03,5.000000000e+00,4.989419386e+00,4.982880207e+00,-1.058061423e-05
1.535000000e-03,5.000000000e+00,4.989619546e+00,4.983204073e+00,-1.038045384e-05
1.540000000e-03,5.000000000e+00,4.989815920e+00,4.983521812e+00,-1.018408002e-05
1.545000000e-03,5.000000000e+00,4.990008579e+00,4.983833541e+00,-9.991421128e-06
1.550000000e-03,5.000000000e+00,4.990197593e+00,4.984139372e+00,-9.802406890e-06
1.555000000e-03,5.000000000e+00,4.990383032e+00,4.984439418e+00,-9.616968357e-06
1.560000000e-03,5.000000000e+00,4.990564962e+00,4.984733788e+00,-9.435037886e-06
1.565000000e-03,5.000000000e+00,4.990743451e+00,4.985022589e+00,-9.256549113e-06
1.570000000e-03,5.000000000e+00,4.990918563e+00,4.985305926e+00,-9.081436928e-06
1.575000000e-03,5.000000000e+00,4.991090363e+00,4.985583904e+00,-8.909637455e-06
1.580000000e-03,5.000000000e+00,4.991258912e+00,4.985856622e+00,-8.741088025e-06
1.585000000e-03,5.000000000e+00,4.991424273e+00,4.986124182e+00,-8.575727155e-06
1.590000000e-03,5.000000000e+00,4.991586505e+00,4.986386680e+00,-8.413494524e-06
1.595000000e-03,5.000000000e+00,4.991745669e+00,4.986644212e+00,-8.254330953e-06
1.600000000e-03,5.000000000e+00,4.991901822e+00,4.986896872e+00,-8.098178384e-06
1.605000000e-03,5.000000000e+00,4.992055020e+00,4.987144753e+00,-7.944979855e-06
1.610000000e-03,5.000000000e+00,4.992205321e+00,4.987387944e+00,-7.794679483e-06
1.615000000e-03,5.000000000e+00,4.992352778e+00,4.987626534e+00,-7.647222441e-06
1.620000000e-03,5.000000000e+00,4.992497445e+00,4.987860611e+00,-7.502554940e-06
1.625000000e-03,5.000000000e+00,4.992639376e+00,4.988090260e+00,-7.360624209e-06
1.630000000e-03,5.000000000e+00,4.992778622e+00,4.988315564e+00,-7.221378473e-06
1.635000000e-03,5.000000000e+00,4.992915233e+00,4.988536606e+00,-7.084766941e-06
1.640000000e-03,5.000000000e+00,4.993049260e+00,4.988753467e+00,-6.950739778e-06
1.645000000e-03,5.000000000e+00,4.993180752e+00,4.988966225e+00,-6.819248094e-06
1.650000000e-03,5.000000000e+00,4.993309756e+00,4.989174958e+00,-6.690243925e-06
1.655000000e-03,5.000000000e+00,4.993436320e+00,4.989379742e+00,-6.563680212e-06
1.660000000e-03,5.000000000e+00,4.993560489e+00,4.989580653e+00,-6.439510787e-06
1.665000000e-03,5.000000000e+00,4.993682310e+00,4.989777762e+00,-6.317690356e-06
1.670000000e-03,5.000000000e+00,4.993801826e+00,4.989971143e+00,-6.198174481e-06
1.675000000e-03,5.000000000e+00,4.993919080e+00,4.990160865e+00,-6.080919567e-06
1.680000000e-03,5.000000000e+00,4.994034117e+00,4.990346999e+00,-5.965882841e-06
1.685000000e-03,5.000000000e+00,4.994146978e+00,4.990529611e+00,-5.853022339e-06
1.690000000e-03,5.000000000e+00,4.994257703e+00,4.990708768e+00,-5.742296893e-06
1.695000000e-03,5.000000000e+00,4.994366334e+00,4.990884537e+00,-5.633666113e-06
1.700000000e-03,5.000000000e+00,4.994472910e+00,4.991056980e+00,-5.527090372e-06
1.705000000e-03,5.000000000e+00,4.994577469e+00,4.991226161e+00,-5.422530794e-06
1.710000000e-03,5.000000000e+00,4.994680051e+00,4.991392141e+00,-5.319949237e-06
1.715000000e-03,5.000000000e+00,4.994780692e+00,4.991554982e+00,-5.219308283e-06
1.720000000e-03,5.000000000e+00,4.994879429e+00,4.991714742e+00,-5.120571220e-06
1.725000000e-03,5.000000000e+00,4.994976298e+00,4.991871479e+00,-5.023702030e-06
1.730000000e-03,5.000000000e+00,4.995071335e+00,4.992025252e+00,-4.928665378e-06
1.735000000e-03,5.000000000e+00,4.995164573e+00,4.992176115e+00,-4.835426597e-06
1.740000000e-03,5.000000000e+00,4.995256048e+00,4.992324125e+00,-4.743951674e-06
1.745000000e-03,5.000000000e+00,4.995345793e+00,4.992469334e+00,-4.654207242e-06
1.750000000e-03,5.000000000e+00,4.995433839e+00,4.992611797e+00,-4.566160564e-06
1.755000000e-03,5.000000000e+00,4.995520220e+00,4.992751564e+00,-4.479779523e-06
1.760000000e-03,5.000000000e+00,4.995604967e+00,4.992888688e+00,-4.395032608e-06
1.765000000e-03,5.000000000e+00,4.995688111e+00,4.993023217e+00,-4.311888906e-06
1.770000000e-03,5.000000000e+00,4.995769682e+00,4.993155202e+00,-4.230318088e-06
1.775000000e-03,5.000000000e+00,4.995849710e+00,4.993284689e+00,-4.150290398e-06
1.780000000e-03,5.000000000e+00,4.995928223e+00,4.993411727e+00,-4.071776644e-06
1.785000000e-03,5.000000000e+00,4.996005252e+00,4.993536362e+00,-3.994748186e-06
1.790000000e-03,5.000000000e+00,4.996080823e+00,4.993658639e+00,-3.919176926e-06
1.795000000e-03,5.000000000e+00,4.996154965e+00,4.993778602e+00,-3.845035297e-06
1.800000000e-03,5.000000000e+00,4.996227704e+00,4.993896296e+00,-3.772296253e-06
1.805000000e-03,5.000000000e+00,4.996299067e+00,4.994011764e+00,-3.700933261e-06
1.810000000e-03,5.000000000e+00,4.996369080e+00,4.994125048e+00,-3.630920290e-06
1.815000000e-03,5.000000000e+00,4.996437768e+00,4.994236188e+00,-3.562231800e-06
1.820000000e-03,5.000000000e+00,4.996505157e+00,4.994345226e+00,-3.494842734e-06
1.825000000e-03,5.000000000e+00,4.996571271e+00,4.994452201e+00,-3.428728512e-06
1.830000000e-03,5.000000000e+00,4.996636135e+00,4.994557152e+00,-3.363865016e-06
1.835000000e-03,5.000000000e+00,4.996699771e+00,4.994660118e+00,-3.300228584e-06
1.840000000e-03,5.000000000e+00,4.996762204e+00,4.994761136e+00,-3.237796005e-06
1.845000000e-03,5.000000000e+00,4.996823455e+00,4.994860243e+00,-3.176544504e-06
1.850000000e-03,5.000000000e+00,4.996883548e+00,4.994957475e+00,-3.116451737e-06
1.855000000e-03,5.000000000e+00,4.996942504e+00,4.995052868e+00,-3.057495784e-06
1.860000000e-03,5.000000000e+00,4.997000345e+00,4.995146456e+00,-2.999655140e-06
1.865000000e-03,5.000000000e+00,4.997057091e+00,4.995238274e+00,-2.942908704e-06
1.870000000e-03,5.000000000e+00,4.997112764e+00,4.995328354e+00,-2.887235779e-06
1.875000000e-03,5.000000000e+00,4.997167384e+00,4.995416731e+00,-2.832616054e-06
1.880000000e-03,5.000000000e+00,4.997220970e+00,4.995503436e+00,-2.779029606e-06
1.885000000e-03,5.000000000e+00,4.997273543e+00,4.995588500e+00,-2.726456888e-06
1.890000000e-03,5.000000000e+00,4.997325121e+00,4.995671955e+00,-2.674878723e-06
1.895000000e-03,5.000000000e+00,4.997375724e+00,4.995753832e+00,-2.624276295e-06
1.900000000e-03,5.000000000e+00,4.997425369e+00,4.995834159e+00,-2.574631147e-06
1.905000000e-03,5.000000000e+00,4.997474075e+00,4.995912967e+00,-2.525925168e-06
1.910000000e-03,5.000000000e+00,4.997521859e+00,4.995990284e+00,-2.478140592e-06
1.915000000e-03,5.000000000e+00,4.997568740e+00,4.996066139e+00,-2.431259988e-06
1.920000000e-03,5.000000000e+00,4.997614734e+00,4.996140558e+00,-2.385266255e-06
1.925000000e-03,5.000000000e+00,4.997659857e+00,4.996213570e+00,-2.340142616e-06
1.930000000e-03,5.000000000e+00,4.997704127e+00,4.996285200e+00,-2.295872610e-06
1.935000000e-03,5.000000000e+00,4.997747560e+00,4.996355475e+00,-2.252440088e-06
1.940000000e-03,5.000000000e+00,4.997790171e+00,4.996424421e+00,-2.209829208e-06
1.945000000e-03,5.000000000e+00,4.997831976e+00,4.996492063e+00,-2.168024426e-06
1.950000000e-03,5.000000000e+00,4.997872990e+00,4.996558425e+00,-2.127010492e-06
1.955000000e-03,5.000000000e+00,4.997913228e+00,4.996623531e+00,-2.086772445e-06
1.960000000e-03,5.000000000e+00,4.997952704e+00,4.996687406e+00,-2.047295608e-06
1.965000000e-03,5.000000000e+00,4.997991434e+00,4.996750073e+00,-2.008565580e-06
1.970000000e-03,5.000000000e+00,4.998029432e+00,4.996811554e+00,-1.970568233e-06
1.975000000e-03,5.000000000e+00,4.998066710e+00,4.996871872e+00,-1.933289707e-06
1.980000000e-03,5.000000000e+00,4.998103284e+00,4.996931048e+00,-1.896716403e-06
1.985000000e-03,5.000000000e+00,4.998139165e+00,4.996989106e+00,-1.860834980e-06
1.990000000e-03,5.000000000e+00,4.998174368e+00,4.997046065e+00,-1.825632350e-06
1.995000000e-03,5.000000000e+00,4.998208904e+00,4.997101946e+00,-1.791095671e-06
2.000000000e-03,5.000000000e+00,4.998242788e+00,4.997156771e+00,-1.757212344e-06
2.005000000e-03,5.000000000e+00,4.998276030e+00,4.997210558e+00,-1.723970011e-06
2.010000000e-03,5.000000000e+00,4.998308643e+00,4.997263328e+00,-1.691356544e-06
2.015000000e-03,5.000000000e+00,4.998340640e+00,4.997315099e+00,-1.659360048e-06
2.020000000e-03,5.000000000e+00,4.998372031e+00,4.997365891e+00,-1.627968850e-06
2.025000000e-03,5.000000000e+00,4.998402828e+00,4.997415722e+00,-1.597171500e-06
2.030000000e-03,5.000000000e+00,4.998433043e+00,4.997464611e+00,-1.566956764e-06
2.035000000e-03,5.000000000e+00,4.998462686e+00,4.997512574e+00,-1.537313620e-06
2.040000000e-03,5.000000000e+00,4.998491769e+00,4.997559631e+00,-1.508231254e-06
2.045000000e-03,5.000000000e+00,4.998520301e+00,4.997605797e+00,-1.479699058e-06
2.050000000e-03,5.000000000e+00,4.998548293e+00,4.997651089e+00,-1.451706625e-06
2.055000000e-03,5.000000000e+00,4.998575756e+00,4.997695525e+00,-1.424243743e-06
2.060000000e-03,5.000000000e+00,4.998602700e+00,4.997739120e+00,-1.397300394e-06
2.065000000e-03,5.000000000e+00,4.998629133e+00,4.997781891e+00,-1.370866750e-06
2.070000000e-03,5.000000000e+00,4.998655067e+00,4.997823852e+00,-1.344933168e-06
2.075000000e-03,5.000000000e+00,4.998680510e+00,4.997865020e+00,-1.319490189e-06
2.080000000e-03,5.000000000e+00,4.998705471e+00,4.997905409e+00,-1.294528531e-06
2.085000000e-03,5.000000000e+00,4.998729961e+00,4.997945034e+00,-1.270039090e-06
2.090000000e-03,5.000000000e+00,4.998753987e+00,4.997983909e+00,-1.246012931e-06
2.095000000e-03,5.000000000e+00,4.998777559e+00,4.998022048e+00,-1.222441291e-06
2.100000000e-03,5.000000000e+00,4.998800684e+00,4.998059467e+00,-1.199315570e-06
2.105000000e-03,5.000000000e+00,4.998823373e+00,4.998096177e+00,-1.176627334e-06
2.110000000e-03,5.000000000e+00,4.998845632e+00,4.998132193e+00,-1.154368307e-06
2.115000000e-03,5.000000000e+00,4.998867470e+00,4.998167527e+00,-1.132530368e-06
2.120000000e-03,5.000000000e+00,4.998888894e+00,4.998202193e+00,-1.111105551e-06
2.125000000e-03,5.000000000e+00,4.998909914e+00,4.998236204e+00,-1.090086042e-06
2.130000000e-03,5.000000000e+00,4.998930536e+00,4.998269571e+00,-1.069464172e-06
2.135000000e-03,5.000000000e+00,4.998950768e+00,4.998302306e+00,-1.049232420e-06
2.140000000e-03,5.000000000e+00,4.998970617e+00,4.998334423e+00,-1.029383405e-06
2.145000000e-03,5.000000000e+00,4.998990090e+00,4.998365931e+00,-1.009909887e-06
2.150000000e-03,5.000000000e+00,4.999009195e+00,4.998396844e+00,-9.908047622e-07
2.155000000e-03,5.000000000e+00,4.999027939e+00,4.998427172e+00,-9.720610615e-07
2.160000000e-03,5.000000000e+00,4.999046328e+00,4.998456926e+00,-9.536719476e-07
2.165000000e-03,5.000000000e+00,4.999064369e+00,4.998486118e+00,-9.356307126e-07
2.170000000e-03,5.000000000e+00,4.999082069e+00,4.998514757e+00,-9.179307754e-07
2.175000000e-03,5.000000000e+00,4.999099434e+00,4.998542854e+00,-9.005656794e-07
2.180000000e-03,5.000000000e+00,4.999116471e+00,4.998570420e+00,-8.835290904e-07
2.185000000e-03,5.000000000e+00,4.999133185e+00,4.998597464e+00,-8.668147936e-07
2.190000000e-03,5.000000000e+00,4.999149583e+00,4.998623997e+00,-8.504166920e-07
2.195000000e-03,5.000000000e+00,4.999165671e+00,4.998650028e+00,-8.343288041e-07
2.200000000e-03,5.000000000e+00,4.999181455e+00,4.998675566e+00,-8.185452613e-07
2.205000000e-03,5.000000000e+00,4.999196940e+00,4.998700621e+00,-8.030603060e-07
2.210000000e-03,5.000000000e+00,4.999212132e+00,4.998725202e+00,-7.878682898e-07
2.215000000e-03,5.000000000e+00,4.999227036e+00,4.998749319e+00,-7.729636708e-07
2.220000000e-03,5.000000000e+00,4.999241659e+00,4.998772978e+00,-7.583410123e-07
2.225000000e-03,5.000000000e+00,4.999256005e+00,4.998796191e+00,-7.439949801e-07
2.230000000e-03,5.000000000e+00,4.999270080e+00,4.998818964e+00,-7.299203412e-07
2.235000000e-03,5.000000000e+00,4.999283888e+00,4.998841307e+00,-7.161119614e-07
2.240000000e-03,5.000000000e+00,4.999297435e+00,4.998863226e+00,-7.025648038e-07
2.245000000e-03,5.000000000e+00,4.999310726e+00,4.998884731e+00,-6.892739266e-07
2.250000000e-03,5.000000000e+00,4.999323766e+00,4.998905830e+00,-6.762344816e-07
2.255000000e-03,5.000000000e+00,4.999336558e+00,4.998926529e+00,-6.634417123e-07
2.260000000e-03,5.000000000e+00,4.999349109e+00,4.998946836e+00,-6.508909522e-07
2.265000000e-03,5.000000000e+00,4.999361422e+00,4.998966760e+00,-6.385776229e-07
2.270000000e-03,5.000000000e+00,4.999373503e+00,4.998986306e+00,-6.264972330e-07
2.275000000e-03,5.000000000e+00,4.999385355e+00,4.999005483e+00,-6.146453757e-07
2.280000000e-03,5.000000000e+00,4.999396982e+00,4.999024297e+00,-6.030177278e-07
2.285000000e-03,5.000000000e+00,4.999408390e+00,4.999042755e+00,-5.916100476e-07
2.290000000e-03,5.000000000e+00,4.999419582e+00,4.999060864e+00,-5.804181740e-07
2.295000000e-03,5.000000000e+00,4.999430562e+00,4.999078630e+00,-5.694380243e-07
2.300000000e-03,5.000000000e+00,4.999441334e+00,4.999096060e+00,-5.586655934e-07
2.305000000e-03,5.000000000e+00,4.999451903e+00,4.999113161e+00,-5.480969515e-07
2.310000000e-03,5.000000000e+00,4.999462272e+00,4.999129937e+00,-5.377282435e-07
2.315000000e-03,5.000000000e+00,4.999472444e+00,4.999146397e+00,-5.275556872e-07
2.320000000e-03,5.000000000e+00,4.999482424e+00,4.999162545e+00,-5.175755717e-07
2.325000000e-03,5.000000000e+00,4.999492216e+00,4.999178388e+00,-5.077842566e-07
2.330000000e-03,5.000000000e+00,4.999501822e+00,4.999193931e+00,-4.981781702e-07
2.335000000e-03,5.000000000e+00,4.999511246e+00,4.999209180e+00,-4.887538085e-07
2.340000000e-03,5.000000000e+00,4.999520492e+00,4.999224140e+00,-4.795077335e-07
2.345000000e-03,5.000000000e+00,4.999529563e+00,4.999238818e+00,-4.704365726e-07
2.350000000e-03,5.000000000e+00,4.999538463e+00,4.999253217e+00,-4.615370167e-07
2.355000000e-03,5.000000000e+00,4.999547194e+00,4.999267345e+00,-4.528058195e-07
2.360000000e-03,5.000000000e+00,4.999555760e+00,4.999281205e+00,-4.442397961e-07
2.365000000e-03,5.000000000e+00,4.999564164e+00,4.999294803e+00,-4.358358218e-07
2.370000000e-03,5.000000000e+00,4.999572409e+00,4.999308144e+00,-4.275908309e-07
2.375000000e-03,5.000000000e+00,4.999580498e+00,4.999321232e+00,-4.195018160e-07
2.380000000e-03,5.000000000e+00,4.999588434e+00,4.999334073e+00,-4.115658262e-07
2.385000000e-03,5.000000000e+00,4.999596220e+00,4.999346670e+00,-4.037799666e-07
2.390000000e-03,5.000000000e+00,4.999603859e+00,4.999359030e+00,-3.961413973e-07
2.395000000e-03,5.000000000e+00,4.999611353e+00,4.999371155e+00,-3.886473318e-07
2.400000000e-03,5.000000000e+00,4.999618705e+00,4.999383052e+00,-3.812950364e-07
2.405000000e-03,5.000000000e+00,4.999625918e+00,4.999394723e+00,-3.740818292e-07
2.410000000e-03,5.000000000e+00,4.999632995e+00,4.999406173e+00,-3.670050790e-07
2.415000000e-03,5.000000000e+00,4.999639938e+00,4.999417407e+00,-3.600622042e-07
2.420000000e-03,5.000000000e+00,4.999646749e+00,4.999428428e+00,-3.532506724e-07
2.425000000e-03,5.000000000e+00,4.999653432e+00,4.999439241e+00,-3.465679987e-07
2.430000000e-03,5.000000000e+00,4.999659988e+00,4.999449849e+00,-3.400117455e-07
2.435000000e-03,5.000000000e+00,4.999666420e+00,4.999460257e+00,-3.335795213e-07
2.440000000e-03,5.000000000e+00,4.999672731e+00,4.999470468e+00,-3.272689797e-07
2.445000000e-03,5.000000000e+00,4.999678922e+00,4.999480485e+00,-3.210778186e-07
2.450000000e-03,5.000000000e+00,4.999684996e+00,4.999490313e+00,-3.150037799e-07
2.455000000e-03,5.000000000e+00,4.999690955e+00,4.999499955e+00,-3.090446476e-07
2.460000000e-03,5.000000000e+00,4.999696802e+00,4.999509415e+00,-3.031982482e-07
2.465000000e-03,5.000000000e+00,4.999702538e+00,4.999518696e+00,-2.974624490e-07
2.470000000e-03,5.000000000e+00,4.999708165e+00,4.999527801e+00,-2.918351576e-07
2.475000000e-03,5.000000000e+00,4.999713686e+00,4.999536734e+00,-2.863143213e-07
2.480000000e-03,5.000000000e+00,4.999719102e+00,4.999545498e+00,-2.808979263e-07
2.485000000e-03,5.000000000e+00,4.999724416e+00,4.999554096e+00,-2.755839968e-07
2.490000000e-03,5.000000000e+00,4.999729629e+00,4.999562531e+00,-2.703705944e-07
2.495000000e-03,5.000000000e+00,4.999734744e+00,4.999570807e+00,-2.652558173e-07
2.500000000e-03,5.000000000e+00,4.999739762e+00,4.999578926e+00,-2.602377997e-07
2.505000000e-03,5.000000000e+00,4.999744685e+00,4.999586892e+00,-2.553147113e-07
2.510000000e-03,5.000000000e+00,4.999749515e+00,4.999594707e+00,-2.504847562e-07
2.515000000e-03,5.000000000e+00,4.999754254e+00,4.999602374e+00,-2.457461725e-07
2.520000000e-03,5.000000000e+00,4.999758903e+00,4.999609896e+00,-2.410972317e-07
2.525000000e-03,5.000000000e+00,4.999763464e+00,4.999617276e+00,-2.365362379e-07
2.530000000e-03,5.000000000e+00,4.999767938e+00,4.999624517e+00,-2.320615274e-07
2.535000000e-03,5.000000000e+00,4.999772329e+00,4.999631620e+00,-2.276714679e-07
2.540000000e-03,5.000000000e+00,4.999776636e+00,4.999638589e+00,-2.233644581e-07
2.545000000e-03,5.000000000e+00,4.999780861e+00,4.999645426e+00,-2.191389268e-07
2.550000000e-03,5.000000000e+00,4.999785007e+00,4.999652133e+00,-2.149933326e-07
2.555000000e-03,5.000000000e+00,4.999789074e+00,4.999658714e+00,-2.109261633e-07
2.560000000e-03,5.000000000e+00,4.999793064e+00,4.999665171e+00,-2.069359353e-07
2.565000000e-03,5.000000000e+00,4.999796979e+00,4.999671505e+00,-2.030211931e-07
2.570000000e-03,5.000000000e+00,4.999800819e+00,4.999677719e+00,-1.991805086e-07
2.575000000e-03,5.000000000e+00,4.999804588e+00,4.999683816e+00,-1.954124809e-07
2.580000000e-03,5.000000000e+00,4.999808284e+00,4.999689797e+00,-1.917157353e-07
2.585000000e-03,5.000000000e+00,4.999811911e+00,4.999695666e+00,-1.880889236e-07
2.590000000e-03,5.000000000e+00,4.999815469e+00,4.999701423e+00,-1.845307226e-07
2.595000000e-03,5.000000000e+00,4.999818960e+00,4.999707071e+00,-1.810398344e-07
2.600000000e-03,5.000000000e+00,4.999822385e+00,4.999712613e+00,-1.776149856e-07
2.605000000e-03,5.000000000e+00,4.999825745e+00,4.999718050e+00,-1.742549269e-07
2.610000000e-03,5.000000000e+00,4.999829042e+00,4.999723383e+00,-1.709584327e-07
2.615000000e-03,5.000000000e+00,4.999832276e+00,4.999728616e+00,-1.677243004e-07
2.620000000e-03,5.000000000e+00,4.999835449e+00,4.999733750e+00,-1.645513502e-07
2.625000000e-03,5.000000000e+00,4.999838562e+00,4.999738787e+00,-1.614384249e-07
2.630000000e-03,5.000000000e+00,4.999841616e+00,4.999743729e+00,-1.583843888e-07
2.635000000e-03,5.000000000e+00,4.999844612e+00,4.999748577e+00,-1.553881279e-07
2.640000000e-03,5.000000000e+00,4.999847551e+00,4.999753333e+00,-1.524485492e-07
2.645000000e-03,5.000000000e+00,4.999850435e+00,4.999757999e+00,-1.495645804e-07
2.650000000e-03,5.000000000e+00,4.999853265e+00,4.999762578e+00,-1.467351696e-07
2.655000000e-03,5.000000000e+00,4.999856041e+00,4.999767069e+00,-1.439592845e-07
2.660000000e-03,5.000000000e+00,4.999858764e+00,4.999771475e+00,-1.412359127e-07
2.665000000e-03,5.000000000e+00,4.999861436e+00,4.999775799e+00,-1.385640607e-07
2.670000000e-03,5.000000000e+00,4.999864057e+00,4.999780040e+00,-1.359427539e-07
2.675000000e-03,5.000000000e+00,4.999866629e+00,4.999784201e+00,-1.333710361e-07
2.680000000e-03,5.000000000e+00,4.999869152e+00,4.999788284e+00,-1.308479691e-07
2.685000000e-03,5.000000000e+00,4.999871627e+00,4.999792289e+00,-1.283726326e-07
2.690000000e-03,5.000000000e+00,4.999874056e+00,4.999796218e+00,-1.259441237e-07
2.695000000e-03,5.000000000e+00,4.999876438e+00,4.999800073e+00,-1.235615564e-07
2.700000000e-03,5.000000000e+00,4.999878776e+00,4.999803855e+00,-1.212240618e-07
2.705000000e-03,5.000000000e+00,4.999881069e+00,4.999807566e+00,-1.189307870e-07
2.710000000e-03,5.000000000e+00,4.999883319e+00,4.999811206e+00,-1.166808957e-07
2.715000000e-03,5.000000000e+00,4.999885526e+00,4.999814778e+00,-1.144735670e-07
2.720000000e-03,5.000000000e+00,4.999887692e+00,4.999818282e+00,-1.123079957e-07
2.725000000e-03,5.000000000e+00,4.999889817e+00,4.999821720e+00,-1.101833920e-07
2.730000000e-03,5.000000000e+00,4.999891901e+00,4.999825092e+00,-1.080989809e-07
2.735000000e-03,5.000000000e+00,4.999893946e+00,4.999828401e+00,-1.060540018e-07
2.740000000e-03,5.000000000e+00,4.999895952e+00,4.999831647e+00,-1.040477090e-07
2.745000000e-03,5.000000000e+00,4.999897921e+00,4.999834832e+00,-1.020793706e-07
2.750000000e-03,5.000000000e+00,4.999899852e+00,4.999837957e+00,-1.001482685e-07
2.755000000e-03,5.000000000e+00,4.999901746e+00,4.999841022e+00,-9.825369826e-08
2.760000000e-03,5.000000000e+00,4.999903605e+00,4.999844030e+00,-9.639496889e-08
2.765000000e-03,5.000000000e+00,4.999905429e+00,4.999846980e+00,-9.457140231e-08
2.770000000e-03,5.000000000e+00,4.999907218e+00,4.999849875e+00,-9.278233333e-08
2.775000000e-03,5.000000000e+00,4.999908973e+00,4.999852715e+00,-9.102710934e-08
2.780000000e-03,5.000000000e+00,4.999910695e+00,4.999855501e+00,-8.930509007e-08
2.785000000e-03,5.000000000e+00,4.999912384e+00,4.999858235e+00,-8.761564736e-08
2.790000000e-03,5.000000000e+00,4.999914042e+00,4.999860917e+00,-8.595816494e-08
2.795000000e-03,5.000000000e+00,4.999915668e+00,4.999863548e+00,-8.433203820e-08
2.800000000e-03,5.000000000e+00,4.999917263e+00,4.999866129e+00,-8.273667396e-08
2.805000000e-03,5.000000000e+00,4.999918829e+00,4.999868662e+00,-8.117149026e-08
2.810000000e-03,5.000000000e+00,4.999920364e+00,4.999871146e+00,-7.963591617e-08
2.815000000e-03,5.000000000e+00,4.999921871e+00,4.999873584e+00,-7.812939154e-08
2.820000000e-03,5.000000000e+00,4.999923349e+00,4.999875975e+00,-7.665136682e-08
2.825000000e-03,5.000000000e+00,4.999924799e+00,4.999878322e+00,-7.520130285e-08
2.830000000e-03,5.000000000e+00,4.999926221e+00,4.999880624e+00,-7.377867070e-08
2.835000000e-03,5.000000000e+00,4.999927617e+00,4.999882882e+00,-7.238295140e-08
2.840000000e-03,5.000000000e+00,4.999928986e+00,4.999885098e+00,-7.101363584e-08
2.845000000e-03,5.000000000e+00,4.999930330e+00,4.999887271e+00,-6.967022451e-08
2.850000000e-03,5.000000000e+00,4.999931648e+00,4.999889404e+00,-6.835222738e-08
2.855000000e-03,5.000000000e+00,4.999932941e+00,4.999891496e+00,-6.705916366e-08
2.860000000e-03,5.000000000e+00,4.999934209e+00,4.999893549e+00,-6.579056166e-08
2.865000000e-03,5.000000000e+00,4.999935454e+00,4.999895562e+00,-6.454595864e-08
2.870000000e-03,5.000000000e+00,4.999936675e+00,4.999897538e+00,-6.332490059e-08
2.875000000e-03,5.000000000e+00,4.999937873e+00,4.999899476e+00,-6.212694209e-08
2.880000000e-03,5.000000000e+00,4.999939048e+00,4.999901378e+00,-6.095164616e-08
2.885000000e-03,5.000000000e+00,4.999940201e+00,4.999903244e+00,-5.979858406e-08
2.890000000e-03,5.000000000e+00,4.999941333e+00,4.999905074e+00,-5.866733520e-08
2.895000000e-03,5.000000000e+00,4.999942443e+00,4.999906870e+00,-5.755748690e-08
2.900000000e-03,5.000000000e+00,4.999943531e+00,4.999908632e+00,-5.646863434e-08
2.905000000e-03,5.000000000e+00,4.999944600e+00,4.999910360e+00,-5.540038030e-08
2.910000000e-03,5.000000000e+00,4.999945648e+00,4.999912056e+00,-5.435233513e-08
2.915000000e-03,5.000000000e+00,4.999946676e+00,4.999913720e+00,-5.332411651e-08
2.920000000e-03,5.000000000e+00,4.999947685e+00,4.999915352e+00,-5.231534938e-08
2.925000000e-03,5.000000000e+00,4.999948674e+00,4.999916953e+00,-5.132566575e-08
2.930000000e-03,5.000000000e+00,4.999949645e+00,4.999918524e+00,-5.035470461e-08
2.935000000e-03,5.000000000e+00,4.999950598e+00,4.999920066e+00,-4.940211178e-08
2.940000000e-03,5.000000000e+00,4.999951532e+00,4.999921578e+00,-4.846753977e-08
2.945000000e-03,5.000000000e+00,4.999952449e+00,4.999923061e+00,-4.755064767e-08
2.950000000e-03,5.000000000e+00,4.999953349e+00,4.999924517e+00,-4.665110101e-08
2.955000000e-03,5.000000000e+00,4.999954231e+00,4.999925945e+00,-4.576857167e-08
2.960000000e-03,5.000000000e+00,4.999955097e+00,4.999927346e+00,-4.490273771e-08
2.965000000e-03,5.000000000e+00,4.999955947e+00,4.999928720e+00,-4.405328330e-08
2.970000000e-03,5.000000000e+00,4.999956780e+00,4.999930069e+00,-4.321989857e-08
2.975000000e-03,5.000000000e+00,4.999957598e+00,4.999931392e+00,-4.240227952e-08
2.980000000e-03,5.000000000e+00,4.999958400e+00,4.999932690e+00,-4.160012791e-08
2.985000000e-03,5.000000000e+00,4.999959187e+00,4.999933963e+00,-4.081315112e-08
2.990000000e-03,5.000000000e+00,4.999959959e+00,4.999935212e+00,-4.004106209e-08
2.995000000e-03,5.000000000e+00,4.999960716e+00,4.999936438e+00,-3.928357917e-08
3.000000000e-03,5.000000000e+00,4.999961460e+00,4.999937640e+00,-3.854042604e-08
3.005000000e-03,5.000000000e+00,4.999962189e+00,4.999938820e+00,-3.781133163e-08
3.010000000e-03,5.000000000e+00,4.999962904e+00,4.999939977e+00,-3.709602998e-08
3.015000000e-03,5.000000000e+00,4.999963606e+00,4.999941113e+00,-3.639426015e-08
3.020000000e-03,5.000000000e+00,4.999964294e+00,4.999942227e+00,-3.570576617e-08
3.025000000e-03,5.000000000e+00,4.999964970e+00,4.999943320e+00,-3.503029687e-08
3.030000000e-03,5.000000000e+00,4.999965632e+00,4.999944392e+00,-3.436760587e-08
3.035000000e-03,5.000000000e+00,4.999966283e+00,4.999945444e+00,-3.371745142e-08
3.040000000e-03,5.000000000e+00,4.999966920e+00,4.999946476e+00,-3.307959638e-08
3.045000000e-03,5.000000000e+00,4.999967546e+00,4.999947489e+00,-3.245380805e-08
3.050000000e-03,5.000000000e+00,4.999968160e+00,4.999948482e+00,-3.183985817e-08
3.055000000e-03,5.000000000e+00,4.999968762e+00,4.999949457e+00,-3.123752278e-08
3.060000000e-03,5.000000000e+00,4.999969353e+00,4.999950413e+00,-3.064658216e-08
3.065000000e-03,5.000000000e+00,4.999969933e+00,4.999951351e+00,-3.006682075e-08
3.070000000e-03,5.000000000e+00,4.999970502e+00,4.999952271e+00,-2.949802707e-08
3.075000000e-03,5.000000000e+00,4.999971060e+00,4.999953174e+00,-2.893999363e-08
3.080000000e-03,5.000000000e+00,4.999971607e+00,4.999954060e+00,-2.839251687e-08
3.085000000e-03,5.000000000e+00,4.999972145e+00,4.999954929e+00,-2.785539708e-08
3.090000000e-03,5.000000000e+00,4.999972672e+00,4.999955782e+00,-2.732843835e-08
3.095000000e-03,5.000000000e+00,4.999973189e+00,4.999956618e+00,-2.681144843e-08
3.100000000e-03,5.000000000e+00,4.999973696e+00,4.999957439e+00,-2.630423875e-08
3.105000000e-03,5.000000000e+00,4.999974193e+00,4.999958244e+00,-2.580662429e-08
3.110000000e-03,5.000000000e+00,4.999974682e+00,4.999959034e+00,-2.531842352e-08
3.115000000e-03,5.000000000e+00,4.999975161e+00,4.999959809e+00,-2.483945837e-08
3.120000000e-03,5.000000000e+00,4.999975630e+00,4.999960569e+00,-2.436955411e-08
3.125000000e-03,5.000000000e+00,4.999976091e+00,4.999961315e+00,-2.390853934e-08
3.130000000e-03,5.000000000e+00,4.999976544e+00,4.999962047e+00,-2.345624589e-08
3.135000000e-03,5.000000000e+00,4.999976987e+00,4.999962765e+00,-2.301250877e-08
3.140000000e-03,5.000000000e+00,4.999977423e+00,4.999963469e+00,-2.257716611e-08
3.145000000e-03,5.000000000e+00,4.999977850e+00,4.999964160e+00,-2.215005912e-08
3.150000000e-03,5.000000000e+00,4.999978269e+00,4.999964838e+00,-2.173103198e-08
3.155000000e-03,5.000000000e+00,4.999978680e+00,4.999965504e+00,-2.131993186e-08
3.160000000e-03,5.000000000e+00,4.999979083e+00,4.999966156e+00,-2.091660879e-08
3.165000000e-03,5.000000000e+00,4.999979479e+00,4.999966796e+00,-2.052091564e-08
3.170000000e-03,5.000000000e+00,4.999979867e+00,4.999967425e+00,-2.013270808e-08
3.175000000e-03,5.000000000e+00,4.999980248e+00,4.999968041e+00,-1.975184449e-08
3.180000000e-03,5.000000000e+00,4.999980622e+00,4.999968645e+00,-1.937818595e-08
3.185000000e-03,5.000000000e+00,4.999980988e+00,4.999969239e+00,-1.901159615e-08
3.190000000e-03,5.000000000e+00,4.999981348e+00,4.999969821e+00,-1.865194137e-08
3.195000000e-03,5.000000000e+00,4.999981701e+00,4.999970391e+00,-1.829909041e-08
3.200000000e-03,5.000000000e+00,4.999982047e+00,4.999970952e+00,-1.795291457e-08
3.205000000e-03,5.000000000e+00,4.999982387e+00,4.999971501e+00,-1.761328756e-08
3.210000000e-03,5.000000000e+00,4.999982720e+00,4.999972040e+00,-1.728008550e-08
3.215000000e-03,5.000000000e+00,4.999983047e+00,4.999972569e+00,-1.695318683e-08
3.220000000e-03,5.000000000e+00,4.999983368e+00,4.999973088e+00,-1.663247233e-08
3.225000000e-03,5.000000000e+00,4.999983682e+00,4.999973597e+00,-1.631782498e-08
3.230000000e-03,5.000000000e+00,4.999983991e+00,4.999974097e+00,-1.600913003e-08
3.235000000e-03,5.000000000e+00,4.999984294e+00,4.999974587e+00,-1.570627487e-08
3.240000000e-03,5.000000000e+00,4.999984591e+00,4.999975067e+00,-1.540914901e-08
3.245000000e-03,5.000000000e+00,4.999984882e+00,4.999975539e+00,-1.511764407e-08
3.250000000e-03,5.000000000e+00,4.999985168e+00,4.999976002e+00,-1.483165373e-08
3.255000000e-03,5.000000000e+00,4.999985449e+00,4.999976456e+00,-1.455107365e-08
3.260000000e-03,5.000000000e+00,4.999985724e+00,4.999976901e+00,-1.427580148e-08
3.265000000e-03,5.000000000e+00,4.999985994e+00,4.999977338e+00,-1.400573682e-08
3.270000000e-03,5.000000000e+00,4.999986259e+00,4.999977767e+00,-1.374078115e-08
3.275000000e-03,5.000000000e+00,4.999986519e+00,4.999978188e+00,-1.348083782e-08
3.280000000e-03,5.000000000e+00,4.999986774e+00,4.999978600e+00,-1.322581201e-08
3.285000000e-03,5.000000000e+00,4.999987024e+00,4.999979005e+00,-1.297561069e-08
3.290000000e-03,5.000000000e+00,4.999987270e+00,4.999979402e+00,-1.273014259e-08
3.295000000e-03,5.000000000e+00,4.999987511e+00,4.999979792e+00,-1.248931817e-08
3.300000000e-03,5.000000000e+00,4.999987747e+00,4.999980174e+00,-1.225304958e-08
3.305000000e-03,5.000000000e+00,4.999987979e+00,4.999980549e+00,-1.202125064e-08
3.310000000e-03,5.000000000e+00,4.999988206e+00,4.999980917e+00,-1.179383679e-08
3.315000000e-03,5.000000000e+00,4.999988429e+00,4.999981278e+00,-1.157072508e-08
3.320000000e-03,5.000000000e+00,4.999988648e+00,4.999981632e+00,-1.135183411e-08
3.325000000e-03,5.000000000e+00,4.999988863e+00,4.999981980e+00,-1.113708405e-08
3.330000000e-03,5.000000000e+00,4.999989074e+00,4.999982321e+00,-1.092639656e-08
3.335000000e-03,5.000000000e+00,4.999989280e+00,4.999982655e+00,-1.071969478e-08
3.340000000e-03,5.000000000e+00,4.999989483e+00,4.999982983e+00,-1.051690331e-08
3.345000000e-03,5.000000000e+00,4.999989682e+00,4.999983305e+00,-1.031794818e-08
3.350000000e-03,5.000000000e+00,4.999989877e+00,4.999983621e+00,-1.012275682e-08
3.355000000e-03,5.000000000e+00,4.999990069e+00,4.999983931e+00,-9.931258018e-09
3.360000000e-03,5.000000000e+00,4.999990257e+00,4.999984235e+00,-9.743381926e-09
3.365000000e-03,5.000000000e+00,4.999990441e+00,4.999984533e+00,-9.559060006e-09
3.370000000e-03,5.000000000e+00,4.999990622e+00,4.999984826e+00,-9.378225027e-09
3.375000000e-03,5.000000000e+00,4.999990799e+00,4.999985113e+00,-9.200811019e-09
3.380000000e-03,5.000000000e+00,4.999990973e+00,4.999985394e+00,-9.026753270e-09
3.385000000e-03,5.000000000e+00,4.999991144e+00,4.999985671e+00,-8.855988282e-09
3.390000000e-03,5.000000000e+00,4.999991312e+00,4.999985942e+00,-8.688453768e-09
3.395000000e-03,5.000000000e+00,4.999991476e+00,4.999986208e+00,-8.524088614e-09
3.400000000e-03,5.000000000e+00,4.999991637e+00,4.999986469e+00,-8.362832865e-09
3.405000000e-03,5.000000000e+00,4.999991795e+00,4.999986725e+00,-8.204627693e-09
3.410000000e-03,5.000000000e+00,4.999991951e+00,4.999986976e+00,-8.049415393e-09
3.415000000e-03,5.000000000e+00,4.999992103e+00,4.999987222e+00,-7.897139343e-09
3.420000000e-03,5.000000000e+00,4.999992252e+00,4.999987464e+00,-7.747744001e-09
3.425000000e-03,5.000000000e+00,4.999992399e+00,4.999987701e+00,-7.601174866e-09
3.430000000e-03,5.000000000e+00,4.999992543e+00,4.999987934e+00,-7.457378477e-09
3.435000000e-03,5.000000000e+00,4.999992684e+00,4.999988162e+00,-7.316302378e-09
3.440000000e-03,5.000000000e+00,4.999992822e+00,4.999988386e+00,-7.177895109e-09
3.445000000e-03,5.000000000e+00,4.999992958e+00,4.999988606e+00,-7.042106179e-09
3.450000000e-03,5.000000000e+00,4.999993091e+00,4.999988821e+00,-6.908886057e-09
3.455000000e-03,5.000000000e+00,4.999993222e+00,4.999989033e+00,-6.778186147e-09
3.460000000e-03,5.000000000e+00,4.999993350e+00,4.999989240e+00,-6.649958773e-09
3.465000000e-03,5.000000000e+00,4.999993476e+00,4.999989444e+00,-6.524157160e-09
3.470000000e-03,5.000000000e+00,4.999993599e+00,4.999989643e+00,-6.400735419e-09
3.475000000e-03,5.000000000e+00,4.999993720e+00,4.999989839e+00,-6.279648527e-09
3.480000000e-03,5.000000000e+00,4.999993839e+00,4.999990032e+00,-6.160852315e-09
3.485000000e-03,5.000000000e+00,4.999993956e+00,4.999990220e+00,-6.044303447e-09
3.490000000e-03,5.000000000e+00,4.999994070e+00,4.999990405e+00,-5.929959411e-09
3.495000000e-03,5.000000000e+00,4.999994182e+00,4.999990587e+00,-5.817778495e-09
3.500000000e-03,5.000000000e+00,4.999994292e+00,4.999990765e+00,-5.707719781e-09
3.505000000e-03,5.000000000e+00,4.999994400e+00,4.999990939e+00,-5.599743117e-09
3.510000000e-03,5.000000000e+00,4.999994506e+00,4.999991111e+00,-5.493809119e-09
3.515000000e-03,5.000000000e+00,4.999994610e+00,4.999991279e+00,-5.389879143e-09
3.520000000e-03,5.000000000e+00,4.999994712e+00,4.999991444e+00,-5.287915280e-09
3.525000000e-03,5.000000000e+00,4.999994812e+00,4.999991606e+00,-5.187880333e-09
3.530000000e-03,5.000000000e+00,4.999994910e+00,4.999991765e+00,-5.089737813e-09
3.535000000e-03,5.000000000e+00,4.999995007e+00,4.999991920e+00,-4.993451917e-09
3.540000000e-03,5.000000000e+00,4.999995101e+00,4.999992073e+00,-4.898987527e-09
3.545000000e-03,5.000000000e+00,4.999995194e+00,4.999992223e+00,-4.806310179e-09
3.550000000e-03,5.000000000e+00,4.999995285e+00,4.999992370e+00,-4.715386070e-09
3.555000000e-03,5.000000000e+00,4.999995374e+00,4.999992515e+00,-4.626182032e-09
3.560000000e-03,5.000000000e+00,4.999995461e+00,4.999992656e+00,-4.538665527e-09
3.565000000e-03,5.000000000e+00,4.999995547e+00,4.999992795e+00,-4.452804626e-09
3.570000000e-03,5.000000000e+00,4.999995631e+00,4.999992932e+00,-4.368568014e-09
3.575000000e-03,5.000000000e+00,4.999995714e+00,4.999993065e+00,-4.285924958e-09
3.580000000e-03,5.000000000e+00,4.999995795e+00,4.999993196e+00,-4.204845316e-09
3.585000000e-03,5.000000000e+00,4.999995875e+00,4.999993325e+00,-4.125299510e-09
3.590000000e-03,5.000000000e+00,4.999995953e+00,4.999993451e+00,-4.047258526e-09
3.595000000e-03,5.000000000e+00,4.999996029e+00,4.999993575e+00,-3.970693891e-09
3.600000000e-03,5.000000000e+00,4.999996104e+00,4.999993697e+00,-3.895577682e-09
3.605000000e-03,5.000000000e+00,4.999996178e+00,4.999993816e+00,-3.821882494e-09
3.610000000e-03,5.000000000e+00,4.999996250e+00,4.999993933e+00,-3.749581448e-09
3.615000000e-03,5.000000000e+00,4.999996321e+00,4.999994048e+00,-3.678648166e-09
3.620000000e-03,5.000000000e+00,4.999996391e+00,4.999994160e+00,-3.609056778e-09
3.625000000e-03,5.000000000e+00,4.999996459e+00,4.999994271e+00,-3.540781892e-09
3.630000000e-03,5.000000000e+00,4.999996526e+00,4.999994379e+00,-3.473798609e-09
3.635000000e-03,5.000000000e+00,4.999996592e+00,4.999994486e+00,-3.408082491e-09
3.640000000e-03,5.000000000e+00,4.999996656e+00,4.999994590e+00,-3.343609570e-09
3.645000000e-03,5.000000000e+00,4.999996720e+00,4.999994692e+00,-3.280356323e-09
3.650000000e-03,5.000000000e+00,4.999996782e+00,4.999994793e+00,-3.218299680e-09
3.655000000e-03,5.000000000e+00,4.999996843e+00,4.999994891e+00,-3.157417002e-09
3.660000000e-03,5.000000000e+00,4.999996902e+00,4.999994988e+00,-3.097686084e-09
3.665000000e-03,5.000000000e+00,4.999996961e+00,4.999995083e+00,-3.039085132e-09
3.670000000e-03,5.000000000e+00,4.999997018e+00,4.999995176e+00,-2.981592775e-09
3.675000000e-03,5.000000000e+00,4.999997075e+00,4.999995267e+00,-2.925188036e-09
3.680000000e-03,5.000000000e+00,4.999997130e+00,4.999995356e+00,-2.869850344e-09
3.685000000e-03,5.000000000e+00,4.999997184e+00,4.999995444e+00,-2.815559510e-09
3.690000000e-03,5.000000000e+00,4.999997238e+00,4.999995531e+00,-2.762295733e-09
3.695000000e-03,5.000000000e+00,4.999997290e+00,4.999995615e+00,-2.710039579e-09
3.700000000e-03,5.000000000e+00,4.999997341e+00,4.999995698e+00,-2.658771991e-09
3.705000000e-03,5.000000000e+00,4.999997392e+00,4.999995779e+00,-2.608474264e-09
3.710000000e-03,5.000000000e+00,4.999997441e+00,4.999995859e+00,-2.559128053e-09
3.715000000e-03,5.000000000e+00,4.999997489e+00,4.999995938e+00,-2.510715356e-09
3.720000000e-03,5.000000000e+00,4.999997537e+00,4.999996014e+00,-2.463218514e-09
3.725000000e-03,5.000000000e+00,4.999997583e+00,4.999996090e+00,-2.416620200e-09
3.730000000e-03,5.000000000e+00,4.999997629e+00,4.999996164e+00,-2.370903418e-09
3.735000000e-03,5.000000000e+00,4.999997674e+00,4.999996236e+00,-2.326051488e-09
3.740000000e-03,5.000000000e+00,4.999997718e+00,4.999996308e+00,-2.282048053e-09
3.745000000e-03,5.000000000e+00,4.999997761e+00,4.999996377e+00,-2.238877058e-09
3.750000000e-03,5.000000000e+00,4.999997803e+00,4.999996446e+00,-2.196522760e-09
3.755000000e-03,5.000000000e+00,4.999997845e+00,4.999996513e+00,-2.154969703e-09
3.760000000e-03,5.000000000e+00,4.999997886e+00,4.999996579e+00,-2.114202734e-09
3.765000000e-03,5.000000000e+00,4.999997926e+00,4.999996644e+00,-2.074206978e-09
3.770000000e-03,5.000000000e+00,4.999997965e+00,4.999996707e+00,-2.034967852e-09
3.775000000e-03,5.000000000e+00,4.999998004e+00,4.999996770e+00,-1.996471035e-09
3.780000000e-03,5.000000000e+00,4.999998041e+00,4.999996831e+00,-1.958702490e-09
3.785000000e-03,5.000000000e+00,4.999998078e+00,4.999996891e+00,-1.921648435e-09
3.790000000e-03,5.000000000e+00,4.999998115e+00,4.999996950e+00,-1.885295358e-09
3.795000000e-03,5.000000000e+00,4.999998150e+00,4.999997007e+00,-1.849629994e-09
3.800000000e-03,5.000000000e+00,4.999998185e+00,4.999997064e+00,-1.814639334e-09
3.805000000e-03,5.000000000e+00,4.999998220e+00,4.999997119e+00,-1.780310615e-09
3.810000000e-03,5.000000000e+00,4.999998253e+00,4.999997174e+00,-1.746631317e-09
3.815000000e-03,5.000000000e+00,4.999998286e+00,4.999997227e+00,-1.713589151e-09
3.820000000e-03,5.000000000e+00,4.999998319e+00,4.999997280e+00,-1.681172065e-09
3.825000000e-03,5.000000000e+00,4.999998351e+00,4.999997331e+00,-1.649368234e-09
3.830000000e-03,5.000000000e+00,4.999998382e+00,4.999997382e+00,-1.618166059e-09
3.835000000e-03,5.000000000e+00,4.999998412e+00,4.999997431e+00,-1.587554154e-09
3.840000000e-03,5.000000000e+00,4.999998442e+00,4.999997480e+00,-1.557521355e-09
3.845000000e-03,5.000000000e+00,4.999998472e+00,4.999997528e+00,-1.528056706e-09
3.850000000e-03,5.000000000e+00,4.999998501e+00,4.999997574e+00,-1.499149459e-09
3.855000000e-03,5.000000000e+00,4.999998529e+00,4.999997620e+00,-1.470789069e-09
3.860000000e-03,5.000000000e+00,4.999998557e+00,4.999997665e+00,-1.442965192e-09
3.865000000e-03,5.000000000e+00,4.999998584e+00,4.999997709e+00,-1.415667677e-09
3.870000000e-03,5.000000000e+00,4.999998611e+00,4.999997753e+00,-1.388886568e-09
3.875000000e-03,5.000000000e+00,4.999998637e+00,4.999997795e+00,-1.362612092e-09
3.880000000e-03,5.000000000e+00,4.999998663e+00,4.999997837e+00,-1.336834670e-09
3.885000000e-03,5.000000000e+00,4.999998688e+00,4.999997878e+00,-1.311544894e-09
3.890000000e-03,5.000000000e+00,4.999998713e+00,4.999997918e+00,-1.286733544e-09
3.895000000e-03,5.000000000e+00,4.999998738e+00,4.999997957e+00,-1.262391564e-09
3.900000000e-03,5.000000000e+00,4.999998761e+00,4.999997996e+00,-1.238510080e-09
3.905000000e-03,5.000000000e+00,4.999998785e+00,4.999998034e+00,-1.215080375e-09
3.910000000e-03,5.000000000e+00,4.999998808e+00,4.999998071e+00,-1.192093907e-09
3.915000000e-03,5.000000000e+00,4.999998830e+00,4.999998108e+00,-1.169542286e-09
3.920000000e-03,5.000000000e+00,4.999998853e+00,4.999998143e+00,-1.147417291e-09
3.925000000e-03,5.000000000e+00,4.999998874e+00,4.999998179e+00,-1.125710849e-09
3.930000000e-03,5.000000000e+00,4.999998896e+00,4.999998213e+00,-1.104415042e-09
3.935000000e-03,5.000000000e+00,4.999998916e+00,4.999998247e+00,-1.083522098e-09
3.940000000e-03,5.000000000e+00,4.999998937e+00,4.999998280e+00,-1.063024404e-09
3.945000000e-03,5.000000000e+00,4.999998957e+00,4.999998313e+00,-1.042914477e-09
3.950000000e-03,5.000000000e+00,4.999998977e+00,4.999998344e+00,-1.023184983e-09
3.955000000e-03,5.000000000e+00,4.999998996e+00,4.999998376e+00,-1.003828724e-09
3.960000000e-03,5.000000000e+00,4.999999015e+00,4.999998406e+00,-9.848386404e-10
3.965000000e-03,5.000000000e+00,4.999999034e+00,4.999998437e+00,-9.662078031e-10
3.970000000e-03,5.000000000e+00,4.999999052e+00,4.999998466e+00,-9.479294198e-10
3.975000000e-03,5.000000000e+00,4.999999070e+00,4.999998495e+00,-9.299968196e-10
3.980000000e-03,5.000000000e+00,4.999999088e+00,4.999998524e+00,-9.124034626e-10
3.985000000e-03,5.000000000e+00,4.999999105e+00,4.999998552e+00,-8.951429300e-10
3.990000000e-03,5.000000000e+00,4.999999122e+00,4.999998579e+00,-8.782089273e-10
3.995000000e-03,5.000000000e+00,4.999999138e+00,4.999998606e+00,-8.615952747e-10
4.000000000e-03,5.000000000e+00,4.999999155e+00,4.999998632e+00,-8.452959146e-10
4.005000000e-03,5.000000000e+00,4.999999171e+00,4.999998658e+00,-8.293048981e-10
4.010000000e-03,5.000000000e+00,4.999999186e+00,4.999998684e+00,-8.136163969e-10
4.015000000e-03,5.000000000e+00,4.999999202e+00,4.999998708e+00,-7.982246833e-10
4.020000000e-03,5.000000000e+00,4.999999217e+00,4.999998733e+00,-7.831241473e-10
4.025000000e-03,5.000000000e+00,4.999999232e+00,4.999998757e+00,-7.683092753e-10
4.030000000e-03,5.000000000e+00,4.999999246e+00,4.999998780e+00,-7.537746680e-10
4.035000000e-03,5.000000000e+00,4.999999260e+00,4.999998803e+00,-7.395150203e-10
4.040000000e-03,5.000000000e+00,4.999999274e+00,4.999998826e+00,-7.255251320e-10
4.045000000e-03,5.000000000e+00,4.999999288e+00,4.999998848e+00,-7.117998977e-10
4.050000000e-03,5.000000000e+00,4.999999302e+00,4.999998870e+00,-6.983343153e-10
4.055000000e-03,5.000000000e+00,4.999999315e+00,4.999998891e+00,-6.851234677e-10
4.060000000e-03,5.000000000e+00,4.999999328e+00,4.999998912e+00,-6.721625403e-10
4.065000000e-03,5.000000000e+00,4.999999341e+00,4.999998933e+00,-6.594468016e-10
4.070000000e-03,5.000000000e+00,4.999999353e+00,4.999998953e+00,-6.469716154e-10
4.075000000e-03,5.000000000e+00,4.999999365e+00,4.999998973e+00,-6.347324297e-10
4.080000000e-03,5.000000000e+00,4.999999377e+00,4.999998992e+00,-6.227247815e-10
4.085000000e-03,5.000000000e+00,4.999999389e+00,4.999999011e+00,-6.109442894e-10
4.090000000e-03,5.000000000e+00,4.999999401e+00,4.999999030e+00,-5.993866572e-10
4.095000000e-03,5.000000000e+00,4.999999412e+00,4.999999049e+00,-5.880476670e-10
4.100000000e-03,5.000000000e+00,4.999999423e+00,4.999999067e+00,-5.769231861e-10
4.105000000e-03,5.000000000e+00,4.999999434e+00,4.999999084e+00,-5.660091520e-10
4.110000000e-03,5.000000000e+00,4.999999445e+00,4.999999102e+00,-5.553015874e-10
4.115000000e-03,5.000000000e+00,4.999999455e+00,4.999999119e+00,-5.447965843e-10
4.120000000e-03,5.000000000e+00,4.999999466e+00,4.999999135e+00,-5.344903120e-10
4.125000000e-03,5.000000000e+00,4.999999476e+00,4.999999152e+00,-5.243790073e-10
4.130000000e-03,5.000000000e+00,4.999999486e+00,4.999999168e+00,-5.144589878e-10
4.135000000e-03,5.000000000e+00,4.999999495e+00,4.999999183e+00,-5.047266298e-10
4.140000000e-03,5.000000000e+00,4.999999505e+00,4.999999199e+00,-4.951783867e-10
4.145000000e-03,5.000000000e+00,4.999999514e+00,4.999999214e+00,-4.858107725e-10
4.150000000e-03,5.000000000e+00,4.999999523e+00,4.999999229e+00,-4.766203738e-10
4.155000000e-03,5.000000000e+00,4.999999532e+00,4.999999243e+00,-4.676038343e-10
4.160000000e-03,5.000000000e+00,4.999999541e+00,4.999999258e+00,-4.587578677e-10
4.165000000e-03,5.000000000e+00,4.999999550e+00,4.999999272e+00,-4.500792437e-10
4.170000000e-03,5.000000000e+00,4.999999558e+00,4.999999286e+00,-4.415648012e-10
4.175000000e-03,5.000000000e+00,4.999999567e+00,4.999999299e+00,-4.332114307e-10
4.180000000e-03,5.000000000e+00,4.999999575e+00,4.999999312e+00,-4.250160876e-10
4.185000000e-03,5.000000000e+00,4.999999583e+00,4.999999325e+00,-4.169757788e-10
4.190000000e-03,5.000000000e+00,4.999999591e+00,4.999999338e+00,-4.090875767e-10
4.195000000e-03,5.000000000e+00,4.999999599e+00,4.999999351e+00,-4.013485984e-10
4.200000000e-03,5.000000000e+00,4.999999606e+00,4.999999363e+00,-3.937560256e-10
4.205000000e-03,5.000000000e+00,4.999999614e+00,4.999999375e+00,-3.863070846e-10
4.210000000e-03,5.000000000e+00,4.999999621e+00,4.999999387e+00,-3.789990619e-10
4.215000000e-03,5.000000000e+00,4.999999628e+00,4.999999398e+00,-3.718292887e-10
4.220000000e-03,5.000000000e+00,4.999999635e+00,4.999999410e+00,-3.647951519e-10
4.225000000e-03,5.000000000e+00,4.999999642e+00,4.999999421e+00,-3.578940810e-10
4.230000000e-03,5.000000000e+00,4.999999649e+00,4.999999432e+00,-3.511235662e-10
4.235000000e-03,5.000000000e+00,4.999999656e+00,4.999999443e+00,-3.444811303e-10
4.240000000e-03,5.000000000e+00,4.999999662e+00,4.999999453e+00,-3.379643556e-10
4.245000000e-03,5.000000000e+00,4.999999668e+00,4.999999464e+00,-3.315708619e-10
4.250000000e-03,5.000000000e+00,4.999999675e+00,4.999999474e+00,-3.252983194e-10
4.255000000e-03,5.000000000e+00,4.999999681e+00,4.999999484e+00,-3.191444367e-10
4.260000000e-03,5.000000000e+00,4.999999687e+00,4.999999493e+00,-3.131069746e-10
4.265000000e-03,5.000000000e+00,4.999999693e+00,4.999999503e+00,-3.071837242e-10
4.270000000e-03,5.000000000e+00,4.999999699e+00,4.999999512e+00,-3.013725300e-10
4.275000000e-03,5.000000000e+00,4.999999704e+00,4.999999522e+00,-2.956712675e-10
4.280000000e-03,5.000000000e+00,4.999999710e+00,4.999999531e+00,-2.900778608e-10
4.285000000e-03,5.000000000e+00,4.999999715e+00,4.999999540e+00,-2.845902674e-10
4.290000000e-03,5.000000000e+00,4.999999721e+00,4.999999548e+00,-2.792064877e-10
4.295000000e-03,5.000000000e+00,4.999999726e+00,4.999999557e+00,-2.739245546e-10
4.300000000e-03,5.000000000e+00,4.999999731e+00,4.999999565e+00,-2.687425442e-10
4.305000000e-03,5.000000000e+00,4.999999736e+00,4.999999573e+00,-2.636585657e-10
4.310000000e-03,5.000000000e+00,4.999999741e+00,4.999999581e+00,-2.586707661e-10
4.315000000e-03,5.000000000e+00,4.999999746e+00,4.999999589e+00,-2.537773205e-10
4.320000000e-03,5.000000000e+00,4.999999751e+00,4.999999597e+00,-2.489764488e-10
4.325000000e-03,5.000000000e+00,4.999999756e+00,4.999999605e+00,-2.442663978e-10
4.330000000e-03,5.000000000e+00,4.999999760e+00,4.999999612e+00,-2.396454506e-10
4.335000000e-03,5.000000000e+00,4.999999765e+00,4.999999620e+00,-2.351119206e-10
4.340000000e-03,5.000000000e+00,4.999999769e+00,4.999999627e+00,-2.306641549e-10
4.345000000e-03,5.000000000e+00,4.999999774e+00,4.999999634e+00,-2.263005299e-10
4.350000000e-03,5.000000000e+00,4.999999778e+00,4.999999641e+00,-2.220194557e-10
4.355000000e-03,5.000000000e+00,4.999999782e+00,4.999999648e+00,-2.178193674e-10
4.360000000e-03,5.000000000e+00,4.999999786e+00,4.999999654e+00,-2.136987365e-10
4.365000000e-03,5.000000000e+00,4.999999790e+00,4.999999661e+00,-2.096560565e-10
4.370000000e-03,5.000000000e+00,4.999999794e+00,4.999999667e+00,-2.056898567e-10
4.375000000e-03,5.000000000e+00,4.999999798e+00,4.999999673e+00,-2.017986858e-10
4.380000000e-03,5.000000000e+00,4.999999802e+00,4.999999680e+00,-1.979811288e-10
4.385000000e-03,5.000000000e+00,4.999999806e+00,4.999999686e+00,-1.942357897e-10
4.390000000e-03,5.000000000e+00,4.999999809e+00,4.999999692e+00,-1.905613049e-10
4.395000000e-03,5.000000000e+00,4.999999813e+00,4.999999697e+00,-1.869563300e-10
4.400000000e-03,5.000000000e+00,4.999999817e+00,4.999999703e+00,-1.834195564e-10
4.405000000e-03,5.000000000e+00,4.999999820e+00,4.999999709e+00,-1.799496876e-10
4.410000000e-03,5.000000000e+00,4.999999823e+00,4.999999714e+00,-1.765454614e-10
4.415000000e-03,5.000000000e+00,4.999999827e+00,4.999999720e+00,-1.732056352e-10
4.420000000e-03,5.000000000e+00,4.999999830e+00,4.999999725e+00,-1.699289904e-10
4.425000000e-03,5.000000000e+00,4.999999833e+00,4.999999730e+00,-1.667143317e-10
4.430000000e-03,5.000000000e+00,4.999999836e+00,4.999999735e+00,-1.635604883e-10
4.435000000e-03,5.000000000e+00,4.999999840e+00,4.999999740e+00,-1.604663065e-10
4.440000000e-03,5.000000000e+00,4.999999843e+00,4.999999745e+00,-1.574306609e-10
4.445000000e-03,5.000000000e+00,4.999999846e+00,4.999999750e+00,-1.544524415e-10
4.450000000e-03,5.000000000e+00,4.999999848e+00,4.999999755e+00,-1.515305636e-10
4.455000000e-03,5.000000000e+00,4.999999851e+00,4.999999759e+00,-1.486639598e-10
4.460000000e-03,5.000000000e+00,4.999999854e+00,4.999999764e+00,-1.458515881e-10
4.465000000e-03,5.000000000e+00,4.999999857e+00,4.999999768e+00,-1.430924175e-10
4.470000000e-03,5.000000000e+00,4.999999860e+00,4.999999773e+00,-1.403854433e-10
4.475000000e-03,5.000000000e+00,4.999999862e+00,4.999999777e+00,-1.377296788e-10
4.480000000e-03,5.000000000e+00,4.999999865e+00,4.999999781e+00,-1.351241567e-10
4.485000000e-03,5.000000000e+00,4.999999867e+00,4.999999786e+00,-1.325679233e-10
4.490000000e-03,5.000000000e+00,4.999999870e+00,4.999999790e+00,-1.300600503e-10
4.495000000e-03,5.000000000e+00,4.999999872e+00,4.999999794e+00,-1.275996175e-10
4.500000000e-03,5.000000000e+00,4.999999875e+00,4.999999797e+00,-1.251857333e-10
4.505000000e-03,5.000000000e+00,4.999999877e+00,4.999999801e+00,-1.228175122e-10
4.510000000e-03,5.000000000e+00,4.999999880e+00,4.999999805e+00,-1.204940934e-10
4.515000000e-03,5.000000000e+00,4.999999882e+00,4.999999809e+00,-1.182146270e-10
4.520000000e-03,5.000000000e+00,4.999999884e+00,4.999999812e+00,-1.159782843e-10
4.525000000e-03,5.000000000e+00,4.999999886e+00,4.999999816e+00,-1.137842474e-10
4.530000000e-03,5.000000000e+00,4.999999888e+00,4.999999819e+00,-1.116317167e-10
4.535000000e-03,5.000000000e+00,4.999999890e+00,4.999999823e+00,-1.095199065e-10
4.540000000e-03,5.000000000e+00,4.999999893e+00,4.999999826e+00,-1.074480465e-10
4.545000000e-03,5.000000000e+00,4.999999895e+00,4.999999829e+00,-1.054153800e-10
4.550000000e-03,5.000000000e+00,4.999999897e+00,4.999999833e+00,-1.034211690e-10
4.555000000e-03,5.000000000e+00,4.999999899e+00,4.999999836e+00,-1.014646824e-10
4.560000000e-03,5.000000000e+00,4.999999900e+00,4.999999839e+00,-9.954520984e-11
4.565000000e-03,5.000000000e+00,4.999999902e+00,4.999999842e+00,-9.766204779e-11
4.570000000e-03,5.000000000e+00,4.999999904e+00,4.999999845e+00,-9.581451231e-11
4.575000000e-03,5.000000000e+00,4.999999906e+00,4.999999848e+00,-9.400192670e-11
4.580000000e-03,5.000000000e+00,4.999999908e+00,4.999999851e+00,-9.222363094e-11
4.585000000e-03,5.000000000e+00,4.999999910e+00,4.999999854e+00,-9.047897588e-11
4.590000000e-03,5.000000000e+00,4.999999911e+00,4.999999856e+00,-8.876732548e-11
4.595000000e-03,5.000000000e+00,4.999999913e+00,4.999999859e+00,-8.708805544e-11
4.600000000e-03,5.000000000e+00,4.999999915e+00,4.999999862e+00,-8.544055462e-11
4.605000000e-03,5.000000000e+00,4.999999916e+00,4.999999864e+00,-8.382421824e-11
4.610000000e-03,5.000000000e+00,4.999999918e+00,4.999999867e+00,-8.223846181e-11
4.615000000e-03,5.000000000e+00,4.999999919e+00,4.999999869e+00,-8.068270097e-11
4.620000000e-03,5.000000000e+00,4.999999921e+00,4.999999872e+00,-7.915637433e-11
4.625000000e-03,5.000000000e+00,4.999999922e+00,4.999999874e+00,-7.765892064e-11
4.630000000e-03,5.000000000e+00,4.999999924e+00,4.999999877e+00,-7.618979713e-11
4.635000000e-03,5.000000000e+00,4.999999925e+00,4.999999879e+00,-7.474846387e-11
4.640000000e-03,5.000000000e+00,4.999999927e+00,4.999999881e+00,-7.333439854e-11
4.645000000e-03,5.000000000e+00,4.999999928e+00,4.999999884e+00,-7.194708252e-11
4.650000000e-03,5.000000000e+00,4.999999929e+00,4.999999886e+00,-7.058601303e-11
4.655000000e-03,5.000000000e+00,4.999999931e+00,4.999999888e+00,-6.925069008e-11
4.660000000e-03,5.000000000e+00,4.999999932e+00,4.999999890e+00,-6.794063045e-11
4.665000000e-03,5.000000000e+00,4.999999933e+00,4.999999892e+00,-6.665535191e-11
4.670000000e-03,5.000000000e+00,4.999999935e+00,4.999999894e+00,-6.539439078e-11
4.675000000e-03,5.000000000e+00,4.999999936e+00,4.999999896e+00,-6.415728083e-11
4.680000000e-03,5.000000000e+00,4.999999937e+00,4.999999898e+00,-6.294357523e-11
4.685000000e-03,5.000000000e+00,4.999999938e+00,4.999999900e+00,-6.175282819e-11
4.690000000e-03,5.000000000e+00,4.999999939e+00,4.999999902e+00,-6.058461065e-11
4.695000000e-03,5.000000000e+00,4.999999941e+00,4.999999904e+00,-5.943849014e-11
4.700000000e-03,5.000000000e+00,4.999999942e+00,4.999999906e+00,-5.831405446e-11
4.705000000e-03,5.000000000e+00,4.999999943e+00,4.999999907e+00,-5.721088892e-11
4.710000000e-03,5.000000000e+00,4.999999944e+00,4.999999909e+00,-5.612859376e-11
4.715000000e-03,5.000000000e+00,4.999999945e+00,4.999999911e+00,-5.506677204e-11
4.720000000e-03,5.000000000e+00,4.999999946e+00,4.999999913e+00,-5.402503821e-11
4.725000000e-03,5.000000000e+00,4.999999947e+00,4.999999914e+00,-5.300300955e-11
4.730000000e-03,5.000000000e+00,4.999999948e+00,4.999999916e+00,-5.200031649e-11
4.735000000e-03,5.000000000e+00,4.999999949e+00,4.999999917e+00,-5.101659229e-11
4.740000000e-03,5.000000000e+00,4.999999950e+00,4.999999919e+00,-5.005147895e-11
4.745000000e-03,5.000000000e+00,4.999999951e+00,4.999999921e+00,-4.910462127e-11
4.750000000e-03,5.000000000e+00,4.999999952e+00,4.999999922e+00,-4.817567810e-11
4.755000000e-03,5.000000000e+00,4.999999953e+00,4.999999924e+00,-4.726430581e-11
4.760000000e-03,5.000000000e+00,4.999999954e+00,4.999999925e+00,-4.637017747e-11
4.765000000e-03,5.000000000e+00,4.999999955e+00,4.999999926e+00,-4.549296008e-11
4.770000000e-03,5.000000000e+00,4.999999955e+00,4.999999928e+00,-4.463234092e-11
4.775000000e-03,5.000000000e+00,4.999999956e+00,4.999999929e+00,-4.378799946e-11
4.780000000e-03,5.000000000e+00,4.999999957e+00,4.999999930e+00,-4.295963362e-11
4.785000000e-03,5.000000000e+00,4.999999958e+00,4.999999932e+00,-4.214693706e-11
4.790000000e-03,5.000000000e+00,4.999999959e+00,4.999999933e+00,-4.134961572e-11
4.795000000e-03,5.000000000e+00,4.999999959e+00,4.999999934e+00,-4.056737658e-11
4.800000000e-03,5.000000000e+00,4.999999960e+00,4.999999936e+00,-3.979993800e-11
4.805000000e-03,5.000000000e+00,4.999999961e+00,4.999999937e+00,-3.904701496e-11
4.810000000e-03,5.000000000e+00,4.999999962e+00,4.999999938e+00,-3.830833649e-11
4.815000000e-03,5.000000000e+00,4.999999962e+00,4.999999939e+00,-3.758363088e-11
4.820000000e-03,5.000000000e+00,4.999999963e+00,4.999999940e+00,-3.687263871e-11
4.825000000e-03,5.000000000e+00,4.999999964e+00,4.999999941e+00,-3.617509360e-11
4.830000000e-03,5.000000000e+00,4.999999965e+00,4.999999943e+00,-3.549074589e-11
4.835000000e-03,5.000000000e+00,4.999999965e+00,4.999999944e+00,-3.481934342e-11
4.840000000e-03,5.000000000e+00,4.999999966e+00,4.999999945e+00,-3.416064364e-11
4.845000000e-03,5.000000000e+00,4.999999966e+00,4.999999946e+00,-3.351440415e-11
4.850000000e-03,5.000000000e+00,4.999999967e+00,4.999999947e+00,-3.288039040e-11
4.855000000e-03,5.000000000e+00,4.999999968e+00,4.999999948e+00,-3.225836976e-11
4.860000000e-03,5.000000000e+00,4.999999968e+00,4.999999949e+00,-3.164811745e-11
4.865000000e-03,5.000000000e+00,4.999999969e+00,4.999999950e+00,-3.104940883e-11
4.870000000e-03,5.000000000e+00,4.999999970e+00,4.999999951e+00,-3.046202711e-11
4.875000000e-03,5.000000000e+00,4.999999970e+00,4.999999952e+00,-2.988575566e-11
4.880000000e-03,5.000000000e+00,4.999999971e+00,4.999999953e+00,-2.932038833e-11
4.885000000e-03,5.000000000e+00,4.999999971e+00,4.999999953e+00,-2.876571471e-11
4.890000000e-03,5.000000000e+00,4.999999972e+00,4.999999954e+00,-2.822153577e-11
4.895000000e-03,5.000000000e+00,4.999999972e+00,4.999999955e+00,-2.768764818e-11
4.900000000e-03,5.000000000e+00,4.999999973e+00,4.999999956e+00,-2.716386448e-11
4.905000000e-03,5.000000000e+00,4.999999973e+00,4.999999957e+00,-2.664998578e-11
4.910000000e-03,5.000000000e+00,4.999999974e+00,4.999999958e+00,-2.614583082e-11
4.915000000e-03,5.000000000e+00,4.999999974e+00,4.999999958e+00,-2.565121227e-11
4.920000000e-03,5.000000000e+00,4.999999975e+00,4.999999959e+00,-2.516595242e-11
4.925000000e-03,5.000000000e+00,4.999999975e+00,4.999999960e+00,-2.468987016e-11
4.930000000e-03,5.000000000e+00,4.999999976e+00,4.999999961e+00,-2.422279576e-11
4.935000000e-03,5.000000000e+00,4.999999976e+00,4.999999962e+00,-2.376455611e-11
4.940000000e-03,5.000000000e+00,4.999999977e+00,4.999999962e+00,-2.331498771e-11
4.945000000e-03,5.000000000e+00,4.999999977e+00,4.999999963e+00,-2.287392188e-11
4.950000000e-03,5.000000000e+00,4.999999978e+00,4.999999964e+00,-2.244120133e-11
4.955000000e-03,5.000000000e+00,4.999999978e+00,4.999999964e+00,-2.201666539e-11
4.960000000e-03,5.000000000e+00,4.999999978e+00,4.999999965e+00,-2.160016121e-11
4.965000000e-03,5.000000000e+00,4.999999979e+00,4.999999966e+00,-2.119153609e-11
4.970000000e-03,5.000000000e+00,4.999999979e+00,4.999999966e+00,-2.079064253e-11
4.975000000e-03,5.000000000e+00,4.999999980e+00,4.999999967e+00,-2.039733139e-11
4.980000000e-03,5.000000000e+00,4.999999980e+00,4.999999968e+00,-2.001146314e-11
4.985000000e-03,5.000000000e+00,4.999999980e+00,4.999999968e+00,-1.963289310e-11
4.990000000e-03,5.000000000e+00,4.999999981e+00,4.999999969e+00,-1.926148617e-11
4.995000000e-03,5.000000000e+00,4.999999981e+00,4.999999969e+00,-1.889710300e-11
5.000000000e-03,5.000000000e+00,4.999999981e+00,4.999999970e+00,-1.853961472e-11
